date,open,high,low,close,volume
2015-08-05 04:00:00,850.0,860.0,800.5,807.0,277139.0
2015-08-06 04:00:00,803.0,822.0,780.0,785.0,46972.56
2015-08-07 04:00:00,778.5,811.5,776.5,809.5,27977.7
2015-08-10 04:00:00,812.0,822.5,797.5,817.5,11394.14
2015-08-11 04:00:00,805.0,828.0,795.0,802.0,11797.24
2015-08-12 04:00:00,787.5,794.5,756.5,766.5,24495.84
2015-08-13 04:00:00,766.5,777.5,757.5,761.5,10271.92
2015-08-14 04:00:00,766.5,766.5,712.0,713.5,26288.14
2015-08-17 04:00:00,707.5,709.0,677.5,689.5,38168.34
2015-08-18 04:00:00,684.0,686.5,662.5,680.5,36106.2
2015-08-19 04:00:00,690.0,690.0,646.5,647.0,47953.92
2015-08-20 04:00:00,635.0,644.5,626.005,640.0,28603.44
2015-08-21 04:00:00,635.0,687.5,625.0,678.0,46522.5
2015-08-24 04:00:00,622.5,646.0,619.0,625.5,12870.46
2015-08-25 04:00:00,633.0,654.0,615.5,617.5,6575.18
2015-08-26 04:00:00,625.5,637.875,617.505,632.5,8291.06
2015-08-27 04:00:00,638.5,656.0,601.5,649.0,11139.92
2015-08-28 04:00:00,649.0,675.5,636.0,665.5,8314.1
2015-08-31 04:00:00,672.5,677.0,655.5,659.0,4266.98
2015-09-01 04:00:00,645.0,657.0,603.0,618.5,13637.38
2015-09-02 04:00:00,637.0,641.5,621.5,622.5,7032.18
2015-09-03 04:00:00,616.5,632.5,606.5,620.0,2863.08
2015-09-04 04:00:00,607.5,620.0,601.0,613.5,3148.56
2015-09-08 04:00:00,615.0,642.0,615.0,639.0,4561.1
2015-09-09 04:00:00,652.5,654.0,630.0,652.0,4707.94
2015-09-10 04:00:00,641.0,658.5,638.5,653.5,3870.98
2015-09-11 04:00:00,632.0,652.5,615.0,648.0,3870.2
2015-09-14 04:00:00,655.0,655.0,624.5,635.0,7291.28
2015-09-15 04:00:00,649.5,652.5,622.0,641.0,3249.74
2015-09-16 04:00:00,645.0,667.5,625.0,653.0,8597.28
2015-09-17 04:00:00,643.0,658.0,638.5,645.0,4770.02
2015-09-18 04:00:00,643.5,651.0,620.5,621.5,14391.72
2015-09-21 04:00:00,631.5,645.5,618.5,624.5,1899.96
2015-09-22 04:00:00,617.5,626.0,597.0,609.0,4793.68
2015-09-23 04:00:00,605.0,605.5,588.8,599.5,4484.38
2015-09-24 04:00:00,595.5,595.5,545.5,552.5,18691.12
2015-09-25 04:00:00,548.5,551.1,504.5,527.5,8262.94
2015-09-28 04:00:00,533.0,533.0,507.5,509.5,8318.8
2015-09-29 04:00:00,511.5,521.25,500.0,507.0,6420.82
2015-09-30 04:00:00,510.5,540.0,502.5,535.5,55715.14
2015-10-01 04:00:00,534.5,553.0,519.0,532.0,10870.94
2015-10-02 04:00:00,530.0,540.6,524.5,529.0,5756.3
2015-10-05 04:00:00,534.0,548.0,527.5,540.5,7960.5
2015-10-06 04:00:00,537.5,537.5,522.5,526.5,7116.56
2015-10-07 04:00:00,532.0,534.5,517.5,522.0,7029.54
2015-10-08 04:00:00,519.0,598.5,517.8,579.5,19051.34
2015-10-09 04:00:00,580.5,614.0,570.0,607.5,10482.2
2015-10-12 04:00:00,606.5,613.5,593.0,604.0,2598.54
2015-10-13 04:00:00,598.5,603.0,597.0,601.0,2092.48
2015-10-14 04:00:00,599.5,605.5,592.0,602.5,8315.36
2015-10-15 04:00:00,606.5,618.0,601.0,612.0,3898.66
2015-10-16 04:00:00,612.0,624.7,607.5,618.5,2254.14
2015-10-19 04:00:00,616.0,623.2,598.5,607.0,2042.8
2015-10-20 04:00:00,606.0,614.3,597.5,607.0,2160.48
2015-10-21 04:00:00,610.0,612.4,596.5,602.5,3404.04
2015-10-22 04:00:00,605.5,613.5,598.0,605.0,5992.4
2015-10-23 04:00:00,610.5,624.5,609.0,617.5,10115.8
2015-10-26 04:00:00,615.0,630.0,615.0,623.5,6958.58
2015-10-27 04:00:00,618.5,625.0,603.5,611.5,13913.1
2015-10-28 04:00:00,613.5,622.3,607.5,619.5,5968.62
2015-10-29 04:00:00,617.0,619.5,606.5,617.0,3168.08
2015-10-30 04:00:00,617.0,619.5,599.5,604.0,4394.9
2015-11-02 05:00:00,603.5,618.5,602.5,611.0,4320.6
2015-11-03 05:00:00,608.5,642.0,608.5,632.5,7360.22
2015-11-04 05:00:00,634.5,640.5,607.0,613.5,2883.24
2015-11-05 05:00:00,613.5,629.5,613.5,622.0,3559.78
2015-11-06 05:00:00,603.5,623.5,583.055,619.0,5745.68
2015-11-09 05:00:00,672.0,672.0,634.0,644.5,8036.5
2015-11-10 05:00:00,643.5,647.0,609.0,617.0,3566.24
2015-11-11 05:00:00,621.0,629.5,617.5,627.0,2912.26
2015-11-12 05:00:00,622.0,622.0,588.0,604.5,6137.36
2015-11-13 05:00:00,601.0,612.5,598.0,610.0,4345.28
2015-11-16 05:00:00,611.0,617.5,606.5,612.5,1528.26
2015-11-17 05:00:00,615.0,615.5,593.0,600.0,1977.7
2015-11-18 05:00:00,600.0,609.995,581.0,586.0,2712.24
2015-11-19 05:00:00,586.0,598.5,582.0,593.0,1130.92
2015-11-20 05:00:00,597.0,613.0,581.5,602.0,5462.5
2015-11-23 05:00:00,598.5,603.5,585.0,602.5,1865.44
2015-11-24 05:00:00,597.0,608.0,588.5,606.0,1276.3
2015-11-25 05:00:00,608.0,622.5,606.0,621.5,1477.5
2015-11-27 05:00:00,620.5,629.5,607.0,614.5,894.4
2015-11-30 05:00:00,618.0,643.0,614.5,627.5,4605.54
2015-12-01 05:00:00,631.5,631.5,604.505,619.5,1956.54
2015-12-02 05:00:00,617.5,636.0,598.0,603.0,5718.9
2015-12-03 05:00:00,605.0,614.5,598.0,601.0,2319.0
2015-12-04 05:00:00,598.5,610.5,596.0,605.0,1017.76
2015-12-07 05:00:00,603.0,615.0,597.2,599.0,2542.98
2015-12-08 05:00:00,591.0,601.0,585.0,589.0,2816.38
2015-12-09 05:00:00,586.0,595.0,584.5,586.0,2268.12
2015-12-10 05:00:00,583.5,597.5,583.5,591.5,1977.78
2015-12-11 05:00:00,581.0,595.5,574.0,575.5,3236.74
2015-12-14 05:00:00,573.5,582.25,565.0,567.5,7522.22
2015-12-15 05:00:00,570.5,576.0,537.0,540.5,7049.88
2015-12-16 05:00:00,543.0,553.0,536.0,541.0,5310.94
2015-12-17 05:00:00,542.5,547.5,531.0,536.0,4463.12
2015-12-18 05:00:00,533.0,541.0,513.5,520.0,10473.72
2015-12-21 05:00:00,527.0,527.5,514.5,520.5,2819.14
2015-12-22 05:00:00,521.5,534.0,512.0,531.0,7150.72
2015-12-23 05:00:00,535.0,540.5,528.0,529.5,1772.28
2015-12-24 05:00:00,531.0,540.0,525.0,536.5,1702.72
2015-12-28 05:00:00,532.5,537.0,525.5,534.5,2718.26
2015-12-29 05:00:00,537.5,559.0,534.0,545.0,3993.1
2015-12-30 05:00:00,543.0,574.5,541.0,557.5,3103.18
2015-12-31 05:00:00,554.0,579.5,550.5,576.0,4504.96
2016-01-04 05:00:00,569.5,572.25,543.0,552.0,6774.3
2016-01-05 05:00:00,551.5,558.5,523.5,534.5,4592.36
2016-01-06 05:00:00,527.0,550.0,527.0,537.5,4016.42
2016-01-07 05:00:00,526.5,536.0,512.0,530.0,4417.2
2016-01-08 05:00:00,532.5,532.5,501.0,509.0,9672.74
2016-01-11 05:00:00,508.5,509.0,465.0,471.5,12739.86
2016-01-12 05:00:00,475.5,490.5,457.5,488.0,7947.96
2016-01-13 05:00:00,492.5,517.5,472.5,486.5,65110.42
2016-01-14 05:00:00,490.5,519.5,484.005,513.5,15055.02
2016-01-15 05:00:00,500.0,537.0,474.0,517.5,11650.44
2016-01-19 05:00:00,520.0,527.5,507.5,520.0,15501.78
2016-01-20 05:00:00,512.5,527.5,504.0,522.0,5650.08
2016-01-21 05:00:00,521.5,535.5,513.0,514.0,7155.08
2016-01-22 05:00:00,523.0,528.0,513.0,528.0,4828.38
2016-01-25 05:00:00,521.0,528.0,501.0,519.5,33116.14
2016-01-26 05:00:00,523.5,547.0,523.5,536.5,8612.96
2016-01-27 05:00:00,534.0,540.5,531.0,533.5,4906.58
2016-01-28 05:00:00,540.0,541.5,526.0,529.0,3204.26
2016-01-29 05:00:00,528.0,540.0,527.0,540.0,8849.26
2016-02-01 05:00:00,536.5,555.0,523.0,553.0,15302.08
2016-02-02 05:00:00,547.0,562.0,542.5,560.5,9366.5
2016-02-03 05:00:00,562.5,573.5,548.0,565.5,13665.14
2016-02-04 05:00:00,565.0,581.5,557.5,566.5,6471.12
2016-02-05 05:00:00,563.5,570.5,539.0,541.5,5610.56
2016-02-08 05:00:00,535.5,540.5,520.0,523.0,4598.7
2016-02-09 05:00:00,516.5,518.15,465.0,490.5,6616.48
2016-02-10 05:00:00,493.5,509.5,491.5,499.0,3327.84
2016-02-11 05:00:00,491.0,495.5,472.5,473.5,4669.7
2016-02-12 05:00:00,478.0,526.0,474.0,502.5,6927.54
2016-02-16 05:00:00,507.0,507.5,494.0,500.0,6679.32
2016-02-17 05:00:00,503.5,534.5,500.0,528.5,11669.04
2016-02-18 05:00:00,528.0,530.0,508.0,510.5,4616.78
2016-02-19 05:00:00,509.5,514.0,494.0,507.0,12064.84
2016-02-22 05:00:00,511.5,524.5,506.5,508.0,3867.98
2016-02-23 05:00:00,505.5,511.5,485.5,492.0,6261.44
2016-02-24 05:00:00,486.0,511.0,484.5,502.5,5339.76
2016-02-25 05:00:00,504.5,536.0,503.0,524.0,7063.88
2016-02-26 05:00:00,526.0,541.0,515.0,516.5,5278.64
2016-02-29 05:00:00,515.0,530.5,511.5,514.5,5318.6
2016-03-01 05:00:00,519.0,536.5,515.0,520.5,4271.84
2016-03-02 05:00:00,512.5,525.0,504.0,518.0,6873.98
2016-03-03 05:00:00,515.5,545.5,515.5,538.5,6539.58
2016-03-04 05:00:00,540.0,574.0,537.0,555.5,13932.92
2016-03-07 05:00:00,556.0,599.0,555.0,592.5,12155.7
2016-03-08 05:00:00,584.0,599.5,559.5,583.0,24863.88
2016-03-09 05:00:00,654.5,654.5,551.0,557.5,44857.8
2016-03-10 05:00:00,563.0,599.0,548.0,596.0,21867.1
2016-03-11 05:00:00,639.0,647.5,615.0,635.0,27131.72
2016-03-14 04:00:00,632.5,650.0,625.0,642.0,21128.92
2016-03-15 04:00:00,642.5,655.0,635.0,644.0,7912.84
2016-03-16 04:00:00,653.0,662.495,637.25,646.0,18374.04
2016-03-17 04:00:00,643.0,657.5,639.5,648.0,14580.1
2016-03-18 04:00:00,651.5,659.0,643.75,649.0,29703.22
2016-03-21 04:00:00,651.5,657.0,645.5,651.5,11191.48
2016-03-22 04:00:00,650.0,681.0,647.0,668.5,16714.5
2016-03-23 04:00:00,669.0,696.0,661.5,686.0,25970.06
2016-03-24 04:00:00,684.5,694.5,674.0,692.5,19462.18
2016-03-28 04:00:00,696.5,700.995,676.0,680.0,12652.66
2016-03-29 04:00:00,684.0,698.0,680.0,694.0,25199.28
2016-03-30 04:00:00,703.0,706.25,688.075,695.0,15729.7
2016-03-31 04:00:00,695.5,734.5,691.0,716.0,28157.86
2016-04-01 04:00:00,712.5,741.0,708.0,740.0,10833.08
2016-04-04 04:00:00,743.0,746.5,725.5,743.0,15992.72
2016-04-05 04:00:00,741.0,743.0,715.65,731.5,20644.18
2016-04-06 04:00:00,735.0,745.0,735.0,745.0,14991.82
2016-04-07 04:00:00,757.0,763.0,731.5,737.0,15045.86
2016-04-08 04:00:00,741.0,741.0,706.0,720.5,11907.7
2016-04-11 04:00:00,722.5,731.6,698.0,699.0,7952.0
2016-04-12 04:00:00,699.0,708.0,677.5,707.0,13492.12
2016-04-13 04:00:00,710.5,735.0,710.0,730.5,7764.46
2016-04-14 04:00:00,737.5,737.5,712.0,714.0,6341.9
2016-04-15 04:00:00,713.0,721.5,705.0,720.0,3543.68
2016-04-18 04:00:00,715.5,739.5,712.0,732.5,5889.44
2016-04-19 04:00:00,735.0,747.0,731.0,741.0,7014.7
2016-04-20 04:00:00,740.5,744.96,732.5,736.5,7811.22
2016-04-21 04:00:00,737.0,737.0,715.0,725.0,7807.4
2016-04-22 04:00:00,725.0,740.0,722.0,740.0,4767.7
2016-04-25 04:00:00,739.0,792.0,732.5,755.0,22485.52
2016-04-26 04:00:00,758.0,760.0,737.0,757.0,10769.46
2016-04-27 04:00:00,774.0,789.0,757.5,768.0,14921.12
2016-04-28 04:00:00,766.0,779.705,762.0,768.0,11344.24
2016-04-29 04:00:00,765.0,777.5,761.005,770.5,11114.78
2016-05-02 04:00:00,773.0,799.0,768.5,771.0,28081.08
2016-05-03 04:00:00,716.5,738.5,689.0,725.5,37956.86
2016-05-04 04:00:00,725.0,757.5,723.75,732.0,13024.04
2016-05-05 04:00:00,728.0,740.25,711.0,714.0,15738.72
2016-05-06 04:00:00,701.5,709.5,635.5,658.0,26132.38
2016-05-09 04:00:00,653.0,668.0,652.5,654.0,10235.12
2016-05-10 04:00:00,656.5,673.0,652.0,665.5,16067.48
2016-05-11 04:00:00,665.5,692.495,665.5,672.5,14379.06
2016-05-12 04:00:00,676.5,689.0,652.0,655.5,10760.56
2016-05-13 04:00:00,656.0,658.5,636.5,641.5,13676.78
2016-05-16 04:00:00,645.0,654.0,638.5,644.0,7155.28
2016-05-17 04:00:00,622.0,629.5,604.5,613.0,27299.88
2016-05-18 04:00:00,608.5,618.5,594.5,609.0,18621.34
2016-05-19 04:00:00,612.5,622.5,597.5,601.0,33938.68
2016-05-20 04:00:00,636.0,691.505,621.5,680.5,151781.54
2016-05-23 04:00:00,676.0,676.0,635.5,637.5,31741.42
2016-05-24 04:00:00,639.5,649.0,629.5,631.0,22872.4
2016-05-25 04:00:00,629.5,646.0,620.0,639.5,13850.86
2016-05-26 04:00:00,643.5,654.5,637.5,645.0,10582.7
2016-05-27 04:00:00,645.0,665.5,642.5,644.5,22331.42
2016-05-31 04:00:00,645.0,656.0,644.5,652.5,14774.12
2016-06-01 04:00:00,651.5,672.0,642.5,671.5,11356.84
2016-06-02 04:00:00,670.0,681.5,666.25,675.0,11501.28
2016-06-03 04:00:00,674.5,674.5,651.5,656.5,8368.28
2016-06-06 04:00:00,657.0,661.0,645.5,651.0,4705.06
2016-06-07 04:00:00,644.0,671.5,641.5,666.5,8708.48
2016-06-08 04:00:00,665.5,669.0,657.5,658.0,7727.44
2016-06-09 04:00:00,657.5,667.5,649.5,666.5,8412.38
2016-06-10 04:00:00,659.5,670.0,640.0,642.0,9309.02
2016-06-13 04:00:00,638.0,651.495,631.5,634.5,10090.52
2016-06-14 04:00:00,632.0,650.0,610.5,620.0,18989.46
2016-06-15 04:00:00,620.5,645.0,616.5,632.0,9743.24
2016-06-16 04:00:00,628.5,642.0,626.0,640.0,8374.92
2016-06-17 04:00:00,642.0,661.0,632.0,660.5,16228.22
2016-06-20 04:00:00,664.5,683.0,659.5,678.0,18834.3
2016-06-21 04:00:00,681.0,718.5,675.0,716.5,28657.68
2016-06-22 04:00:00,716.5,722.0,702.0,715.0,19776.58
2016-06-23 04:00:00,721.5,752.0,717.5,752.0,17318.24
2016-06-24 04:00:00,731.0,738.0,706.0,721.0,50209.06
2016-06-27 04:00:00,703.0,715.5,681.5,701.5,14513.38
2016-06-28 04:00:00,709.5,718.0,697.5,708.5,12503.24
2016-06-29 04:00:00,718.0,727.0,710.0,713.0,8195.66
2016-06-30 04:00:00,716.0,740.0,712.5,737.5,9928.2
2016-07-01 04:00:00,739.5,744.0,716.0,726.5,5650.7
2016-07-05 04:00:00,720.0,733.0,717.5,718.0,5037.04
2016-07-06 04:00:00,716.0,739.885,716.0,737.5,6249.44
2016-07-07 04:00:00,750.5,780.0,739.5,752.5,28282.5
2016-07-08 04:00:00,758.5,794.5,743.5,793.0,12468.6
2016-07-11 04:00:00,798.5,833.0,788.0,799.5,17536.26
2016-07-12 04:00:00,802.5,810.0,788.5,793.0,12805.1
2016-07-13 04:00:00,798.5,799.5,769.5,778.5,9058.32
2016-07-14 04:00:00,779.5,788.0,770.0,778.0,7541.48
2016-07-15 04:00:00,780.0,784.5,767.5,783.5,12178.64
2016-07-18 04:00:00,785.5,790.0,777.5,788.5,12527.0
2016-07-19 04:00:00,790.5,792.5,776.5,786.0,10949.02
2016-07-20 04:00:00,787.0,789.5,776.5,781.0,9412.32
2016-07-21 04:00:00,779.5,789.0,776.0,784.5,9877.4
2016-07-22 04:00:00,787.5,791.0,776.0,788.0,9283.74
2016-07-25 04:00:00,788.0,790.0,779.0,785.0,5439.46
2016-07-26 04:00:00,784.5,787.5,774.5,783.0,6689.64
2016-07-27 04:00:00,782.5,782.5,757.5,772.5,11571.02
2016-07-28 04:00:00,774.0,774.0,745.5,749.5,17158.94
2016-07-29 04:00:00,746.0,753.0,708.5,713.0,22971.22
2016-08-01 04:00:00,712.5,715.0,701.0,702.5,9806.64
2016-08-02 04:00:00,702.5,705.0,688.0,691.5,11712.0
2016-08-03 04:00:00,692.5,722.5,688.75,717.5,12598.68
2016-08-04 04:00:00,716.0,725.0,714.0,719.5,9479.16
2016-08-05 04:00:00,723.5,723.5,682.5,688.5,34175.22
2016-08-08 04:00:00,710.0,757.0,705.0,713.0,39218.28
2016-08-09 04:00:00,721.5,728.0,690.0,695.0,17104.2
2016-08-10 04:00:00,698.0,709.5,688.5,690.5,9769.56
2016-08-11 04:00:00,689.5,697.0,667.5,689.5,20261.46
2016-08-12 04:00:00,687.0,731.5,687.0,728.5,12015.54
2016-08-15 04:00:00,733.0,759.5,730.5,759.5,17181.84
2016-08-16 04:00:00,758.5,774.5,752.5,774.0,25971.96
2016-08-17 04:00:00,772.5,776.5,761.5,770.5,21463.86
2016-08-18 04:00:00,769.0,783.0,766.0,781.5,11824.12
2016-08-19 04:00:00,781.5,798.0,776.0,788.0,12423.38
2016-08-22 04:00:00,787.5,806.5,785.5,802.0,7454.36
2016-08-23 04:00:00,804.0,804.0,787.0,792.5,13103.8
2016-08-24 04:00:00,794.5,799.5,781.5,786.5,10518.78
2016-08-25 04:00:00,785.0,793.0,779.5,789.5,5798.8
2016-08-26 04:00:00,793.5,819.0,784.5,811.5,13282.16
2016-08-29 04:00:00,811.5,823.5,808.0,815.0,14211.2
2016-08-30 04:00:00,816.5,852.0,816.5,830.5,26900.34
2016-08-31 04:00:00,834.5,850.0,812.5,846.5,12813.52
2016-09-01 04:00:00,847.5,854.45,828.0,839.5,7022.2
2016-09-02 04:00:00,847.5,876.495,841.5,847.5,9682.26
2016-09-06 04:00:00,847.0,854.5,835.0,854.0,14918.08
2016-09-07 04:00:00,857.0,865.0,833.5,845.0,11397.78
2016-09-08 04:00:00,843.0,850.5,830.5,846.0,15559.72
2016-09-09 04:00:00,834.5,834.5,807.5,808.0,9662.74
2016-09-12 04:00:00,805.5,825.5,789.41,823.5,14884.42
2016-09-13 04:00:00,812.5,820.5,803.5,816.5,21069.6
2016-09-14 04:00:00,816.5,822.0,803.675,818.5,8961.52
2016-09-15 04:00:00,819.0,835.5,811.5,835.0,7813.68
2016-09-16 04:00:00,832.0,843.5,825.0,833.0,11744.38
2016-09-19 04:00:00,835.5,846.5,828.0,835.5,8335.96
2016-09-20 04:00:00,840.5,850.0,833.0,833.5,11926.24
2016-09-21 04:00:00,836.5,844.0,814.0,833.0,20730.12
2016-09-22 04:00:00,836.0,848.0,830.0,834.0,22433.62
2016-09-23 04:00:00,833.0,840.0,793.0,794.0,20374.08
2016-09-26 04:00:00,794.0,803.0,785.5,795.5,11279.32
2016-09-27 04:00:00,799.5,812.5,786.5,811.5,12980.9
2016-09-28 04:00:00,810.0,816.5,784.19,799.5,13751.22
2016-09-29 04:00:00,796.5,802.5,781.5,788.5,12400.08
2016-09-30 04:00:00,793.5,820.5,784.5,810.0,26259.1
2016-10-03 04:00:00,810.0,810.0,790.0,799.5,10333.14
2016-10-04 04:00:00,796.5,804.0,785.0,792.5,10875.12
2016-10-05 04:00:00,793.5,803.0,787.0,795.5,11170.58
2016-10-06 04:00:00,794.0,796.0,775.25,787.0,14675.58
2016-10-07 04:00:00,785.0,793.5,772.0,776.5,17123.22
2016-10-10 04:00:00,776.5,791.5,773.56,787.5,5964.6
2016-10-11 04:00:00,788.5,790.0,772.75,779.5,6225.54
2016-10-12 04:00:00,781.0,788.0,770.5,781.0,7087.76
2016-10-13 04:00:00,775.0,779.0,762.5,772.5,7129.02
2016-10-14 04:00:00,745.0,762.5,727.0,748.0,26295.64
2016-10-17 04:00:00,743.5,760.705,741.5,758.0,7613.68
2016-10-18 04:00:00,766.5,777.0,750.0,752.0,9253.96
2016-10-19 04:00:00,754.0,766.0,743.5,762.5,8138.32
2016-10-20 04:00:00,761.5,788.0,761.5,767.0,10464.8
2016-10-21 04:00:00,764.5,767.0,745.5,756.0,5980.96
2016-10-24 04:00:00,761.0,763.0,749.5,757.5,5953.42
2016-10-25 04:00:00,754.5,763.0,740.5,744.5,4602.1
2016-10-26 04:00:00,744.0,751.5,734.0,739.0,18103.46
2016-10-27 04:00:00,743.0,745.44,718.0,723.5,13401.92
2016-10-28 04:00:00,722.5,727.75,712.5,719.0,20376.16
2016-10-31 04:00:00,717.0,726.5,710.0,724.5,8462.64
2016-11-01 04:00:00,722.0,732.0,702.5,709.0,10337.94
2016-11-02 04:00:00,710.5,719.0,683.0,691.0,12186.02
2016-11-03 04:00:00,692.5,707.0,692.0,698.0,9213.56
2016-11-04 04:00:00,699.0,715.5,693.5,700.0,6443.66
2016-11-07 05:00:00,713.0,720.0,706.5,718.0,5993.84
2016-11-08 05:00:00,714.5,723.5,705.5,713.0,8311.14
2016-11-09 05:00:00,705.0,721.0,692.5,715.0,11633.72
2016-11-10 05:00:00,722.5,725.5,699.0,717.0,10209.76
2016-11-11 05:00:00,712.0,713.0,693.5,700.0,14507.56
2016-11-14 05:00:00,702.5,709.5,670.5,673.5,29372.2
2016-11-15 05:00:00,521.5,545.0,496.0,509.5,218966.0
2016-11-16 05:00:00,512.5,520.5,502.5,517.0,55738.96
2016-11-17 05:00:00,518.0,520.0,494.5,500.5,47813.18
2016-11-18 05:00:00,500.0,504.5,485.51,492.0,26488.9
2016-11-21 05:00:00,494.0,497.495,481.5,487.0,18157.92
2016-11-22 05:00:00,486.5,489.5,480.5,482.5,14829.2
2016-11-23 05:00:00,480.5,487.5,477.5,484.5,14907.66
2016-11-25 05:00:00,486.0,490.0,477.0,477.5,6634.22
2016-11-28 05:00:00,477.0,477.5,463.0,471.5,16278.16
2016-11-29 05:00:00,470.0,481.5,462.0,478.0,15865.28
2016-11-30 05:00:00,481.5,483.0,473.5,475.0,17015.12
2016-12-01 05:00:00,477.5,478.0,458.0,469.0,21159.18
2016-12-02 05:00:00,466.5,471.0,461.0,471.0,21599.58
2016-12-05 05:00:00,467.5,480.5,466.0,477.5,23229.18
2016-12-06 05:00:00,477.0,479.0,464.0,469.5,27748.4
2016-12-07 05:00:00,469.5,476.0,467.5,473.0,9825.38
2016-12-08 05:00:00,471.5,502.0,470.25,485.0,16466.24
2016-12-09 05:00:00,487.5,490.53,473.5,477.5,10293.4
2016-12-12 05:00:00,476.5,480.77,462.5,465.0,15213.36
2016-12-13 05:00:00,470.0,476.0,460.5,467.5,18423.32
2016-12-14 05:00:00,465.5,469.0,456.5,463.0,22139.42
2016-12-15 05:00:00,464.5,472.0,459.5,466.5,13047.9
2016-12-16 05:00:00,469.5,481.75,469.0,475.5,11522.7
2016-12-19 05:00:00,472.5,481.75,462.5,470.0,10888.24
2016-12-20 05:00:00,465.0,477.0,460.0,472.0,16254.74
2016-12-21 05:00:00,466.5,473.0,450.5,456.0,13665.7
2016-12-22 05:00:00,454.0,460.0,443.0,450.5,20275.36
2016-12-23 05:00:00,450.0,468.5,447.5,455.0,12438.06
2016-12-27 05:00:00,453.0,454.0,446.0,446.5,7657.06
2016-12-28 05:00:00,447.5,451.5,439.75,441.5,8621.12
2016-12-29 05:00:00,441.5,450.0,439.0,443.5,12274.84
2016-12-30 05:00:00,442.0,461.0,438.0,440.5,14602.76
2017-01-03 05:00:00,450.0,461.0,441.5,460.5,13103.42
2017-01-04 05:00:00,462.0,479.5,459.5,477.0,13767.8
2017-01-05 05:00:00,473.5,490.0,471.5,485.5,11957.74
2017-01-06 05:00:00,485.0,489.5,477.0,477.5,9491.02
2017-01-09 05:00:00,477.0,481.5,469.5,481.0,13664.8
2017-01-10 05:00:00,483.0,507.5,483.0,505.0,15129.66
2017-01-11 05:00:00,524.5,531.0,509.5,526.0,15740.96
2017-01-12 05:00:00,520.0,532.0,507.0,527.5,10702.76
2017-01-13 05:00:00,529.5,567.5,526.5,567.5,16788.34
2017-01-17 05:00:00,562.5,563.5,546.5,553.5,10701.56
2017-01-18 05:00:00,551.5,559.0,541.0,549.0,10783.54
2017-01-19 05:00:00,549.0,553.0,544.75,551.5,9692.96
2017-01-20 05:00:00,550.0,562.0,546.5,548.0,9102.82
2017-01-23 05:00:00,547.0,548.0,534.0,542.0,8919.0
2017-01-24 05:00:00,543.5,543.5,518.5,523.5,22318.72
2017-01-25 05:00:00,523.0,526.5,504.0,513.0,15977.92
2017-01-26 05:00:00,511.0,514.5,500.0,500.5,8492.4
2017-01-27 05:00:00,500.0,501.5,491.0,495.5,8693.92
2017-01-30 05:00:00,493.0,493.0,478.05,480.0,10726.72
2017-01-31 05:00:00,477.5,482.0,474.5,481.5,14968.82
2017-02-01 05:00:00,481.5,506.54,479.0,502.5,14420.58
2017-02-02 05:00:00,499.5,515.5,499.5,509.0,8740.1
2017-02-03 05:00:00,511.5,517.25,507.5,513.0,5390.14
2017-02-06 05:00:00,512.5,514.5,496.5,499.5,6720.72
2017-02-07 05:00:00,499.0,508.5,496.0,501.5,6132.46
2017-02-08 05:00:00,501.0,509.0,497.0,498.5,5040.92
2017-02-09 05:00:00,496.5,503.5,494.5,497.5,11213.9
2017-02-10 05:00:00,498.0,513.0,497.0,509.5,4438.12
2017-02-13 05:00:00,508.0,514.5,500.0,512.0,7635.58
2017-02-14 05:00:00,513.0,517.0,507.0,513.0,6080.46
2017-02-15 05:00:00,512.0,519.5,507.0,517.5,4973.54
2017-02-16 05:00:00,517.0,518.5,501.0,505.0,4914.6
2017-02-17 05:00:00,506.0,520.0,500.0,513.5,4757.76
2017-02-21 05:00:00,515.5,524.5,510.0,523.0,8638.56
2017-02-22 05:00:00,520.5,522.75,507.5,510.0,4764.82
2017-02-23 05:00:00,511.5,517.75,505.995,512.5,6174.42
2017-02-24 05:00:00,509.0,515.0,504.0,513.0,3039.44
2017-02-27 05:00:00,510.5,513.0,501.0,508.5,5290.2
2017-02-28 05:00:00,508.5,513.5,500.0,501.0,6972.42
2017-03-01 05:00:00,504.0,505.5,480.0,496.0,9588.34
2017-03-02 05:00:00,496.0,500.0,490.0,492.0,11791.26
2017-03-03 05:00:00,491.5,496.0,491.5,492.5,13666.58
2017-03-06 05:00:00,488.5,496.5,453.5,460.5,22939.1
2017-03-07 05:00:00,461.0,471.5,459.75,467.0,13748.04
2017-03-08 05:00:00,468.5,476.0,442.0,447.5,26058.82
2017-03-09 05:00:00,443.0,450.75,412.5,430.0,35279.44
2017-03-10 05:00:00,431.5,433.0,417.5,419.0,9720.4
2017-03-13 04:00:00,419.0,422.5,397.0,402.0,17143.38
2017-03-14 04:00:00,402.0,407.5,393.0,399.5,19028.64
2017-03-15 04:00:00,400.5,420.0,396.0,414.5,15612.1
2017-03-16 04:00:00,414.0,419.0,408.0,409.5,12952.76
2017-03-17 04:00:00,411.0,419.0,410.0,418.5,11029.52
2017-03-20 04:00:00,416.0,418.5,409.0,412.0,6236.72
2017-03-21 04:00:00,412.5,419.5,404.5,413.0,9493.12
2017-03-22 04:00:00,413.0,418.0,409.5,417.0,10069.74
2017-03-23 04:00:00,416.0,429.0,410.5,422.0,8308.42
2017-03-24 04:00:00,425.0,427.0,419.5,421.0,5838.74
2017-03-27 04:00:00,418.5,423.5,415.5,420.5,4314.36
2017-03-28 04:00:00,419.0,422.0,412.5,416.0,7053.78
2017-03-29 04:00:00,417.5,431.5,416.5,425.5,6713.38
2017-03-30 04:00:00,426.0,428.505,412.5,415.0,5011.26
2017-03-31 04:00:00,415.5,430.625,413.0,420.0,11647.3
2017-04-03 04:00:00,421.0,428.0,418.0,426.0,8879.46
2017-04-04 04:00:00,426.5,429.0,414.5,427.5,11828.38
2017-04-05 04:00:00,428.5,432.5,421.5,423.0,7131.96
2017-04-06 04:00:00,423.5,423.5,414.0,417.5,4909.18
2017-04-07 04:00:00,417.5,433.5,416.5,432.0,13157.2
2017-04-10 04:00:00,434.0,440.0,425.5,435.0,10175.46
2017-04-11 04:00:00,445.0,456.95,439.5,450.5,16265.44
2017-04-12 04:00:00,451.0,451.48,437.0,444.5,7332.06
2017-04-13 04:00:00,445.0,445.0,436.0,440.5,5017.94
2017-04-17 04:00:00,441.5,444.5,437.24,444.0,2793.54
2017-04-18 04:00:00,442.5,448.0,433.0,446.5,5668.3
2017-04-19 04:00:00,452.0,477.0,452.0,457.5,10404.12
2017-04-20 04:00:00,455.5,457.75,435.5,440.5,8766.42
2017-04-21 04:00:00,441.5,441.5,424.0,425.0,12303.54
2017-04-24 04:00:00,428.0,437.0,420.0,432.0,6807.16
2017-04-25 04:00:00,432.0,450.0,432.0,446.0,6395.16
2017-04-26 04:00:00,446.5,456.5,441.5,448.5,5589.96
2017-04-27 04:00:00,449.5,449.5,435.5,440.0,5977.78
2017-04-28 04:00:00,437.5,450.0,431.0,450.0,4436.98
2017-05-01 04:00:00,448.0,450.0,436.0,438.0,7276.58
2017-05-02 04:00:00,438.5,444.5,431.5,443.5,6901.06
2017-05-03 04:00:00,439.5,444.0,433.5,437.5,6126.96
2017-05-04 04:00:00,435.5,438.5,428.5,432.0,2973.52
2017-05-05 04:00:00,434.5,517.5,434.5,478.5,16530.94
2017-05-08 04:00:00,474.5,478.8,415.0,429.5,20840.56
2017-05-09 04:00:00,425.5,440.5,419.16,433.0,9716.74
2017-05-10 04:00:00,453.0,466.5,399.0,411.5,20300.96
2017-05-11 04:00:00,414.5,427.5,404.0,427.0,6671.24
2017-05-12 04:00:00,424.5,448.5,421.5,446.0,9081.62
2017-05-15 04:00:00,443.0,444.5,428.5,440.0,4556.44
2017-05-16 04:00:00,438.5,451.0,430.0,441.5,8672.18
2017-05-17 04:00:00,442.0,442.625,425.5,432.0,7849.66
2017-05-18 04:00:00,431.5,437.5,420.5,436.5,5722.76
2017-05-19 04:00:00,435.5,461.0,434.35,454.5,10037.38
2017-05-22 04:00:00,452.0,456.5,445.0,448.5,5675.42
2017-05-23 04:00:00,449.5,459.5,446.0,458.5,5669.34
2017-05-24 04:00:00,458.5,476.5,458.0,465.0,10157.18
2017-05-25 04:00:00,462.0,472.5,460.5,463.5,7724.58
2017-05-26 04:00:00,461.0,467.5,457.5,465.5,7020.34
2017-05-30 04:00:00,466.0,467.75,438.0,453.5,6111.7
2017-05-31 04:00:00,451.5,466.5,439.5,457.5,5881.44
2017-06-01 04:00:00,459.0,471.0,455.5,467.0,7724.04
2017-06-02 04:00:00,460.5,469.0,449.0,451.5,6065.18
2017-06-05 04:00:00,447.5,451.5,438.5,439.0,7744.22
2017-06-06 04:00:00,434.0,446.0,432.5,437.0,3957.4
2017-06-07 04:00:00,439.5,455.0,433.5,438.0,6978.16
2017-06-08 04:00:00,437.5,441.0,426.0,427.5,4557.92
2017-06-09 04:00:00,427.5,451.5,423.0,433.5,9686.02
2017-06-12 04:00:00,430.5,444.0,414.5,416.0,7899.08
2017-06-13 04:00:00,418.5,425.0,413.0,420.0,12869.48
2017-06-14 04:00:00,425.5,455.0,423.505,437.5,9590.12
2017-06-15 04:00:00,435.0,441.5,420.0,429.0,7016.54
2017-06-16 04:00:00,429.0,447.5,417.5,447.0,8998.9
2017-06-19 04:00:00,445.5,457.5,442.0,456.5,5685.72
2017-06-20 04:00:00,456.5,458.5,437.75,446.0,7200.86
2017-06-21 04:00:00,448.0,455.0,441.5,449.5,3436.42
2017-06-22 04:00:00,450.5,477.0,450.5,457.0,8732.4
2017-06-23 04:00:00,457.5,478.5,450.5,471.5,9879.6
2017-06-26 04:00:00,468.5,480.5,466.365,479.5,5191.46
2017-06-27 04:00:00,476.5,485.0,473.0,473.5,5748.76
2017-06-28 04:00:00,475.5,494.5,473.0,485.0,6149.08
2017-06-29 04:00:00,483.0,484.39,457.0,459.0,3697.72
2017-06-30 04:00:00,461.0,492.0,461.0,482.0,7358.52
2017-07-03 04:00:00,483.0,483.0,460.5,462.0,2186.14
2017-07-05 04:00:00,463.0,480.0,454.055,478.0,3948.08
2017-07-06 04:00:00,471.5,478.0,460.0,464.0,2601.74
2017-07-07 04:00:00,466.0,500.0,466.0,479.0,6192.3
2017-07-10 04:00:00,479.5,480.75,464.5,470.0,3313.82
2017-07-11 04:00:00,468.5,484.0,468.5,479.0,3092.56
2017-07-12 04:00:00,484.0,502.5,481.0,485.5,4987.76
2017-07-13 04:00:00,490.0,490.0,477.5,485.0,3036.42
2017-07-14 04:00:00,488.0,525.0,482.0,520.0,17002.08
2017-07-17 04:00:00,519.0,519.01,491.0,503.5,8348.36
2017-07-18 04:00:00,500.5,502.0,488.5,490.5,3945.68
2017-07-19 04:00:00,510.0,515.5,495.0,513.0,3290.42
2017-07-20 04:00:00,514.5,531.5,512.5,525.0,6168.72
2017-07-21 04:00:00,529.0,529.0,514.5,526.5,3427.02
2017-07-24 04:00:00,525.0,558.5,522.0,546.0,5246.76
2017-07-25 04:00:00,549.5,549.5,526.5,531.5,5588.92
2017-07-26 04:00:00,531.5,535.0,519.0,526.0,3157.26
2017-07-27 04:00:00,523.0,534.5,519.0,525.0,3443.66
2017-07-28 04:00:00,528.0,534.5,516.5,517.5,3991.78
2017-07-31 04:00:00,514.5,525.5,505.9,523.0,4094.76
2017-08-01 04:00:00,526.0,526.0,499.5,510.0,3702.3
2017-08-02 04:00:00,507.5,513.0,495.0,495.0,3479.32
2017-08-03 04:00:00,495.0,503.0,492.0,494.5,3705.7
2017-08-04 04:00:00,496.5,502.5,487.0,488.0,3392.9
2017-08-07 04:00:00,489.5,492.5,461.505,472.0,5887.7
2017-08-08 04:00:00,426.0,446.95,394.5,405.5,21218.68
2017-08-09 04:00:00,410.0,418.0,401.5,407.0,8023.6
2017-08-10 04:00:00,411.0,411.0,375.5,376.0,8323.7
2017-08-11 04:00:00,369.5,388.5,366.5,381.5,15966.96
2017-08-14 04:00:00,385.0,388.5,344.5,347.0,26278.96
2017-08-15 04:00:00,351.5,359.5,327.5,331.0,21112.68
2017-08-16 04:00:00,331.0,338.5,325.5,338.0,17932.12
2017-08-17 04:00:00,335.0,352.0,329.0,330.0,14234.96
2017-08-18 04:00:00,327.5,333.5,320.0,327.5,11039.58
2017-08-21 04:00:00,325.0,341.5,325.0,335.0,9069.26
2017-08-22 04:00:00,334.5,341.0,324.0,337.0,10226.38
2017-08-23 04:00:00,332.5,336.0,318.0,330.5,8251.84
2017-08-24 04:00:00,329.0,329.0,304.5,305.5,21977.14
2017-08-25 04:00:00,307.0,330.5,305.0,325.0,12623.18
2017-08-28 04:00:00,327.5,347.5,324.5,342.5,11689.88
2017-08-29 04:00:00,339.5,362.0,339.5,350.0,18858.8
2017-08-30 04:00:00,347.5,365.17,322.5,364.0,32360.8
2017-08-31 04:00:00,364.0,366.5,351.0,360.5,10920.5
2017-09-01 04:00:00,360.5,360.5,351.5,357.5,7525.12
2017-09-05 04:00:00,358.5,371.5,354.5,370.0,6370.56
2017-09-06 04:00:00,370.0,383.0,364.0,373.5,10224.08
2017-09-07 04:00:00,375.5,378.5,358.0,367.0,4938.5
2017-09-08 04:00:00,365.5,369.0,357.0,364.0,5957.52
2017-09-11 04:00:00,366.0,375.5,355.5,356.0,9491.26
2017-09-12 04:00:00,357.5,360.5,344.5,352.0,10519.7
2017-09-13 04:00:00,353.5,361.5,350.0,352.5,12385.78
2017-09-14 04:00:00,353.5,358.5,347.0,347.5,11283.42
2017-09-15 04:00:00,348.5,356.0,345.0,355.5,11483.76
2017-09-18 04:00:00,353.0,358.5,348.5,351.5,7983.84
2017-09-19 04:00:00,352.5,355.0,345.5,353.0,5860.64
2017-09-20 04:00:00,349.5,357.0,341.0,351.5,12337.08
2017-09-21 04:00:00,352.5,352.5,330.0,332.5,9989.74
2017-09-22 04:00:00,331.5,340.0,330.0,337.0,5244.1
2017-09-25 04:00:00,337.0,362.0,334.0,360.5,13138.12
2017-09-26 04:00:00,360.5,369.5,350.5,364.0,5183.32
2017-09-27 04:00:00,360.0,362.5,342.5,359.0,13723.48
2017-09-28 04:00:00,361.0,362.0,340.0,352.0,8876.9
2017-09-29 04:00:00,350.0,359.28,347.5,354.5,5957.28
2017-10-02 04:00:00,355.5,364.5,353.5,355.0,6882.7
2017-10-03 04:00:00,356.0,367.5,354.0,362.0,5284.04
2017-10-04 04:00:00,360.0,374.5,359.5,367.0,5961.1
2017-10-05 04:00:00,366.5,379.5,366.0,377.0,6848.08
2017-10-06 04:00:00,372.0,378.5,360.5,361.5,4006.84
2017-10-09 04:00:00,361.5,377.0,358.0,369.5,5126.72
2017-10-10 04:00:00,372.0,380.0,371.5,377.0,4045.08
2017-10-11 04:00:00,378.0,387.0,360.0,374.0,6516.52
2017-10-12 04:00:00,378.0,382.0,372.5,372.5,7471.42
2017-10-13 04:00:00,375.5,382.0,373.0,375.5,4917.94
2017-10-16 04:00:00,374.5,386.5,372.0,372.5,5498.88
2017-10-17 04:00:00,371.0,379.0,365.0,368.0,4104.58
2017-10-18 04:00:00,369.0,378.0,366.0,370.0,6776.64
2017-10-19 04:00:00,367.5,376.0,364.0,373.0,4742.62
2017-10-20 04:00:00,375.0,375.0,361.5,367.5,5847.5
2017-10-23 04:00:00,368.0,369.0,347.0,353.0,6156.86
2017-10-24 04:00:00,353.0,354.5,342.5,344.5,5827.28
2017-10-25 04:00:00,341.0,342.945,328.0,333.5,5182.78
2017-10-26 04:00:00,335.0,336.0,324.0,327.5,5040.96
2017-10-27 04:00:00,327.5,340.0,325.5,335.0,8305.7
2017-10-30 04:00:00,337.5,339.5,306.0,319.0,18474.84
2017-10-31 04:00:00,319.5,325.0,312.5,319.5,9423.8
2017-11-01 04:00:00,322.0,327.5,319.0,326.0,6504.26
2017-11-02 04:00:00,326.5,326.5,306.0,313.0,5447.92
2017-11-03 04:00:00,312.5,329.5,310.005,319.0,4433.04
2017-11-06 05:00:00,317.5,328.5,315.5,320.5,5798.42
2017-11-07 05:00:00,321.5,321.5,290.0,299.0,20831.8
2017-11-08 05:00:00,250.5,264.5,239.0,254.0,34276.54
2017-11-09 05:00:00,250.0,257.5,241.75,247.0,14577.4
2017-11-10 05:00:00,245.5,257.0,245.5,253.0,7535.7
2017-11-13 05:00:00,255.5,256.5,248.0,255.0,5936.2
2017-11-14 05:00:00,251.5,262.0,249.0,253.5,6614.14
2017-11-15 05:00:00,254.0,259.0,248.0,256.5,3816.78
2017-11-16 05:00:00,259.0,274.5,255.0,268.5,9298.52
2017-11-17 05:00:00,268.0,284.0,268.0,279.5,29957.1
2017-11-20 05:00:00,283.5,291.0,276.5,278.0,10783.42
2017-11-21 05:00:00,276.5,278.25,260.5,265.0,13004.42
2017-11-22 05:00:00,265.0,268.0,260.0,261.0,4399.12
2017-11-24 05:00:00,261.5,270.5,258.5,263.5,3748.58
2017-11-27 05:00:00,264.0,269.5,261.0,266.0,6068.1
2017-11-28 05:00:00,267.0,282.5,263.0,279.0,10859.92
2017-11-29 05:00:00,280.0,285.0,273.5,276.0,14255.88
2017-11-30 05:00:00,280.0,302.0,280.0,290.0,36408.12
2017-12-01 05:00:00,291.0,291.0,274.75,276.0,13272.48
2017-12-04 05:00:00,279.0,295.5,279.0,290.5,9765.04
2017-12-05 05:00:00,289.5,320.25,287.0,315.5,18100.56
2017-12-06 05:00:00,316.5,323.0,303.5,318.0,11931.96
2017-12-07 05:00:00,319.0,326.5,312.0,320.5,16133.48
2017-12-08 05:00:00,323.5,326.0,310.5,322.5,9434.48
2017-12-11 05:00:00,322.0,328.0,316.5,324.0,37048.28
2017-12-12 05:00:00,324.5,331.5,318.0,320.0,21839.8
2017-12-13 05:00:00,324.0,361.0,323.5,348.0,90299.94
2017-12-14 05:00:00,346.0,374.0,342.25,359.0,22479.24
2017-12-15 05:00:00,359.0,366.5,347.0,350.0,33439.0
2017-12-18 05:00:00,597.5,600.5,596.5,600.5,1138977.0
2017-12-19 05:00:00,598.5,601.0,598.0,600.5,108461.68
2017-12-20 05:00:00,600.0,604.0,599.75,602.5,29595.82
2017-12-21 05:00:00,601.5,603.5,601.5,601.5,18948.8
2017-12-22 05:00:00,600.0,607.5,600.0,607.0,18776.64
2017-12-26 05:00:00,605.5,606.0,601.0,603.0,17470.1
2017-12-27 05:00:00,605.0,605.5,601.5,601.5,5880.74
2017-12-28 05:00:00,603.0,604.5,599.5,600.5,16203.5
2017-12-29 05:00:00,602.5,603.0,600.0,600.5,6672.44
2018-01-02 05:00:00,600.0,602.0,599.0,600.5,34602.82
2018-01-03 05:00:00,601.5,605.0,601.5,604.5,17237.08
2018-01-04 05:00:00,603.5,616.0,602.5,613.5,27133.62
2018-01-05 05:00:00,612.5,612.5,602.75,607.0,17865.36
2018-01-08 05:00:00,604.0,604.5,602.5,603.0,14649.36
2018-01-09 05:00:00,604.0,606.0,602.5,603.5,12702.58
2018-01-10 05:00:00,602.5,605.0,602.25,604.5,8989.18
2018-01-11 05:00:00,604.0,604.5,602.5,604.5,8551.7
2018-01-12 05:00:00,604.5,605.25,602.5,605.0,7915.12
2018-01-16 05:00:00,605.0,607.0,602.5,602.5,15987.66
2018-01-17 05:00:00,603.0,606.5,603.0,604.5,10335.84
2018-01-18 05:00:00,604.0,604.5,600.0,602.5,29763.7
2018-01-19 05:00:00,602.5,604.0,602.0,604.0,15719.66
2018-01-22 05:00:00,603.0,604.5,602.5,603.5,13930.5
2018-01-23 05:00:00,604.0,604.25,601.5,604.0,12413.62
2018-01-24 05:00:00,603.5,605.0,602.0,605.0,8194.38
2018-01-25 05:00:00,603.5,604.0,601.5,601.5,11727.18
2018-01-26 05:00:00,602.0,602.25,600.0,600.0,9364.78
2018-01-29 05:00:00,601.0,601.0,600.0,600.0,17094.82
2018-01-30 05:00:00,600.5,602.5,600.0,600.0,7273.08
2023-08-24 04:00:00,99.0,99.0,38.555,57.5,966494.16
2023-08-25 04:00:00,64.0,66.99,55.0,59.5,1190038.08
2023-08-28 04:00:00,60.0,61.0,50.0,51.0,510912.7
2023-08-29 04:00:00,49.945,50.0,40.5,42.45,449051.94
2023-08-30 04:00:00,44.0,47.5,43.0,43.5,349380.08
2023-08-31 04:00:00,46.22,50.0,43.55,46.25,364034.34
2023-09-01 04:00:00,43.5,46.1,39.5,40.245,379984.96
2023-09-05 04:00:00,41.25,44.0,38.0,40.505,172724.86
2023-09-06 04:00:00,40.505,41.0,38.0,38.43,110229.54
2023-09-07 04:00:00,37.5,37.65,30.25,31.445,281617.96
2023-09-08 04:00:00,32.0,32.045,26.15,29.215,227292.2
2023-09-11 04:00:00,29.0,34.55,28.5,32.04,103404.12
2023-09-12 04:00:00,32.13,36.305,29.0,34.54,118145.42
2023-09-13 04:00:00,35.0,37.25,33.1,33.815,98454.0
2023-09-14 04:00:00,34.065,34.065,31.5,32.185,67360.08
2023-09-15 04:00:00,31.27,34.495,29.0,32.105,95934.36
2023-09-18 04:00:00,31.985,33.95,30.2,33.25,50373.14
2023-09-19 04:00:00,32.5,34.0,32.0,32.495,61999.7
2023-09-20 04:00:00,32.0,33.62,31.0,31.19,36390.4
2023-09-21 04:00:00,31.0,31.0,27.5,28.19,105967.16
2023-09-22 04:00:00,28.545,28.9,26.75,27.23,48981.54
2023-09-25 04:00:00,26.5,27.0,25.505,25.835,56490.78
2023-09-26 04:00:00,25.51,25.7275,23.005,23.5,79123.26
2023-09-27 04:00:00,24.195,24.25,22.5,23.01,51170.04
2023-09-28 04:00:00,22.9,23.225,22.01,22.75,43842.7
2023-09-29 04:00:00,22.505,24.75,22.505,23.95,45227.38
2023-10-02 04:00:00,23.4,23.615,22.55,23.13,29372.72
2023-10-03 04:00:00,23.045,23.045,21.33,21.97,36076.36
2023-10-04 04:00:00,22.0,22.15,20.505,21.04,34074.8
2023-10-05 04:00:00,21.375,22.2,20.615,21.3,27351.82
2023-10-06 04:00:00,21.265,22.2,20.75,21.3,24765.32
2023-10-09 04:00:00,20.555,21.2,20.23,20.5,31109.26
2023-10-10 04:00:00,20.95,21.125,20.5,20.575,36958.78
2023-10-11 04:00:00,20.8,21.435,20.5,20.55,26552.42
2023-10-12 04:00:00,21.0,21.0,19.865,19.865,23710.4
2023-10-13 04:00:00,19.405,20.48,17.05,19.89,98388.28
2023-10-16 04:00:00,19.55,19.73,18.0097,18.34,50169.4
2023-10-17 04:00:00,19.0,21.0,19.0,20.25,42483.64
2023-10-18 04:00:00,20.15,20.65,19.545,20.5,24132.6
2023-10-19 04:00:00,21.5,22.495,21.275,22.0,31228.94
2023-10-20 04:00:00,22.0,23.0495,20.52,21.0,24429.38
2023-10-23 04:00:00,21.45,21.88,20.5551,21.27,12328.46
2023-10-24 04:00:00,21.035,21.2,20.0,21.0,15920.18
2023-10-25 04:00:00,20.495,21.1,20.095,21.0,15450.72
2023-10-26 04:00:00,20.86,21.5,20.5,21.485,13884.96
2023-10-27 04:00:00,21.49,23.3,20.8,23.195,25420.3
2023-10-30 04:00:00,22.5,24.335,22.35,23.93,32007.04
2023-10-31 04:00:00,24.03,24.45,23.34,23.58,11722.46
2023-11-01 04:00:00,24.105,24.105,22.795,23.28,6826.48
2023-11-02 04:00:00,23.05,23.955,22.085,23.55,14900.9
2023-11-03 04:00:00,23.98,24.3,23.0,24.0,15127.2
2023-11-06 05:00:00,24.25,24.25,22.75,23.545,15956.62
2023-11-07 05:00:00,23.43,23.43,21.45,22.2,26961.38
2023-11-08 05:00:00,22.0,23.45,21.7501,22.25,14817.72
2023-11-09 05:00:00,23.365,23.365,21.45,21.99,13766.98
2023-11-10 05:00:00,21.945,22.27,20.755,21.85,13355.28
2023-11-13 05:00:00,21.895,23.245,21.2,23.19,18228.28
2023-11-14 05:00:00,20.565,22.87,20.25,21.375,52562.44
2023-11-15 05:00:00,21.0,22.55,21.0,22.0,17895.52
2023-11-16 05:00:00,20.5,22.12,20.5,21.9,14150.56
2023-11-17 05:00:00,21.995,22.22,21.1,21.53,10175.7
2023-11-20 05:00:00,21.5,21.945,20.165,20.65,16810.04
2023-11-21 05:00:00,21.05,21.05,19.255,20.15,23339.56
2023-11-22 05:00:00,20.15,20.5,19.025,20.1,18190.8
2023-11-24 05:00:00,20.19,21.53,20.0851,21.37,9827.64
2023-11-27 05:00:00,20.53,22.5,20.53,22.22,22345.78
2023-11-28 05:00:00,21.9,22.0,20.755,21.495,16067.58
2023-11-29 05:00:00,20.85,24.0,20.5,22.55,38142.74
2023-11-30 05:00:00,21.0,23.1,21.0,22.9,12416.36
2023-12-01 05:00:00,21.805,23.495,21.805,22.655,15989.3
2023-12-04 05:00:00,23.495,26.67,22.9051,24.325,71244.16
2023-12-05 05:00:00,25.0,25.0,23.15,23.7,27899.28
2023-12-06 05:00:00,23.445,24.91,21.15,22.495,59371.42
2023-12-07 05:00:00,22.345,22.645,21.25,21.25,30585.1
2023-12-08 05:00:00,21.29,22.65,21.275,21.45,18600.84
2023-12-11 05:00:00,21.73,23.015,21.225,22.45,24705.92
2023-12-12 05:00:00,22.5,23.9,21.55,23.43,21646.2
2023-12-13 05:00:00,23.49,26.5,23.005,25.55,71028.36
2023-12-14 05:00:00,26.735,27.89,25.05,26.805,90842.98
2023-12-15 05:00:00,28.45,34.495,26.655,32.47,438351.42
2023-12-18 05:00:00,32.93,34.0,28.355,30.015,129095.64
2023-12-19 05:00:00,29.76,32.37,29.76,32.35,61127.42
2023-12-20 05:00:00,32.18,34.0,29.97,31.135,60170.34
2023-12-21 05:00:00,31.0,31.735,30.135,31.0,22758.14
2023-12-22 05:00:00,31.5,31.99,29.505,31.95,37960.98
2023-12-26 05:00:00,32.0,35.8,31.5,35.1,69632.16
2023-12-27 05:00:00,35.5,37.75,34.815,36.065,61742.5
2023-12-28 05:00:00,36.7,43.995,36.25,43.0,179239.0
2023-12-29 05:00:00,45.0,45.495,39.0,40.825,92831.94
2024-01-02 05:00:00,39.5,41.905,36.87,39.395,43024.06
2024-01-03 05:00:00,38.45,39.995,35.0,36.245,41188.46
2024-01-04 05:00:00,35.745,37.855,33.125,33.93,52454.28
2024-01-05 05:00:00,33.075,36.415,33.075,33.58,27256.42
2024-01-08 05:00:00,34.465,37.99,33.0851,37.4,36550.48
2024-01-09 05:00:00,36.855,37.0,35.0,35.97,14738.78
2024-01-10 05:00:00,35.725,35.9,34.15,34.415,16545.98
2024-01-11 05:00:00,34.5,36.0,32.55,33.5,23917.04
2024-01-12 05:00:00,33.0,35.0,32.75,33.0,22717.96
2024-01-16 05:00:00,32.5,33.185,30.595,32.48,27300.98
2024-01-17 05:00:00,31.705,32.15,29.7,29.895,23704.48
2024-01-18 05:00:00,30.5,30.5,28.05,28.9,17468.04
2024-01-19 05:00:00,29.0,29.99,28.0,28.85,15717.42
2024-01-22 05:00:00,29.285,30.5,28.735,29.285,16955.9
2024-01-23 05:00:00,29.26,30.995,29.0,29.515,14428.78
2024-01-24 05:00:00,29.75,31.35,29.005,29.73,13413.36
2024-01-25 05:00:00,31.5,31.5,29.0,29.105,24936.32
2024-01-26 05:00:00,29.085,30.5,29.08,29.71,14738.06
2024-01-29 05:00:00,30.0,30.5,29.0,30.285,18139.08
2024-01-30 05:00:00,29.6,30.195,29.15,29.75,25177.52
2024-01-31 05:00:00,29.635,32.5,29.25,30.75,12943.06
2024-02-01 05:00:00,31.94,32.0,30.3,31.0,10232.58
2024-02-02 05:00:00,30.72,32.01,30.25,31.13,8963.58
2024-02-05 05:00:00,30.665,31.625,30.2,30.64,6661.84
2024-02-06 05:00:00,30.355,31.0,28.275,30.0,36438.6
2024-02-07 05:00:00,29.375,29.575,27.0,28.245,30053.0
2024-02-08 05:00:00,28.0,28.45,26.5,26.54,23656.98
2024-02-09 05:00:00,26.905,29.875,26.25,27.55,36364.28
2024-02-12 05:00:00,27.815,28.44,27.295,27.505,12582.54
2024-02-13 05:00:00,26.735,27.495,26.16,26.845,20199.9
2024-02-14 05:00:00,26.0,26.75,24.53,26.35,42203.34
2024-02-15 05:00:00,26.55,28.965,26.015,28.51,32006.78
2024-02-16 05:00:00,29.5,29.695,28.505,28.65,17565.12
2024-02-20 05:00:00,28.5,29.5,27.125,27.58,18715.06
2024-02-21 05:00:00,26.8,27.1025,24.76,25.33,37394.34
2024-02-22 05:00:00,25.5,26.4,24.3475,24.75,38416.64
2024-02-23 05:00:00,24.0,25.88,23.5101,24.75,28612.0
2024-02-26 05:00:00,23.74,25.8,23.3775,25.0,16688.94
2024-02-27 05:00:00,24.7,25.8,24.7,25.0,20770.68
2024-02-28 05:00:00,26.775,27.9495,25.41,25.5,19549.92
2024-02-29 05:00:00,25.5,27.0,25.5,26.745,22043.18
2024-03-01 05:00:00,27.02,27.02,23.76,25.7,21585.4
2024-03-04 05:00:00,25.7,26.0,24.0,24.59,25403.86
2024-03-05 05:00:00,24.535,24.535,23.85,24.34,14889.5
2024-03-06 05:00:00,24.5,25.45,23.815,24.3,14943.82
2024-03-07 05:00:00,25.325,25.325,24.19,24.955,14906.6
2024-03-08 05:00:00,24.695,25.0,22.995,23.985,31447.04
2024-03-11 04:00:00,24.5,24.5,22.25,23.75,23901.3
2024-03-12 04:00:00,24.06,24.06,22.75,23.39,16736.14
2024-03-13 04:00:00,22.75,23.45,22.6,23.0,14127.54
2024-03-14 04:00:00,22.6,23.0,22.25,22.5,14652.02
2024-03-15 04:00:00,22.23,27.05,22.05,26.765,56868.32
2024-03-18 04:00:00,26.0,26.0,23.825,23.915,11644.92
2024-03-19 04:00:00,24.25,24.495,23.5,23.605,7634.24
2024-03-20 04:00:00,23.52,24.39,22.5,23.2,15826.68
2024-03-21 04:00:00,24.0,25.0,23.255,23.6,14604.64
2024-03-22 04:00:00,23.9,24.55,23.505,24.47,13072.58
2024-03-25 04:00:00,24.5,24.5,23.15,23.54,10241.1
2024-03-26 04:00:00,23.5,26.5,23.25,26.0,16997.16
2024-03-27 04:00:00,25.22,29.0,24.65,27.2,26383.52
2024-03-28 04:00:00,25.5,27.55,23.5,24.835,42993.98
2024-04-01 04:00:00,25.5,25.5,22.5,22.5,22068.98
2024-04-02 04:00:00,22.625,23.45,21.305,22.935,14944.24
2024-04-03 04:00:00,22.715,22.935,22.08,22.5,11604.98
2024-04-04 04:00:00,23.0,24.94,22.185,22.65,13751.08
2024-04-05 04:00:00,22.785,23.875,21.785,23.135,7768.36
2024-04-08 04:00:00,23.065,23.5,22.0,23.1,6377.14
2024-04-09 04:00:00,23.5,23.5,22.35,23.475,9503.68
2024-04-10 04:00:00,22.2,23.195,21.925,22.67,10521.24
2024-04-11 04:00:00,22.9,23.145,22.25,22.77,4971.58
2024-04-12 04:00:00,22.685,23.475,22.0,22.27,14694.0
2024-04-15 04:00:00,22.0,22.3,20.5,21.03,16964.92
2024-04-16 04:00:00,20.75,21.5,20.625,21.495,15107.02
2024-04-17 04:00:00,21.5,22.95,20.875,22.615,7642.66
2024-04-18 04:00:00,22.41,22.845,21.5,22.52,10528.64
2024-04-19 04:00:00,22.31,22.59,21.5,21.65,13636.5
2024-04-22 04:00:00,22.015,22.9,21.0,21.05,11837.04
2024-04-23 04:00:00,20.875,21.965,20.5,20.8,10607.68
2024-04-24 04:00:00,20.55,21.35,20.5,21.13,8270.48
2024-04-25 04:00:00,21.21,21.595,20.635,20.99,9298.56
2024-04-26 04:00:00,20.6,21.25,19.05,19.825,24107.48
2024-04-29 04:00:00,19.4,21.635,19.4,20.875,13555.94
2024-04-30 04:00:00,20.7,21.0,19.65,19.85,8407.0
2024-05-01 04:00:00,19.645,20.3,19.265,19.4,10484.1
2024-05-02 04:00:00,20.0,20.585,19.0,20.585,16451.74
2024-05-03 04:00:00,20.15,21.15,19.33,19.4,14327.18
2024-05-06 04:00:00,20.0,21.25,19.3,19.3,16675.96
2024-05-07 04:00:00,19.0,20.48,18.685,19.11,12328.52
2024-05-08 04:00:00,19.05,20.48,19.05,20.37,11415.38
2024-05-09 04:00:00,20.29,21.3,20.0,20.8,7076.8
2024-05-10 04:00:00,20.625,21.7,20.625,21.5,7366.58
2024-05-13 04:00:00,21.2,22.85,21.0,22.25,12933.14
2024-05-14 04:00:00,23.25,23.25,18.55,20.85,58268.24
2024-05-15 04:00:00,21.31,21.5,19.5,19.755,18823.0
2024-05-16 04:00:00,19.525,20.25,19.45,19.62,17201.02
2024-05-17 04:00:00,19.865,20.05,18.75,19.26,36861.76
2024-05-20 04:00:00,19.62,20.53,19.375,19.995,19351.42
2024-05-21 04:00:00,20.2,20.245,19.01,19.495,21989.72
2024-05-22 04:00:00,19.45,19.495,18.55,19.05,23435.48
2024-05-23 04:00:00,18.61,19.19,17.585,18.35,50805.02
2024-05-24 04:00:00,18.45,18.995,15.015,15.9,44823.28
2024-05-28 04:00:00,17.75,17.775,16.955,17.205,30612.34
2024-05-29 04:00:00,16.95,17.7,16.0,17.525,38228.04
2024-05-30 04:00:00,17.525,17.75,16.05,16.075,48557.58
2024-05-31 04:00:00,16.89,17.09,16.1,16.5,31520.06
2024-06-03 04:00:00,16.55,17.75,16.505,17.195,19136.2
2024-06-04 04:00:00,17.17,17.17,16.45,16.55,10738.64
2024-06-05 04:00:00,16.66,18.25,16.66,17.53,21897.16
2024-06-06 04:00:00,17.47,17.95,16.02,17.155,41023.14
2024-06-07 04:00:00,17.0,17.15,16.05,17.0,33599.06
2024-06-10 04:00:00,17.21,17.625,16.55,17.26,17001.64
2024-06-11 04:00:00,17.5,17.95,16.3,16.75,28592.44
2024-06-12 04:00:00,16.5,17.615,16.225,17.205,44792.0
2024-06-13 04:00:00,17.11,17.52,16.8,17.24,18208.7
2024-06-14 04:00:00,17.405,17.5,16.62,17.005,23185.72
2024-06-17 04:00:00,17.25,17.5,16.38,16.5,19746.9
2024-06-18 04:00:00,16.685,17.875,16.0,17.87,99244.78
2024-06-20 04:00:00,17.475,21.995,17.25,20.545,78351.02
2024-06-21 04:00:00,20.255,21.645,19.6,20.675,46232.5
2024-06-24 04:00:00,20.87,23.615,20.0,23.615,69758.48
2024-06-25 04:00:00,23.495,24.825,22.245,23.1,45259.16
2024-06-26 04:00:00,23.385,23.5,22.075,23.005,14126.52
2024-06-27 04:00:00,23.38,23.75,22.69,23.705,13572.44
2024-06-28 04:00:00,24.0,24.455,22.75,22.95,18377.46
2024-07-01 04:00:00,23.45,23.475,21.205,22.65,15997.58
2024-07-02 04:00:00,22.3,23.1,21.405,22.2,8462.3
2024-07-03 04:00:00,22.105,23.75,22.105,22.745,11091.48
2024-07-05 04:00:00,22.155,23.45,22.155,23.17,7640.04
2024-07-08 04:00:00,23.255,25.0,22.625,25.0,52731.56
2024-07-09 04:00:00,25.0,27.54,24.505,27.12,38378.48
2024-07-10 04:00:00,27.12,28.915,25.195,28.35,45032.12
2024-07-11 04:00:00,28.18,29.5,27.0,27.0,14869.42
2024-07-12 04:00:00,27.5,27.93,26.3,27.255,13199.98
2024-07-15 04:00:00,27.25,29.0,26.8,28.965,69913.26
2024-07-16 04:00:00,29.95,30.0,28.11,29.03,17388.38
2024-07-17 04:00:00,29.8,29.8,27.21,28.205,21203.86
2024-07-18 04:00:00,28.155,28.49,26.25,26.45,11042.46
2024-07-19 04:00:00,26.25,28.94,26.2,28.01,16983.12
2024-07-22 04:00:00,28.0,29.225,26.3,26.845,17624.02
2024-07-23 04:00:00,26.585,27.99,26.25,26.465,10005.16
2024-07-24 04:00:00,26.3,27.2725,24.295,25.2,22447.88
2024-07-25 04:00:00,25.295,26.575,25.0,25.55,4650.68
2024-07-26 04:00:00,26.05,27.8,25.7,27.65,18635.74
2024-07-29 04:00:00,28.085,28.085,26.54,27.355,3557.14
2024-07-30 04:00:00,26.535,27.45,25.535,25.535,15027.16
2024-07-31 04:00:00,25.89,27.05,25.205,25.44,9001.44
2024-08-01 04:00:00,25.595,25.895,23.335,24.045,17645.78
2024-08-02 04:00:00,24.0,24.0,21.315,23.0225,10802.32
2024-08-05 04:00:00,22.01,24.295,21.75,23.865,26063.9
2024-08-06 04:00:00,24.295,25.215,23.34,23.955,9455.82
2024-08-07 04:00:00,24.0,24.91,23.125,23.85,15155.38
2024-08-08 04:00:00,20.5,20.63,15.94,19.39,89298.4
2024-08-09 04:00:00,19.505,21.45,19.335,20.71,21307.84
2024-08-12 04:00:00,20.465,20.7,18.6,19.245,22505.14
2024-08-13 04:00:00,19.365,19.96,18.635,18.895,14424.12
2024-08-14 04:00:00,19.5,19.95,18.75,19.45,9929.62
2024-08-15 04:00:00,19.5,20.705,18.75,19.145,16929.5
2024-08-16 04:00:00,18.7,20.5,18.7,19.9,22984.32
2024-08-19 04:00:00,19.96,22.66,17.5965,20.28,43314.0
2024-08-20 04:00:00,19.99,20.14,19.15,20.05,23671.0
2024-08-21 04:00:00,20.19,21.7499,19.59,21.02,33914.0
2024-08-22 04:00:00,20.13,21.1,19.37,19.41,20867.0
2024-08-23 04:00:00,19.47,20.1,18.79,18.95,50572.0
2024-08-26 04:00:00,18.87,19.1737,17.21,17.25,60386.0
2024-08-27 04:00:00,17.2,17.6756,16.75,16.84,27640.0
2024-08-28 04:00:00,16.79,16.8537,16.06,16.34,39553.0
2024-08-29 04:00:00,16.38,16.8251,15.39,16.1,79796.0
2024-08-30 04:00:00,16.5,16.815,15.4354,15.74,102699.0
2024-09-03 04:00:00,15.72,15.965,14.86,15.62,37917.0
2024-09-04 04:00:00,15.02,16.5,15.02,16.4,75756.0
2024-09-05 04:00:00,16.01,17.5,16.01,16.96,30162.0
2024-09-06 04:00:00,16.55,17.0,16.28,16.98,19845.0
2024-09-09 04:00:00,17.06,17.755,16.43,16.9,27997.0
2024-09-10 04:00:00,16.97,17.44,16.97,17.06,9067.0
2024-09-11 04:00:00,16.865,17.175,16.02,16.3,47734.0
2024-09-12 04:00:00,16.3,17.12,15.84,16.33,30366.0
2024-09-13 04:00:00,16.3166,17.1,16.05,16.38,14583.0
2024-09-16 04:00:00,16.69,17.2699,15.88,16.2,14165.0
2024-09-17 04:00:00,16.53,16.53,15.95,16.43,18602.0
2024-09-18 04:00:00,16.12,18.4,15.5533,17.45,67627.0
2024-09-19 04:00:00,18.23,21.8,18.14,20.06,103284.0
2024-09-20 04:00:00,20.74,20.74,18.9488,19.25,69717.0
2024-09-23 04:00:00,19.1943,19.81,18.77,19.42,56146.0
2024-09-24 04:00:00,19.42,19.66,18.486,18.5,43282.0
2024-09-25 04:00:00,18.51,18.51,17.44,18.06,39262.0
2024-09-26 04:00:00,18.39,18.52,17.744915,18.22,17926.0
2024-09-27 04:00:00,18.47,19.4599,18.3,18.3,15512.0
2024-09-30 04:00:00,18.24,18.71,17.65,17.81,20033.0
2024-10-01 04:00:00,17.58,18.365,17.455,18.16,65591.0
2024-10-02 04:00:00,18.18,18.2,16.38,16.7,36990.0
2024-10-03 04:00:00,17.295,17.295,15.61,15.89,64522.0
2024-10-04 04:00:00,16.62,16.64,15.78,16.07,31764.0
2024-10-07 04:00:00,16.0,16.82,15.47,15.74,136386.0
2024-10-08 04:00:00,15.71,15.825,15.1,15.15,16438.0
2024-10-09 04:00:00,15.86,15.86,14.78,14.9,30379.0
2024-10-10 04:00:00,14.51,15.08,14.2,14.925,21555.0
2024-10-11 04:00:00,15.22,16.6071,14.89,16.04,65950.0
2024-10-14 04:00:00,16.62,16.62,15.31,15.41,47416.0
2024-10-15 04:00:00,15.43,15.7272,14.8,15.42,44239.0
2024-10-16 04:00:00,15.7316,16.12,15.21,15.26,56561.0
2024-10-17 04:00:00,15.43,15.575,14.635,14.75,74786.0
2024-10-18 04:00:00,15.15,16.235,15.01,15.31,42166.0
2024-10-21 04:00:00,15.01,15.28,14.8855,15.28,8808.0
2024-10-22 04:00:00,15.35,15.55,14.76,15.18,44421.0
2024-10-23 04:00:00,14.78,15.174,14.4,14.83,51203.0
2024-10-24 04:00:00,14.95,15.04,14.5,14.97,12401.0
2024-10-25 04:00:00,14.79,15.3,14.38,14.81,63460.0
2024-10-28 04:00:00,15.02,16.16,14.82,16.16,66829.0
2024-10-29 04:00:00,15.98,15.98,15.21,15.7,52777.0
2024-10-30 04:00:00,15.52,16.23,15.4,16.16,18882.0
2024-10-31 04:00:00,16.1,16.1,15.14,15.58,60237.0
2024-11-01 04:00:00,15.58,15.9072,14.71,14.95,21285.0
2024-11-04 05:00:00,15.0,15.25,13.96,14.1,26879.0
2024-11-05 05:00:00,14.21,14.82,14.1687,14.55,12111.0
2024-11-06 05:00:00,15.54,15.54,14.58,15.0,34022.0
2024-11-07 05:00:00,14.95,15.3824,14.435,14.83,46011.0
2024-11-08 05:00:00,14.73,15.33,14.52,14.94,42123.0
2024-11-11 05:00:00,14.73,15.2,14.3701,14.69,58066.0
2024-11-12 05:00:00,14.685,14.86,13.685,14.8,56359.0
2024-11-13 05:00:00,14.37,14.47,13.88,14.0,63651.0
2024-11-14 05:00:00,14.1,14.11,13.35,13.61,45617.0
2024-11-15 05:00:00,13.44,13.51,12.41,12.75,96744.0
2024-11-18 05:00:00,12.65,13.0738,12.1981,13.0,66887.0
2024-11-19 05:00:00,13.09,13.753,12.86,13.32,25323.0
2024-11-20 05:00:00,13.05,13.16,12.29,12.45,25723.0
2024-11-21 05:00:00,12.43,13.52,11.9,13.02,50523.0
2024-11-22 05:00:00,13.16,13.16,12.75,12.89,15409.0
2024-11-25 05:00:00,12.84,13.63,12.72,13.13,52379.0
2024-11-26 05:00:00,12.73,13.45,12.71,13.43,14529.0
2024-11-27 05:00:00,13.63,14.4,13.21,14.31,28511.0
2024-11-29 05:00:00,14.31,15.77,14.195,15.77,34082.0
2024-12-02 05:00:00,15.25,15.39,13.17,13.61,97835.0
2024-12-03 05:00:00,13.7,13.75,13.19,13.44,22745.0
2024-12-04 05:00:00,13.58,13.6964,12.95,13.34,26478.0
2024-12-05 05:00:00,13.03,13.24,12.71,12.99,29009.0
2024-12-06 05:00:00,12.5,12.99,12.4,12.72,63076.0
2024-12-09 05:00:00,12.98,13.1,12.23,12.68,36324.0
2024-12-10 05:00:00,12.41,12.96,12.185,12.33,52951.0
2024-12-11 05:00:00,12.37,12.61,11.97,12.35,25206.0
2024-12-12 05:00:00,12.1106,12.18,11.75,12.17,18098.0
2024-12-13 05:00:00,11.9,12.05,10.855,10.86,75160.0
2024-12-16 05:00:00,11.04,11.2556,10.3,10.97,27253.0
2024-12-17 05:00:00,10.94,11.36,10.4698,11.36,22700.0
2024-12-18 05:00:00,11.49,11.49,10.25,10.32,39601.0
2024-12-19 05:00:00,10.505,10.505,9.5,10.3,42774.0
2024-12-20 05:00:00,10.13,10.3575,9.8474,10.33,12292.0
2024-12-23 05:00:00,10.05,10.65,10.05,10.63,21921.0
2024-12-24 05:00:00,10.34,10.7,10.245,10.5,9105.0
2024-12-26 05:00:00,10.4917,10.5,10.18,10.21,13909.0
2024-12-27 05:00:00,10.2781,10.44,9.85,10.01,31126.0
2024-12-30 05:00:00,10.3,10.3,9.1,9.15,44435.0
2024-12-31 05:00:00,9.06,9.77,8.79,8.92,56722.0
2025-01-02 05:00:00,9.1545,9.1999,8.88,9.14,19444.0
2025-01-03 05:00:00,8.99,10.11,8.985,9.85,26498.0
2025-01-06 05:00:00,9.97,10.26,9.3601,9.85,24891.0
2025-01-07 05:00:00,10.05,10.18,9.4076,9.44,14668.0
2025-01-08 05:00:00,9.46,9.83,9.02,9.17,123533.0
2025-01-10 05:00:00,8.89,9.5,8.135,8.42,62556.0
2025-01-13 05:00:00,8.24,8.465,7.7067,8.12,33653.0
2025-01-14 05:00:00,8.2,8.395,7.89,7.96,23902.0
2025-01-15 05:00:00,7.87,9.48,7.765,9.48,145825.0
2025-01-16 05:00:00,9.88,11.01,9.46,10.48,149976.0
2025-01-17 05:00:00,10.46,10.97,9.91,9.95,53794.0
2025-01-21 05:00:00,10.05,10.07,9.1372,9.41,28686.0
2025-01-22 05:00:00,9.41,9.796,9.11,9.4,26933.0
2025-01-23 05:00:00,10.39,11.5899,9.92,10.96,180214.0
2025-01-24 05:00:00,10.87,11.18,10.7,10.9,41411.0
2025-01-27 05:00:00,10.79,10.79,10.3,10.34,19572.0
2025-01-28 05:00:00,10.28,10.425,9.77,9.93,31222.0
2025-01-29 05:00:00,9.93,10.34,9.7245,10.34,18928.0
2025-01-30 05:00:00,10.74,11.07,10.4701,10.74,12831.0
2025-01-31 05:00:00,10.89,10.89,10.18,10.18,13347.0
2025-02-03 05:00:00,9.96,10.9,9.82,10.45,27787.0
2025-02-04 05:00:00,10.1912,12.0,10.1912,11.55,50702.0
2025-02-05 05:00:00,11.44,12.49,11.39,11.76,44902.0
2025-02-06 05:00:00,11.8384,11.9956,11.435,11.71,15740.0
2025-02-07 05:00:00,11.76,11.76,11.29,11.45,17670.0
2025-02-10 05:00:00,11.91,11.9497,11.0,11.03,25105.0
2025-02-11 05:00:00,11.68,11.78,11.04,11.61,18663.0
2025-02-12 05:00:00,11.401,11.86,11.4,11.71,20294.0
2025-02-13 05:00:00,11.64,12.44,11.36,11.36,73599.0
2025-02-14 05:00:00,11.66,11.85,11.0,11.05,41645.0
2025-02-18 05:00:00,11.09,11.635,10.96,11.34,37918.0
2025-02-19 05:00:00,11.25,11.26,10.9,11.01,16603.0
2025-02-20 05:00:00,11.28,11.33,10.6912,11.22,8572.0
2025-02-21 05:00:00,11.19,11.55,10.91,11.281,18668.0
2025-02-24 05:00:00,10.98,11.4943,10.67,10.93,27634.0
2025-02-25 05:00:00,11.0,11.05,10.46,10.9,27495.0
2025-02-26 05:00:00,11.07,11.24,10.8,10.97,10867.0
2025-02-27 05:00:00,11.13,11.15,10.705,11.03,17046.0
2025-02-28 05:00:00,10.7885,11.47,10.54,11.47,16938.0
2025-03-03 05:00:00,11.55,11.55,10.895,10.9,13473.0
2025-03-04 05:00:00,10.66,11.21,10.605,10.94,53245.0
2025-03-05 05:00:00,10.69,11.4838,10.69,10.88,15699.0
2025-03-06 05:00:00,10.88,10.94,10.455,10.6,15422.0
2025-03-07 05:00:00,10.42,10.91,9.8,9.91,169253.0
2025-03-10 04:00:00,9.8,10.05,8.9045,9.25,43426.0
2025-03-11 04:00:00,9.22,9.64,9.17,9.64,20337.0
2025-03-12 04:00:00,9.75,11.195,9.5001,11.0,30960.0
2025-03-13 04:00:00,10.33,11.57,10.33,11.33,30577.0
2025-03-14 04:00:00,11.395,12.4997,11.31,11.83,104126.0
2025-03-17 04:00:00,11.71,12.105,11.63,11.63,16733.0
2025-03-18 04:00:00,11.7685,11.81,11.4324,11.5,10207.0
2025-03-19 04:00:00,11.36,12.1045,9.96,11.77,88352.0
2025-03-20 04:00:00,11.63,12.98,11.63,12.98,68643.0
2025-03-21 04:00:00,12.75,13.105,12.12,12.87,92231.0
2025-03-24 04:00:00,12.88,13.1,12.2,12.38,44486.0
2025-03-25 04:00:00,12.3,13.95,12.2734,13.95,84369.0
2025-03-26 04:00:00,13.93,14.43,13.27,13.27,53304.0
2025-03-27 04:00:00,13.28,13.4372,12.12,12.25,25920.0
2025-03-28 04:00:00,12.5,12.5,11.64,11.7,25943.0
2025-03-31 04:00:00,11.67,11.82,10.83,10.915,55602.0
2025-04-01 04:00:00,11.17,11.55,10.76,10.99,62246.0
2025-04-02 04:00:00,10.95,11.23,10.67,11.01,50163.0
2025-04-03 04:00:00,10.51,11.05,10.34,10.38,34979.0
2025-04-04 04:00:00,10.25,10.62,9.5,10.39,54893.0
2025-04-07 04:00:00,10.01,10.485,9.88,10.07,44835.0
2025-04-08 04:00:00,10.45,10.75,9.8,10.095,31250.0
2025-04-09 04:00:00,10.35,11.055,10.01,10.81,25720.0
2025-04-10 04:00:00,10.64,11.2344,10.63,10.835,28017.0
2025-04-11 04:00:00,10.99,11.5348,9.8,10.28,146956.0
2025-04-14 04:00:00,10.2,13.03,10.2,12.4,243986.0
2025-04-15 04:00:00,11.84,13.0425,11.815,12.88,65201.0
2025-04-16 04:00:00,12.94,13.15,12.67,13.15,42436.0
2025-04-17 04:00:00,12.765,14.7474,12.765,14.29,66905.0
2025-04-21 04:00:00,14.15,14.15,12.7601,13.15,24579.0
2025-04-22 04:00:00,12.98,14.21,12.98,14.09,25173.0
2025-04-23 04:00:00,14.55,14.96,14.285,14.56,46321.0
2025-04-24 04:00:00,14.21,14.53,13.86,14.41,30634.0
2025-04-25 04:00:00,14.17,15.06,13.6,14.55,68091.0
2025-04-28 04:00:00,14.47,15.0389,14.035,14.63,25736.0
2025-04-29 04:00:00,14.37,14.98,13.61,14.63,68876.0
2025-04-30 04:00:00,14.27,14.81,13.7296,14.36,46473.0
2025-05-01 04:00:00,14.2,14.97,14.2,14.95,14592.0
2025-05-02 04:00:00,14.98,15.25,14.56,14.7,35183.0
2025-05-05 04:00:00,14.41,14.79,14.085,14.37,14078.0
2025-05-06 04:00:00,14.0174,14.295,13.13,13.4,18665.0
2025-05-07 04:00:00,13.61,13.745,12.75,13.14,24747.0
2025-05-08 04:00:00,13.2,13.6481,12.57,13.49,43902.0
2025-05-09 04:00:00,13.22,13.94,13.22,13.94,18005.0
2025-05-12 04:00:00,14.66,14.885,13.68,14.06,46097.0
2025-05-13 04:00:00,13.65,14.14,13.65,13.71,13189.0
2025-05-14 04:00:00,13.65,13.905,12.925,13.4,35430.0
2025-05-15 04:00:00,13.85,13.85,12.67,13.44,80323.0
2025-05-16 04:00:00,13.7,14.33,13.63,13.63,47513.0
2025-05-19 04:00:00,13.3,14.14,13.15,13.73,79159.0
