date,open,high,low,close,volume
2015-05-26 04:00:00,23.85,23.9,23.465,23.55,113138.0
2015-05-27 04:00:00,23.59,23.86,23.41,23.82,142871.0
2015-05-28 04:00:00,23.83,23.87,23.58,23.87,172310.0
2015-05-29 04:00:00,23.82,23.92,23.53,23.89,288317.0
2015-06-01 04:00:00,23.9,24.21,23.7,24.14,162365.0
2015-06-02 04:00:00,24.0,24.38,23.84,24.34,195162.0
2015-06-03 04:00:00,24.31,24.34,24.02,24.14,194031.0
2015-06-04 04:00:00,24.0,24.21,23.7,23.7,292512.0
2015-06-05 04:00:00,23.63,23.84,23.34,23.83,300831.0
2015-06-08 04:00:00,23.76,23.82,23.55,23.66,118843.0
2015-06-09 04:00:00,23.65,23.78,23.53,23.66,102005.0
2015-06-10 04:00:00,23.77,24.0872,23.722,23.86,175267.0
2015-06-11 04:00:00,23.96,23.96,23.71,23.86,169612.0
2015-06-12 04:00:00,23.81,23.88,23.654,23.83,110768.0
2015-06-15 04:00:00,23.58,23.58,22.68,22.92,401857.0
2015-06-16 04:00:00,22.87,23.06,22.58,22.9,263800.0
2015-06-17 04:00:00,22.92,23.22,22.89,23.0,163395.0
2015-06-18 04:00:00,22.99,23.45,22.96,23.4,225455.0
2015-06-19 04:00:00,23.41,23.51,23.13,23.24,604287.0
2015-06-22 04:00:00,23.29,23.59,23.21,23.34,189330.0
2015-06-23 04:00:00,23.36,23.52,23.1,23.49,182544.0
2015-06-24 04:00:00,23.47,23.51,23.23,23.43,153784.0
2015-06-25 04:00:00,23.48,23.48,23.19,23.21,165249.0
2015-06-26 04:00:00,23.24,23.55,23.11,23.51,329824.0
2015-06-29 04:00:00,23.42,23.52,23.04,23.07,193679.0
2015-06-30 04:00:00,23.21,23.21,22.81,22.85,209376.0
2015-07-01 04:00:00,22.93,23.24,22.86,23.11,190686.0
2015-07-02 04:00:00,23.27,23.47,23.11,23.24,99186.0
2015-07-06 04:00:00,23.22,23.59,23.025,23.54,245067.0
2015-07-07 04:00:00,23.6,23.78,23.46,23.7,135754.0
2015-07-08 04:00:00,23.59,23.77,23.4401,23.59,120969.0
2015-07-09 04:00:00,23.74,23.88,23.22,23.24,139439.0
2015-07-10 04:00:00,23.36,23.742,23.31,23.63,151496.0
2015-07-13 04:00:00,23.68,23.8,23.515,23.65,89864.0
2015-07-14 04:00:00,23.65,23.7,23.42,23.63,196368.0
2015-07-15 04:00:00,23.68,23.68,23.425,23.63,149387.0
2015-07-16 04:00:00,23.78,24.3592,23.78,24.2,175801.0
2015-07-17 04:00:00,24.2,24.23,23.8,23.91,126319.0
2015-07-20 04:00:00,23.97,23.97,23.555,23.63,91390.0
2015-07-21 04:00:00,23.66,23.6712,23.1,23.19,172615.0
2015-07-22 04:00:00,23.18,23.57,23.17,23.3,105493.0
2015-07-23 04:00:00,23.35,23.35,22.79,22.84,148767.0
2015-07-24 04:00:00,22.82,23.03,22.69,22.78,138021.0
2015-07-27 04:00:00,22.79,23.1,22.76,22.92,157909.0
2015-07-28 04:00:00,23.02,23.05,22.52,22.77,246247.0
2015-07-29 04:00:00,22.77,22.84,22.55,22.73,187337.0
2015-07-30 04:00:00,22.25,22.66,20.27,20.42,663029.0
2015-07-31 04:00:00,20.1,22.18,19.895,21.53,530738.0
2015-08-03 04:00:00,21.5,21.76,21.28,21.73,344054.0
2015-08-04 04:00:00,21.75,21.85,21.1,21.48,328067.0
2015-08-05 04:00:00,21.51,21.935,21.33,21.6,273312.0
2015-08-06 04:00:00,21.5,21.68,21.15,21.32,196253.0
2015-08-07 04:00:00,21.15,21.29,21.01,21.16,167244.0
2015-08-10 04:00:00,21.21,21.425,20.83,20.95,237785.0
2015-08-11 04:00:00,20.88,21.35,20.88,21.29,254240.0
2015-08-12 04:00:00,21.27,21.905,21.27,21.79,303179.0
2015-08-13 04:00:00,21.73,22.27,21.7152,22.11,258756.0
2015-08-14 04:00:00,22.1,22.58,21.94,22.54,245034.0
2015-08-17 04:00:00,22.49,22.49,22.02,22.12,167376.0
2015-08-18 04:00:00,22.18,22.35,21.97,22.04,239747.0
2015-08-19 04:00:00,22.03,22.45,21.92,22.34,174503.0
2015-08-20 04:00:00,22.21,22.49,21.9,21.91,140489.0
2015-08-21 04:00:00,21.53,22.66,21.42,22.2,321429.0
2015-08-24 04:00:00,21.37,21.57,20.9,20.94,319069.0
2015-08-25 04:00:00,21.45,21.45,20.31,20.35,376673.0
2015-08-26 04:00:00,20.64,20.76,20.26,20.49,311814.0
2015-08-27 04:00:00,20.63,20.75,20.2601,20.68,211768.0
2015-08-28 04:00:00,20.67,20.82,20.54,20.75,140732.0
2015-08-31 04:00:00,20.67,20.7,20.17,20.63,393343.0
2015-09-01 04:00:00,20.35,20.45,19.94,20.0,223841.0
2015-09-02 04:00:00,20.21,20.32,19.89,20.01,199672.0
2015-09-03 04:00:00,20.04,20.18,19.91,19.94,124265.0
2015-09-04 04:00:00,19.73,19.87,19.55,19.68,150019.0
2015-09-08 04:00:00,19.91,20.12,19.7401,20.06,174955.0
2015-09-09 04:00:00,20.17,20.17,19.94,19.97,292381.0
2015-09-10 04:00:00,19.94,20.3599,19.94,20.05,146610.0
2015-09-11 04:00:00,19.99,20.32,19.86,20.32,139231.0
2015-09-14 04:00:00,20.33,20.6,20.16,20.55,249326.0
2015-09-15 04:00:00,20.58,21.08,20.55,20.96,215276.0
2015-09-16 04:00:00,20.94,21.2,20.87,20.9,149086.0
2015-09-17 04:00:00,20.88,21.47,20.73,21.17,140367.0
2015-09-18 04:00:00,20.94,21.47,20.862,21.25,483314.0
2015-09-21 04:00:00,21.34,21.76,21.27,21.55,294072.0
2015-09-22 04:00:00,21.39,21.6,21.19,21.37,306970.0
2015-09-23 04:00:00,21.41,21.91,21.37,21.73,359486.0
2015-09-24 04:00:00,21.66,22.04,21.63,22.01,242618.0
2015-09-25 04:00:00,22.08,22.31,21.9,21.97,250740.0
2015-09-28 04:00:00,21.87,22.1,21.76,22.0,255274.0
2015-09-29 04:00:00,22.0,22.25,21.93,22.06,174354.0
2015-09-30 04:00:00,22.13,22.23,21.9,22.12,261140.0
2015-10-01 04:00:00,22.16,22.29,21.64,22.15,333763.0
2015-10-02 04:00:00,22.09,22.29,21.94,22.29,356237.0
2015-10-05 04:00:00,22.35,22.78,22.27,22.7,192456.0
2015-10-06 04:00:00,22.65,22.8,22.44,22.48,232737.0
2015-10-07 04:00:00,22.53,22.81,22.39,22.5,238213.0
2015-10-08 04:00:00,22.44,22.815,22.38,22.71,174733.0
2015-10-09 04:00:00,22.72,22.81,22.275,22.39,201924.0
2015-10-12 04:00:00,22.41,22.74,22.37,22.69,130862.0
2015-10-13 04:00:00,22.66,22.768,22.555,22.56,96686.0
2015-10-14 04:00:00,22.57,22.82,22.57,22.59,132644.0
2015-10-15 04:00:00,22.65,23.14,22.63,23.14,212954.0
2015-10-16 04:00:00,23.21,23.36,23.0,23.23,227458.0
2015-10-19 04:00:00,23.15,23.55,23.1269,23.5,132564.0
2015-10-20 04:00:00,23.47,23.86,23.31,23.83,284788.0
2015-10-21 04:00:00,23.89,24.0,23.29,23.34,394014.0
2015-10-22 04:00:00,23.45,23.8,23.11,23.77,216993.0
2015-10-23 04:00:00,23.8,23.8,23.54,23.79,184871.0
2015-10-26 04:00:00,23.8,23.87,23.69,23.8,179717.0
2015-10-27 04:00:00,23.69,24.01,23.57,23.94,207930.0
2015-10-28 04:00:00,23.94,24.35,23.92,24.35,314626.0
2015-10-29 04:00:00,24.05,24.05,22.61,22.82,379053.0
2015-10-30 04:00:00,22.59,22.82,22.24,22.36,378778.0
2015-11-02 05:00:00,22.36,22.54,21.97,22.51,365812.0
2015-11-03 05:00:00,22.41,22.68,22.09,22.61,266169.0
2015-11-04 05:00:00,22.6,22.83,22.5,22.72,224644.0
2015-11-05 05:00:00,22.52,22.73,22.352,22.72,250536.0
2015-11-06 05:00:00,22.5,22.61,21.6936,21.85,385600.0
2015-11-09 05:00:00,21.75,22.05,21.6,21.88,228534.0
2015-11-10 05:00:00,21.9,22.21,21.69,21.83,225013.0
2015-11-11 05:00:00,21.83,21.965,21.67,21.72,164172.0
2015-11-12 05:00:00,21.67,21.77,21.4,21.5,210904.0
2015-11-13 05:00:00,21.41,21.75,21.34,21.35,244668.0
2015-11-16 05:00:00,21.35,21.61,21.29,21.6,162996.0
2015-11-17 05:00:00,21.58,21.69,21.21,21.22,127882.0
2015-11-18 05:00:00,21.2,21.36,21.01,21.33,184884.0
2015-11-19 05:00:00,21.38,21.8299,21.38,21.79,207834.0
2015-11-20 05:00:00,21.86,22.17,21.81,21.9,210100.0
2015-11-23 05:00:00,21.86,22.0099,21.73,21.79,132024.0
2015-11-24 05:00:00,21.71,21.76,21.34,21.71,117507.0
2015-11-25 05:00:00,21.73,21.97,21.53,21.91,170622.0
2015-11-27 05:00:00,21.87,22.52,21.87,22.51,138825.0
2015-11-30 05:00:00,22.52,22.7736,22.381,22.53,242111.0
2015-12-01 05:00:00,22.6,22.76,22.33,22.59,232313.0
2015-12-02 05:00:00,22.52,22.71,22.45,22.53,206323.0
2015-12-03 05:00:00,22.5,22.73,22.47,22.55,199089.0
2015-12-04 05:00:00,22.56,22.88,22.49,22.82,157377.0
2015-12-07 05:00:00,22.76,22.84,22.535,22.65,179540.0
2015-12-08 05:00:00,22.61,22.78,22.32,22.73,122488.0
2015-12-09 05:00:00,22.66,22.795,22.46,22.58,100546.0
2015-12-10 05:00:00,22.58,22.58,22.26,22.47,197952.0
2015-12-11 05:00:00,22.16,22.61,22.16,22.36,231639.0
2015-12-14 05:00:00,22.36,22.49,22.09,22.44,316529.0
2015-12-15 05:00:00,22.51,22.72,22.4701,22.66,185127.0
2015-12-16 05:00:00,22.78,23.35,22.7,23.34,131157.0
2015-12-17 05:00:00,23.35,23.61,23.27,23.44,164876.0
2015-12-18 05:00:00,23.41,23.57,23.05,23.29,439487.0
2015-12-21 05:00:00,23.36,23.48,23.15,23.36,180782.0
2015-12-22 05:00:00,23.42,23.6122,23.18,23.57,113532.0
2015-12-23 05:00:00,23.64,23.74,23.51,23.62,92694.0
2015-12-24 05:00:00,23.64,23.9,23.59,23.79,52283.0
2015-12-28 05:00:00,23.74,23.95,23.67,23.92,121075.0
2015-12-29 05:00:00,24.0,24.2,23.9515,24.1,80402.0
2015-12-30 05:00:00,24.03,24.05,23.86,23.88,183686.0
2015-12-31 05:00:00,23.81,23.81,23.25,23.27,148012.0
2016-01-04 05:00:00,23.05,23.25,22.825,23.15,283197.0
2016-01-05 05:00:00,23.13,23.3,22.86,23.24,200265.0
2016-01-06 05:00:00,23.03,23.54,23.03,23.51,202910.0
2016-01-07 05:00:00,23.17,23.42,23.1,23.23,139228.0
2016-01-08 05:00:00,23.31,23.569,23.12,23.42,252660.0
2016-01-11 05:00:00,23.48,23.7,23.35,23.51,164902.0
2016-01-12 05:00:00,23.6,23.66,23.0,23.4,327395.0
2016-01-13 05:00:00,23.49,23.62,23.35,23.4,289254.0
2016-01-14 05:00:00,23.41,23.87,23.41,23.57,162393.0
2016-01-15 05:00:00,23.09,23.2,22.48,22.96,236713.0
2016-01-19 05:00:00,23.08,23.48,22.88,23.26,157712.0
2016-01-20 05:00:00,23.08,23.43,22.68,23.3,224335.0
2016-01-21 05:00:00,23.32,23.47,22.97,23.31,345106.0
2016-01-22 05:00:00,23.39,24.09,23.23,23.88,195997.0
2016-01-25 05:00:00,23.85,24.05,23.72,23.81,145437.0
2016-01-26 05:00:00,23.89,24.04,23.62,23.7,156422.0
2016-01-27 05:00:00,23.7,23.91,23.59,23.74,242301.0
2016-01-28 05:00:00,23.87,24.59,23.73,24.45,181717.0
2016-01-29 05:00:00,24.61,25.14,24.45,25.09,232150.0
2016-02-01 05:00:00,24.99,25.44,24.95,25.18,258339.0
2016-02-02 05:00:00,25.05,25.108,24.76,24.96,248826.0
2016-02-03 05:00:00,25.08,25.38,24.84,24.98,264445.0
2016-02-04 05:00:00,24.7,24.795,23.99,24.0,239185.0
2016-02-05 05:00:00,23.93,24.05,23.53,23.53,350488.0
2016-02-08 05:00:00,23.42,24.29,23.31,24.25,261672.0
2016-02-09 05:00:00,24.12,24.58,23.981,24.55,220098.0
2016-02-10 05:00:00,24.6,25.12,24.42,24.83,194049.0
2016-02-11 05:00:00,24.56,25.0,24.56,24.88,185691.0
2016-02-12 05:00:00,24.87,25.25,24.6201,25.09,238540.0
2016-02-16 05:00:00,25.36,25.495,24.83,25.47,228959.0
2016-02-17 05:00:00,25.5,25.83,25.24,25.58,262188.0
2016-02-18 05:00:00,25.57,25.86,25.22,25.69,279561.0
2016-02-19 05:00:00,25.7,25.86,25.29,25.36,501789.0
2016-02-22 05:00:00,25.18,25.18,23.77,24.73,537876.0
2016-02-23 05:00:00,24.61,24.96,24.5,24.72,310370.0
2016-02-24 05:00:00,24.65,25.07,24.57,24.88,225370.0
2016-02-25 05:00:00,24.2,25.03,24.2,24.97,338903.0
2016-02-26 05:00:00,24.17,24.66,23.2,23.63,1087300.0
2016-02-29 05:00:00,24.58,25.82,24.5,24.72,1120266.0
2016-03-01 05:00:00,24.82,25.23,24.72,25.17,508421.0
2016-03-02 05:00:00,25.12,25.95,24.77,25.93,731389.0
2016-03-03 05:00:00,25.87,26.29,25.67,26.15,632217.0
2016-03-04 05:00:00,26.24,26.48,26.015,26.25,809077.0
2016-03-07 05:00:00,25.75,26.22,25.51,26.05,5972875.0
2016-03-08 05:00:00,26.53,26.55,26.03,26.25,596567.0
2016-03-09 05:00:00,26.31,26.44,26.09,26.42,628670.0
2016-03-10 05:00:00,26.44,26.58,26.04,26.25,316188.0
2016-03-11 05:00:00,26.38,26.49,25.86,25.98,551683.0
2016-03-14 04:00:00,25.89,26.06,25.85,25.89,436223.0
2016-03-15 04:00:00,25.88,26.125,25.865,25.93,423467.0
2016-03-16 04:00:00,25.9,25.9,25.24,25.69,542437.0
2016-03-17 04:00:00,25.63,26.22,25.6,26.18,390786.0
2016-03-18 04:00:00,26.29,26.3,25.8,25.83,708736.0
2016-03-21 04:00:00,25.71,25.89,25.42,25.66,319252.0
2016-03-22 04:00:00,25.61,25.89,25.53,25.82,285742.0
2016-03-23 04:00:00,25.84,25.84,25.58,25.63,303285.0
2016-03-24 04:00:00,25.64,26.255,25.55,26.22,356713.0
2016-03-28 04:00:00,26.2,26.28,25.68,25.92,680698.0
2016-03-29 04:00:00,25.91,27.19,25.91,27.08,372079.0
2016-03-30 04:00:00,27.08,27.3301,26.86,27.06,328917.0
2016-03-31 04:00:00,27.03,27.19,26.71,26.72,326523.0
2016-04-01 04:00:00,26.69,26.95,26.25,26.83,298267.0
2016-04-04 04:00:00,26.38,27.08,26.22,27.01,308485.0
2016-04-05 04:00:00,26.94,26.94,26.58,26.59,255745.0
2016-04-06 04:00:00,26.62,26.785,26.44,26.63,218696.0
2016-04-07 04:00:00,26.52,26.75,26.52,26.72,208812.0
2016-04-08 04:00:00,26.81,27.31,26.81,27.19,272995.0
2016-04-11 04:00:00,27.29,27.44,27.11,27.28,156254.0
2016-04-12 04:00:00,27.26,27.61,27.2,27.37,143998.0
2016-04-13 04:00:00,27.55,27.57,27.22,27.56,279701.0
2016-04-14 04:00:00,27.53,27.71,27.35,27.62,198126.0
2016-04-15 04:00:00,27.57,28.01,27.47,28.0,182033.0
2016-04-18 04:00:00,27.99,28.14,27.78,28.09,275252.0
2016-04-19 04:00:00,27.53,28.032,27.16,27.94,305670.0
2016-04-20 04:00:00,27.9,27.97,27.57,27.63,180283.0
2016-04-21 04:00:00,27.61,27.6541,27.24,27.31,250419.0
2016-04-22 04:00:00,27.27,27.63,27.27,27.46,944353.0
2016-04-25 04:00:00,27.44,27.71,27.34,27.63,240103.0
2016-04-26 04:00:00,27.63,28.04,27.44,27.93,413055.0
2016-04-27 04:00:00,27.93,28.23,27.9,28.06,358492.0
2016-04-28 04:00:00,27.6,28.46,27.58,27.8,294984.0
2016-04-29 04:00:00,27.7,28.23,27.43,27.93,282554.0
2016-05-02 04:00:00,28.01,28.72,27.9,28.43,455631.0
2016-05-03 04:00:00,28.4,28.74,28.31,28.51,236777.0
2016-05-04 04:00:00,28.52,29.075,28.25,28.99,334727.0
2016-05-05 04:00:00,28.82,29.02,28.23,28.23,356367.0
2016-05-06 04:00:00,28.17,28.76,28.0,28.76,355209.0
2016-05-09 04:00:00,28.76,28.97,28.47,28.74,230165.0
2016-05-10 04:00:00,28.88,28.91,28.6502,28.73,162063.0
2016-05-11 04:00:00,28.77,28.88,28.51,28.74,125872.0
2016-05-12 04:00:00,28.79,28.9,28.48,28.57,256997.0
2016-05-13 04:00:00,28.59,28.71,28.28,28.68,169312.0
2016-05-16 04:00:00,28.81,28.95,28.545,28.75,235363.0
2016-05-17 04:00:00,28.73,28.73,27.53,27.64,244508.0
2016-05-18 04:00:00,27.49,27.98,27.05,27.45,182328.0
2016-05-19 04:00:00,27.42,27.9,27.19,27.84,159353.0
2016-05-20 04:00:00,27.97,28.22,27.75,28.22,333323.0
2016-05-23 04:00:00,28.21,28.27,27.86,28.0,175775.0
2016-05-24 04:00:00,28.17,28.71,28.17,28.7,220654.0
2016-05-25 04:00:00,28.73,28.73,28.25,28.32,115140.0
2016-05-26 04:00:00,28.46,28.91,28.45,28.85,115974.0
2016-05-27 04:00:00,28.6,29.08,28.6,29.08,151457.0
2016-05-31 04:00:00,29.16,29.24,28.96,29.15,190294.0
2016-06-01 04:00:00,29.24,29.52,29.14,29.52,222226.0
2016-06-02 04:00:00,29.53,29.57,29.17,29.56,147596.0
2016-06-03 04:00:00,29.73,30.145,29.61,29.97,210031.0
2016-06-06 04:00:00,30.0,30.14,29.535,29.83,237991.0
2016-06-07 04:00:00,29.88,30.19,29.81,30.16,127263.0
2016-06-08 04:00:00,30.21,30.99,30.02,30.97,178152.0
2016-06-09 04:00:00,30.97,31.51,30.81,31.46,178764.0
2016-06-10 04:00:00,31.39,31.93,31.17,31.91,198718.0
2016-06-13 04:00:00,31.9,32.16,31.81,31.92,180769.0
2016-06-14 04:00:00,31.84,32.3,31.6701,32.29,266014.0
2016-06-15 04:00:00,32.39,32.39,31.46,31.67,249158.0
2016-06-16 04:00:00,31.64,31.95,31.57,31.9,248878.0
2016-06-17 04:00:00,31.98,31.99,31.52,31.9,705601.0
2016-06-20 04:00:00,32.11,32.14,31.7,31.93,164106.0
2016-06-21 04:00:00,31.95,32.2964,31.72,32.19,145680.0
2016-06-22 04:00:00,32.17,32.23,31.77,32.12,300164.0
2016-06-23 04:00:00,32.14,32.72,32.0,32.72,269739.0
2016-06-24 04:00:00,31.62,33.61,31.62,33.45,1347040.0
2016-06-27 04:00:00,33.5,34.15,33.05,34.04,404603.0
2016-06-28 04:00:00,34.02,34.145,33.5501,34.08,412837.0
2016-06-29 04:00:00,34.41,34.585,33.44,33.54,499939.0
2016-06-30 04:00:00,33.72,34.95,33.6501,34.93,502213.0
2016-07-01 04:00:00,35.0,35.15,34.23,34.48,304097.0
2016-07-05 04:00:00,34.6,35.45,34.6,35.44,388046.0
2016-07-06 04:00:00,35.44,35.62,34.83,34.96,301322.0
2016-07-07 04:00:00,34.74,34.87,33.55,33.73,300388.0
2016-07-08 04:00:00,33.69,34.12,33.355,34.1,385583.0
2016-07-11 04:00:00,34.07,34.07,33.6,34.0,336020.0
2016-07-12 04:00:00,33.98,34.05,33.4,33.48,403172.0
2016-07-13 04:00:00,33.53,33.89,33.48,33.65,315816.0
2016-07-14 04:00:00,33.46,33.53,32.64,32.65,467872.0
2016-07-15 04:00:00,32.81,33.09,32.77,33.01,239080.0
2016-07-18 04:00:00,32.91,33.19,32.695,32.83,191763.0
2016-07-19 04:00:00,32.88,33.03,32.68,32.93,200832.0
2016-07-20 04:00:00,32.86,33.07,32.71,33.04,252838.0
2016-07-21 04:00:00,32.93,33.12,32.78,33.07,166174.0
2016-07-22 04:00:00,33.06,33.6201,33.06,33.47,122764.0
2016-07-25 04:00:00,33.53,33.56,33.21,33.56,97419.0
2016-07-26 04:00:00,33.57,33.73,33.31,33.42,101234.0
2016-07-27 04:00:00,33.39,33.39,32.801,33.06,312995.0
2016-07-28 04:00:00,32.75,33.5,32.75,33.15,271670.0
2016-07-29 04:00:00,33.23,34.37,33.12,33.73,262258.0
2016-08-01 04:00:00,33.68,34.22,33.5,33.97,344765.0
2016-08-02 04:00:00,33.98,33.98,33.19,33.2,245723.0
2016-08-03 04:00:00,33.11,33.11,32.42,32.56,231522.0
2016-08-04 04:00:00,32.5,32.71,32.111,32.33,295325.0
2016-08-05 04:00:00,32.34,32.47,32.08,32.18,226574.0
2016-08-08 04:00:00,32.22,32.29,31.49,31.6,217390.0
2016-08-09 04:00:00,31.5,31.61,31.32,31.43,272627.0
2016-08-10 04:00:00,31.54,31.55,31.3,31.5,222050.0
2016-08-11 04:00:00,31.54,31.68,31.35,31.68,201799.0
2016-08-12 04:00:00,31.77,32.02,31.61,31.69,108935.0
2016-08-15 04:00:00,31.81,32.0295,31.38,31.39,130215.0
2016-08-16 04:00:00,31.39,31.39,30.48,30.91,333465.0
2016-08-17 04:00:00,30.86,31.41,30.5701,31.27,320141.0
2016-08-18 04:00:00,31.27,31.6599,31.27,31.56,198870.0
2016-08-19 04:00:00,31.48,31.67,31.31,31.65,257795.0
2016-08-22 04:00:00,31.73,31.81,31.51,31.74,110110.0
2016-08-23 04:00:00,31.69,31.96,31.4,31.4,159594.0
2016-08-24 04:00:00,31.43,31.43,31.04,31.36,154217.0
2016-08-25 04:00:00,31.43,31.71,31.16,31.58,98341.0
2016-08-26 04:00:00,31.75,31.98,30.97,31.01,104532.0
2016-08-29 04:00:00,31.11,31.38,30.94,31.09,108848.0
2016-08-30 04:00:00,31.11,31.14,30.53,30.73,110112.0
2016-08-31 04:00:00,30.83,30.83,30.2,30.49,180174.0
2016-09-01 04:00:00,30.46,30.56,30.185,30.34,104593.0
2016-09-02 04:00:00,30.51,31.04,30.44,31.04,115114.0
2016-09-06 04:00:00,31.06,31.28,30.92,31.17,124318.0
2016-09-07 04:00:00,31.25,31.98,31.01,31.98,216826.0
2016-09-08 04:00:00,31.93,32.24,31.89,32.02,219732.0
2016-09-09 04:00:00,31.7,31.8,30.56,30.57,258344.0
2016-09-12 04:00:00,30.38,30.81,30.27,30.72,221726.0
2016-09-13 04:00:00,30.65,30.76,30.13,30.14,245180.0
2016-09-14 04:00:00,30.31,30.38,29.9401,30.05,155744.0
2016-09-15 04:00:00,29.93,30.54,29.93,30.53,119309.0
2016-09-16 04:00:00,30.61,31.04,30.43,31.03,502217.0
2016-09-19 04:00:00,31.25,31.93,31.2,31.93,117715.0
2016-09-20 04:00:00,32.16,32.35,31.95,32.2,129885.0
2016-09-21 04:00:00,32.41,33.01,32.21,32.93,185549.0
2016-09-22 04:00:00,33.12,33.87,32.88,33.68,302809.0
2016-09-23 04:00:00,33.44,33.73,32.97,33.11,167778.0
2016-09-26 04:00:00,33.07,33.2,32.84,32.89,119967.0
2016-09-27 04:00:00,33.03,33.0698,32.53,32.65,124097.0
2016-09-28 04:00:00,32.65,32.74,32.23,32.56,112110.0
2016-09-29 04:00:00,32.42,32.42,31.9,32.13,130179.0
2016-09-30 04:00:00,32.48,32.48,31.97,32.09,199728.0
2016-10-03 04:00:00,32.01,32.01,31.21,31.76,190693.0
2016-10-04 04:00:00,31.68,31.83,30.855,30.96,126692.0
2016-10-05 04:00:00,31.1,31.18,30.74,30.84,149872.0
2016-10-06 04:00:00,30.64,30.98,30.41,30.49,219842.0
2016-10-07 04:00:00,30.76,31.05,30.27,30.28,167268.0
2016-10-10 04:00:00,30.83,32.19,30.83,31.75,255581.0
2016-10-11 04:00:00,31.86,31.98,31.3994,31.96,267170.0
2016-10-12 04:00:00,32.0,32.51,32.0,32.38,129320.0
2016-10-13 04:00:00,32.49,32.83,32.44,32.53,181366.0
2016-10-14 04:00:00,32.11,32.523,32.11,32.21,179678.0
2016-10-17 04:00:00,32.0,32.3,31.95,32.11,113054.0
2016-10-18 04:00:00,32.3,32.65,32.104,32.45,91706.0
2016-10-19 04:00:00,32.6,32.7,32.3,32.5,134159.0
2016-10-20 04:00:00,32.65,32.775,32.4,32.5,132171.0
2016-10-21 04:00:00,32.25,32.6,32.1,32.25,131523.0
2016-10-24 04:00:00,32.35,32.9419,32.35,32.7,100964.0
2016-10-25 04:00:00,32.6,32.85,32.5,32.85,119695.0
2016-10-26 04:00:00,32.65,33.1,32.4,32.43,163204.0
2016-10-27 04:00:00,31.85,32.85,31.85,32.2,157694.0
2016-10-28 04:00:00,31.65,31.7,29.25,30.4,504905.0
2016-10-31 04:00:00,30.3,31.1,30.25,31.0,316672.0
2016-11-01 04:00:00,31.05,31.5,30.8,31.0,295140.0
2016-11-02 04:00:00,31.1,31.1,30.6,30.85,187400.0
2016-11-03 04:00:00,30.55,30.95,30.5,30.7,166471.0
2016-11-04 04:00:00,30.8,31.15,30.2,30.3,285458.0
2016-11-07 05:00:00,30.4,30.9,30.05,30.65,325222.0
2016-11-08 05:00:00,30.75,31.5,30.743,31.25,131646.0
2016-11-09 05:00:00,30.8,31.5,30.4,31.35,235942.0
2016-11-10 05:00:00,31.4,31.65,30.05,31.1,238646.0
2016-11-11 05:00:00,31.0,32.8,31.0,32.55,290956.0
2016-11-14 05:00:00,32.55,33.15,32.15,33.05,210586.0
2016-11-15 05:00:00,33.2,33.6,33.05,33.5,152472.0
2016-11-16 05:00:00,33.3,34.45,33.05,34.45,304064.0
2016-11-17 05:00:00,34.4,34.85,34.2,34.3,157160.0
2016-11-18 05:00:00,34.45,34.8772,34.0,34.55,246451.0
2016-11-21 05:00:00,34.85,35.0,34.475,34.86,144792.0
2016-11-22 05:00:00,35.0,36.85,34.75,36.8,269076.0
2016-11-23 05:00:00,35.95,36.0,34.0,34.2,255524.0
2016-11-25 05:00:00,34.15,35.4,34.15,35.4,68189.0
2016-11-28 05:00:00,35.55,36.2,35.45,36.0,174293.0
2016-11-29 05:00:00,36.1,36.55,35.6503,36.1,171106.0
2016-11-30 05:00:00,35.7,36.1,34.25,34.55,222110.0
2016-12-01 05:00:00,34.45,35.0,33.625,34.35,213395.0
2016-12-02 05:00:00,34.65,35.05,34.1,34.35,228169.0
2016-12-05 05:00:00,34.55,34.95,34.1,34.8,237833.0
2016-12-06 05:00:00,34.75,35.0,34.1501,34.45,255028.0
2016-12-07 05:00:00,34.4,34.8,34.4,34.5,270896.0
2016-12-08 05:00:00,34.4,35.2,33.95,34.85,291084.0
2016-12-09 05:00:00,34.95,35.1,34.575,34.9,276582.0
2016-12-12 05:00:00,34.75,35.3,34.45,34.95,425820.0
2016-12-13 05:00:00,35.15,35.5,34.175,34.75,356387.0
2016-12-14 05:00:00,34.75,35.1,33.625,33.75,216530.0
2016-12-15 05:00:00,33.8,34.45,33.65,33.95,354423.0
2016-12-16 05:00:00,34.1,34.6,33.85,34.1,1694124.0
2016-12-19 05:00:00,34.3,34.7,34.15,34.35,413616.0
2016-12-20 05:00:00,34.4,34.5,34.0,34.2,298472.0
2016-12-21 05:00:00,34.25,34.5,34.0,34.0,196423.0
2016-12-22 05:00:00,34.05,34.2478,33.301,33.5,217032.0
2016-12-23 05:00:00,33.7,34.1,33.2,34.1,215783.0
2016-12-27 05:00:00,33.9,34.8,33.85,34.45,217335.0
2016-12-28 05:00:00,34.75,34.75,33.85,33.95,129471.0
2016-12-29 05:00:00,33.95,34.4,33.95,34.3,138665.0
2016-12-30 05:00:00,34.3,34.3,33.8,33.9,141736.0
2017-01-03 05:00:00,34.0,34.0,33.45,33.75,225693.0
2017-01-04 05:00:00,33.6,34.3,33.6,34.3,288087.0
2017-01-05 05:00:00,34.25,34.25,33.8,34.0,167628.0
2017-01-06 05:00:00,33.95,34.1,33.4,33.45,165058.0
2017-01-09 05:00:00,33.5,33.5,32.45,32.5,162621.0
2017-01-10 05:00:00,32.6,33.1,32.45,33.0,177204.0
2017-01-11 05:00:00,32.9,33.45,32.9,33.35,184631.0
2017-01-12 05:00:00,33.25,33.35,32.55,32.65,110498.0
2017-01-13 05:00:00,32.75,33.0,32.65,33.0,147122.0
2017-01-17 05:00:00,32.9,33.2,32.85,33.05,91314.0
2017-01-18 05:00:00,32.95,33.2,32.775,33.1,119438.0
2017-01-19 05:00:00,32.9,33.1,32.675,32.95,134621.0
2017-01-20 05:00:00,32.9,33.6,32.9,33.4,170721.0
2017-01-23 05:00:00,33.45,33.7125,33.3,33.55,107936.0
2017-01-24 05:00:00,33.55,34.225,33.4,34.05,147618.0
2017-01-25 05:00:00,34.3,35.15,34.05,35.1,243835.0
2017-01-26 05:00:00,35.2,35.5,34.75,34.85,162386.0
2017-01-27 05:00:00,35.0,35.0,34.45,34.75,113718.0
2017-01-30 05:00:00,34.7,34.7,33.9,33.95,145127.0
2017-01-31 05:00:00,34.0,34.6,33.75,34.5,160096.0
2017-02-01 05:00:00,34.45,34.65,33.55,33.65,160410.0
2017-02-02 05:00:00,33.5,34.15,33.5,33.9,133331.0
2017-02-03 05:00:00,34.05,34.15,33.7,34.0,141023.0
2017-02-06 05:00:00,34.0,34.1,33.625,33.75,197066.0
2017-02-07 05:00:00,33.75,33.9,33.4,33.8,102099.0
2017-02-08 05:00:00,33.6,34.15,33.55,33.85,93925.0
2017-02-09 05:00:00,33.75,34.1999,33.7,34.15,100589.0
2017-02-10 05:00:00,34.25,34.7499,34.1,34.65,93350.0
2017-02-13 05:00:00,34.55,35.05,34.4,35.0,136115.0
2017-02-14 05:00:00,35.15,35.15,34.35,34.45,180202.0
2017-02-15 05:00:00,34.1,34.75,33.9208,34.75,127959.0
2017-02-16 05:00:00,34.65,34.85,34.25,34.6,147226.0
2017-02-17 05:00:00,34.7,35.1,34.25,34.9,523771.0
2017-02-21 05:00:00,34.9,35.55,34.7347,35.55,139480.0
2017-02-22 05:00:00,35.6,35.6,35.15,35.5,107476.0
2017-02-23 05:00:00,35.6,37.6,35.3,37.6,238334.0
2017-02-24 05:00:00,36.25,37.6,35.05,37.0,366799.0
2017-02-27 05:00:00,36.95,37.325,36.7,36.95,233016.0
2017-02-28 05:00:00,36.9,37.075,36.6,36.75,229206.0
2017-03-01 05:00:00,36.8,37.35,36.6,37.0,313837.0
2017-03-02 05:00:00,36.95,37.5,36.6,37.1,174640.0
2017-03-03 05:00:00,37.15,37.2,36.2,36.5,157721.0
2017-03-06 05:00:00,36.35,36.45,36.0,36.0,122054.0
2017-03-07 05:00:00,36.0,36.15,35.65,35.65,146722.0
2017-03-08 05:00:00,35.65,35.65,34.5,34.55,139723.0
2017-03-09 05:00:00,34.45,34.86,34.3,34.3,121855.0
2017-03-10 05:00:00,34.55,34.6,34.15,34.45,161919.0
2017-03-13 04:00:00,34.3,34.8,34.3,34.55,135444.0
2017-03-14 04:00:00,34.5,34.55,34.25,34.45,131025.0
2017-03-15 04:00:00,34.55,35.3,34.55,34.9,441514.0
2017-03-16 04:00:00,34.95,34.95,34.3,34.45,301675.0
2017-03-17 04:00:00,34.45,35.05,34.35,34.75,655417.0
2017-03-20 04:00:00,34.9,35.15,34.6,34.9,166178.0
2017-03-21 04:00:00,34.9,35.35,34.55,34.9,166555.0
2017-03-22 04:00:00,35.05,35.2,34.5,34.9,141782.0
2017-03-23 04:00:00,34.9,35.5,34.6,34.8,164656.0
2017-03-24 04:00:00,34.8,35.3,34.8,35.05,147988.0
2017-03-27 04:00:00,35.05,35.2,34.45,34.7,151485.0
2017-03-28 04:00:00,34.55,34.55,34.05,34.55,287498.0
2017-03-29 04:00:00,34.55,35.15,34.325,35.0,122175.0
2017-03-30 04:00:00,35.0,35.15,34.6,35.05,157535.0
2017-03-31 04:00:00,35.0,35.95,35.0,35.85,290335.0
2017-04-03 04:00:00,36.0,36.0,34.8,34.95,212633.0
2017-04-04 04:00:00,35.0,35.6,35.0,35.4,159378.0
2017-04-05 04:00:00,35.25,36.075,35.2,36.05,223051.0
2017-04-06 04:00:00,35.95,36.025,35.25,36.0,173831.0
2017-04-07 04:00:00,36.05,36.35,35.9,35.9,160129.0
2017-04-10 04:00:00,35.95,36.15,35.746,36.15,107423.0
2017-04-11 04:00:00,36.1,36.8,35.95,36.6,133895.0
2017-04-12 04:00:00,36.7,36.85,36.2,36.8,96020.0
2017-04-13 04:00:00,36.85,36.9,36.35,36.35,113856.0
2017-04-17 04:00:00,36.6,36.9,36.4,36.85,130554.0
2017-04-18 04:00:00,36.85,36.95,36.55,36.8,156628.0
2017-04-19 04:00:00,36.95,36.95,36.6,36.75,152356.0
2017-04-20 04:00:00,36.75,36.95,36.5,36.9,136392.0
2017-04-21 04:00:00,36.85,37.6,36.85,37.35,180053.0
2017-04-24 04:00:00,37.6,37.95,37.4,37.4,193932.0
2017-04-25 04:00:00,37.45,37.825,37.4,37.65,124723.0
2017-04-26 04:00:00,37.7,38.65,37.25,38.3,189494.0
2017-04-27 04:00:00,37.3,39.4,37.15,37.15,226232.0
2017-04-28 04:00:00,37.0,37.05,35.5,35.7,229175.0
2017-05-01 04:00:00,35.9,36.0,35.15,35.4,131999.0
2017-05-02 04:00:00,35.45,35.8,35.35,35.8,242901.0
2017-05-03 04:00:00,35.75,35.75,34.9,35.15,160491.0
2017-05-04 04:00:00,34.95,35.0,34.15,34.55,121743.0
2017-05-05 04:00:00,34.6,35.15,34.6,34.9,159924.0
2017-05-08 04:00:00,34.9,35.25,34.05,34.2,135505.0
2017-05-09 04:00:00,34.1,34.15,32.75,33.25,302385.0
2017-05-10 04:00:00,33.25,34.35,33.25,34.15,146857.0
2017-05-11 04:00:00,34.05,34.2,33.55,34.15,104867.0
2017-05-12 04:00:00,34.2,34.35,33.85,34.1,83739.0
2017-05-15 04:00:00,34.3,34.7,34.2,34.5,146793.0
2017-05-16 04:00:00,34.65,34.65,34.05,34.35,138598.0
2017-05-17 04:00:00,33.9,34.1,33.5,33.8,162576.0
2017-05-18 04:00:00,33.8,34.1,33.3,33.6,161459.0
2017-05-19 04:00:00,33.7,34.3,33.45,34.2,194293.0
2017-05-22 04:00:00,34.2,34.45,33.85,33.9,182248.0
2017-05-23 04:00:00,34.1,34.65,33.9348,34.6,179860.0
2017-05-24 04:00:00,34.65,35.25,34.3,34.3,87941.0
2017-05-25 04:00:00,34.4,34.95,34.25,34.85,159240.0
2017-05-26 04:00:00,34.85,34.95,34.4,34.45,70379.0
2017-05-30 04:00:00,34.4,34.7,34.15,34.4,65882.0
2017-05-31 04:00:00,34.55,34.85,34.22,34.65,79972.0
2017-06-01 04:00:00,34.6,35.55,34.5,35.5,121525.0
2017-06-02 04:00:00,35.7,36.25,35.5001,35.75,143937.0
2017-06-05 04:00:00,35.65,36.05,35.4,35.5,74395.0
2017-06-06 04:00:00,35.35,35.95,35.15,35.8,131075.0
2017-06-07 04:00:00,35.8,36.0757,35.7,36.0,86457.0
2017-06-08 04:00:00,36.05,36.375,35.55,36.35,121029.0
2017-06-09 04:00:00,36.4,37.6505,36.05,37.5,175714.0
2017-06-12 04:00:00,37.45,38.4,36.8,36.95,161911.0
2017-06-13 04:00:00,37.0,37.55,36.8,37.25,87914.0
2017-06-14 04:00:00,37.45,37.85,37.35,37.6,96520.0
2017-06-15 04:00:00,37.35,37.85,37.325,37.35,154884.0
2017-06-16 04:00:00,37.15,37.7,36.45,37.45,438541.0
2017-06-19 04:00:00,37.65,37.65,36.95,37.05,108603.0
2017-06-20 04:00:00,36.95,36.95,36.2,36.25,157447.0
2017-06-21 04:00:00,36.3,36.45,35.8,35.8,81771.0
2017-06-22 04:00:00,35.85,36.55,35.65,36.3,122887.0
2017-06-23 04:00:00,36.35,36.7,36.25,36.45,214629.0
2017-06-26 04:00:00,36.35,36.4,35.9,36.25,103200.0
2017-06-27 04:00:00,36.05,36.2,35.35,35.9,172822.0
2017-06-28 04:00:00,36.15,36.4999,35.95,36.05,157326.0
2017-06-29 04:00:00,35.95,36.4,35.65,36.3,139701.0
2017-06-30 04:00:00,36.4,37.05,36.4,36.8,275978.0
2017-07-03 04:00:00,37.05,37.1,36.65,36.85,95544.0
2017-07-05 04:00:00,36.7,37.0,36.5,36.8,183897.0
2017-07-06 04:00:00,36.65,36.85,36.4,36.8,204925.0
2017-07-07 04:00:00,36.9,37.15,36.6,36.9,95144.0
2017-07-10 04:00:00,36.9,37.0,36.65,36.8,134185.0
2017-07-11 04:00:00,36.9,37.25,36.6,37.1,163877.0
2017-07-12 04:00:00,37.35,37.9,37.15,37.7,146542.0
2017-07-13 04:00:00,37.75,37.75,36.8,37.2,132411.0
2017-07-14 04:00:00,37.25,37.55,37.0,37.35,134200.0
2017-07-17 04:00:00,37.2,37.5,37.0,37.25,114363.0
2017-07-18 04:00:00,37.15,37.7,36.9,37.65,83348.0
2017-07-19 04:00:00,37.65,38.175,37.6,38.15,83381.0
2017-07-20 04:00:00,38.25,39.0,38.2,38.8,105277.0
2017-07-21 04:00:00,39.6,39.65,38.8,39.5,222228.0
2017-07-24 04:00:00,39.45,39.5,38.1,38.4,129482.0
2017-07-25 04:00:00,38.45,38.8,38.325,38.45,161347.0
2017-07-26 04:00:00,38.4,38.75,38.2,38.5,118501.0
2017-07-27 04:00:00,38.5,39.35,37.45,38.25,189107.0
2017-07-28 04:00:00,38.2,39.3,38.0,39.15,137350.0
2017-07-31 04:00:00,39.25,39.25,38.65,38.9,137930.0
2017-08-01 04:00:00,39.1,39.3,38.75,39.15,102023.0
2017-08-02 04:00:00,38.95,39.15,38.3,38.3,134513.0
2017-08-03 04:00:00,38.1,38.7,38.1,38.5,99723.0
2017-08-04 04:00:00,38.5,39.1,38.5,38.85,118951.0
2017-08-07 04:00:00,38.9,39.0,38.45,38.5,132660.0
2017-08-08 04:00:00,38.45,39.05,38.3,38.65,185596.0
2017-08-09 04:00:00,38.5,38.6,38.25,38.4,160299.0
2017-08-10 04:00:00,38.25,38.65,38.2,38.25,117145.0
2017-08-11 04:00:00,38.0,38.45,37.3328,37.9,165677.0
2017-08-14 04:00:00,37.9,38.65,37.8875,38.6,92634.0
2017-08-15 04:00:00,38.5,38.75,38.2,38.35,71170.0
2017-08-16 04:00:00,38.45,38.5125,37.85,37.95,79901.0
2017-08-17 04:00:00,37.85,38.05,37.05,37.15,121024.0
2017-08-18 04:00:00,36.85,37.1449,36.65,36.8,213460.0
2017-08-21 04:00:00,36.85,37.05,36.7,36.9,184369.0
2017-08-22 04:00:00,37.0,37.0,36.4,36.6,215894.0
2017-08-23 04:00:00,36.5,36.7,36.3,36.6,173825.0
2017-08-24 04:00:00,36.65,37.1,36.65,37.0,91988.0
2017-08-25 04:00:00,37.1,37.1,36.55,36.65,109037.0
2017-08-28 04:00:00,36.75,36.95,36.35,36.7,275527.0
2017-08-29 04:00:00,36.7,37.2,36.675,37.0,134202.0
2017-08-30 04:00:00,36.9,37.05,36.5875,37.0,100990.0
2017-08-31 04:00:00,36.95,37.55,36.65,37.45,181720.0
2017-09-01 04:00:00,37.55,37.75,37.0695,37.25,67808.0
2017-09-05 04:00:00,37.2,37.25,36.75,36.95,145573.0
2017-09-06 04:00:00,37.0,37.05,36.7,36.85,106486.0
2017-09-07 04:00:00,36.8,37.4,36.65,37.3,142907.0
2017-09-08 04:00:00,37.25,37.8265,37.05,37.7,154794.0
2017-09-11 04:00:00,37.8,38.55,37.8,38.4,95029.0
2017-09-12 04:00:00,38.45,38.45,36.9,37.0,114755.0
2017-09-13 04:00:00,36.95,37.44,36.8,36.9,82787.0
2017-09-14 04:00:00,36.95,37.575,36.65,37.55,74471.0
2017-09-15 04:00:00,37.65,37.95,37.3,37.6,390499.0
2017-09-18 04:00:00,37.6,38.15,37.5,38.05,115983.0
2017-09-19 04:00:00,37.95,38.3,37.85,38.2,122836.0
2017-09-20 04:00:00,38.3,38.55,37.75,38.05,114374.0
2017-09-21 04:00:00,38.15,38.3,37.7,37.8,96572.0
2017-09-22 04:00:00,38.0,38.45,37.8,38.05,71620.0
2017-09-25 04:00:00,37.95,38.695,37.9,38.6,123289.0
2017-09-26 04:00:00,38.6,38.9,38.35,38.55,87043.0
2017-09-27 04:00:00,38.5,38.58,37.55,37.85,241773.0
2017-09-28 04:00:00,37.85,38.3,37.35,38.25,123799.0
2017-09-29 04:00:00,38.35,38.4,38.0,38.15,188887.0
2017-10-02 04:00:00,38.25,39.6,38.15,39.6,133847.0
2017-10-03 04:00:00,39.5,39.85,39.1,39.65,160779.0
2017-10-04 04:00:00,39.75,40.525,39.6,40.2,110124.0
2017-10-05 04:00:00,40.3,40.6,39.9,40.55,81047.0
2017-10-06 04:00:00,40.35,40.65,40.15,40.6,112120.0
2017-10-09 04:00:00,40.6,41.25,40.6,40.95,120366.0
2017-10-10 04:00:00,41.15,41.65,40.7824,41.35,180146.0
2017-10-11 04:00:00,41.35,41.95,41.35,41.75,122446.0
2017-10-12 04:00:00,41.85,42.4,41.5,41.75,144755.0
2017-10-13 04:00:00,41.9,42.05,41.25,41.35,131102.0
2017-10-16 04:00:00,41.6,41.8,41.25,41.75,118294.0
2017-10-17 04:00:00,41.75,42.45,41.75,42.2,72106.0
2017-10-18 04:00:00,42.2,42.95,42.1,42.9,82422.0
2017-10-19 04:00:00,42.85,43.45,42.85,43.35,103134.0
2017-10-20 04:00:00,43.55,43.75,42.8,43.25,165297.0
2017-10-23 04:00:00,43.15,43.45,42.85,42.9,74752.0
2017-10-24 04:00:00,43.0,43.15,41.75,41.8,148748.0
2017-10-25 04:00:00,41.75,41.75,41.1,41.65,224861.0
2017-10-26 04:00:00,41.95,42.9,41.3162,42.55,194890.0
2017-10-27 04:00:00,42.8,43.25,42.65,43.05,253911.0
2017-10-30 04:00:00,43.1,43.25,41.95,42.35,179770.0
2017-10-31 04:00:00,42.5,42.6,41.8,42.0,279587.0
2017-11-01 04:00:00,42.2,42.75,42.1,42.45,119889.0
2017-11-02 04:00:00,42.5,43.65,42.4,43.45,100519.0
2017-11-03 04:00:00,43.2,43.5,42.95,43.0,91128.0
2017-11-06 05:00:00,43.0,43.75,42.8,43.55,150954.0
2017-11-07 05:00:00,43.75,43.75,42.7,43.0,289083.0
2017-11-08 05:00:00,42.85,43.45,42.3,43.45,115945.0
2017-11-09 05:00:00,43.15,43.7,42.689,42.9,82487.0
2017-11-10 05:00:00,42.9,43.1,42.7,42.9,92435.0
2017-11-13 05:00:00,42.95,43.3,42.625,43.0,225311.0
2017-11-14 05:00:00,43.0,43.425,43.0,43.4,224060.0
2017-11-15 05:00:00,43.35,44.3,43.35,43.4,249020.0
2017-11-16 05:00:00,43.4,44.15,43.1,43.95,131590.0
2017-11-17 05:00:00,43.6,44.2,43.45,44.1,348131.0
2017-11-20 05:00:00,44.4,44.4,43.35,44.05,234838.0
2017-11-21 05:00:00,44.3,44.9525,44.0986,44.75,195855.0
2017-11-22 05:00:00,44.75,44.75,44.2,44.45,121802.0
2017-11-24 05:00:00,44.5,44.7,43.9,44.0,64685.0
2017-11-27 05:00:00,44.0,44.475,43.997,44.0,143225.0
2017-11-28 05:00:00,44.2,44.6,44.05,44.6,145403.0
2017-11-29 05:00:00,44.6,45.65,44.4,45.35,173532.0
2017-11-30 05:00:00,45.55,46.15,45.48,45.6,170564.0
2017-12-01 05:00:00,45.75,45.75,44.125,45.0,244044.0
2017-12-04 05:00:00,45.4,45.4,44.55,44.9,142057.0
2017-12-05 05:00:00,44.8,44.8,43.5,43.65,127998.0
2017-12-06 05:00:00,43.65,44.15,43.65,43.8,96021.0
2017-12-07 05:00:00,43.7,44.15,43.35,43.8,237040.0
2017-12-08 05:00:00,44.0,44.0,43.5,43.75,95993.0
2017-12-11 05:00:00,43.7,43.8,43.05,43.3,154835.0
2017-12-12 05:00:00,43.25,43.4,42.5,42.5,239609.0
2017-12-13 05:00:00,42.5,43.2,42.5,42.8,179191.0
2017-12-14 05:00:00,42.65,43.05,42.2,42.35,180718.0
2017-12-15 05:00:00,42.4,44.1,42.4,43.7,879146.0
2017-12-18 05:00:00,43.95,44.25,43.15,43.85,298386.0
2017-12-19 05:00:00,43.65,43.8,42.5,42.6,125010.0
2017-12-20 05:00:00,42.75,43.5,42.7,43.2,108312.0
2017-12-21 05:00:00,43.2,43.875,43.05,43.65,132839.0
2017-12-22 05:00:00,43.85,43.9,43.4,43.85,115805.0
2017-12-26 05:00:00,43.85,44.45,43.85,44.3,158347.0
2017-12-27 05:00:00,44.5,45.35,44.375,44.8,172030.0
2017-12-28 05:00:00,44.9,45.425,44.35,45.3,242355.0
2017-12-29 05:00:00,45.5,45.75,45.25,45.35,189336.0
2018-01-02 05:00:00,45.7,45.8495,44.45,44.7,346728.0
2018-01-03 05:00:00,44.5,44.85,43.7,44.25,204369.0
2018-01-04 05:00:00,43.9,44.7,43.75,43.85,152865.0
2018-01-05 05:00:00,43.85,44.15,43.0,43.5,196628.0
2018-01-08 05:00:00,43.45,44.2,43.35,44.15,226637.0
2018-01-09 05:00:00,44.15,44.2,43.6,43.65,150836.0
2018-01-10 05:00:00,43.5,43.6,42.55,42.6,226057.0
2018-01-11 05:00:00,42.55,43.4,42.5,43.1,197629.0
2018-01-12 05:00:00,43.2,43.3,42.55,42.85,236072.0
2018-01-16 05:00:00,43.15,44.15,43.0,43.35,281689.0
2018-01-17 05:00:00,42.95,43.6,42.5,43.25,393792.0
2018-01-18 05:00:00,43.15,43.3,42.5,42.75,259182.0
2018-01-19 05:00:00,42.7,43.8,42.7,43.8,256801.0
2018-01-22 05:00:00,43.95,44.05,43.55,43.9,278982.0
2018-01-23 05:00:00,43.9,45.15,43.9,44.7,325725.0
2018-01-24 05:00:00,44.9,45.75,44.45,45.1,445541.0
2018-01-25 05:00:00,45.4,45.75,42.5,43.35,625429.0
2018-01-26 05:00:00,43.3,43.4,41.45,41.7,382736.0
2018-01-29 05:00:00,41.6,41.9,41.2,41.45,299348.0
2018-01-30 05:00:00,41.25,41.75,40.95,41.05,337370.0
2018-01-31 05:00:00,41.3,41.3,40.5,40.7,3893407.0
2018-02-01 05:00:00,40.85,42.25,40.825,41.45,470424.0
2018-02-02 05:00:00,41.05,41.9,41.05,41.55,256174.0
2018-02-05 05:00:00,41.45,41.8,40.1,40.15,263052.0
2018-02-06 05:00:00,39.55,40.025,38.4,39.75,429002.0
2018-02-07 05:00:00,39.7,40.275,38.8,38.95,481478.0
2018-02-08 05:00:00,38.95,39.25,37.2,37.25,493093.0
2018-02-09 05:00:00,37.25,38.35,36.7,37.85,624729.0
2018-02-12 05:00:00,37.9,38.45,37.35,38.2,348332.0
2018-02-13 05:00:00,38.1,38.25,37.7,38.1,252453.0
2018-02-14 05:00:00,37.8,38.45,37.45,38.15,287608.0
2018-02-15 05:00:00,38.3,38.9,37.91,38.8,210872.0
2018-02-16 05:00:00,38.8,39.9,38.675,39.5,434232.0
2018-02-20 05:00:00,39.4,39.55,38.7,39.05,304877.0
2018-02-21 05:00:00,39.1,39.8,38.65,38.9,263230.0
2018-02-22 05:00:00,39.05,39.675,38.95,39.2,132334.0
2018-02-23 05:00:00,39.45,40.15,39.45,40.15,108216.0
2018-02-26 05:00:00,40.15,40.5,40.0,40.45,106290.0
2018-02-27 05:00:00,40.45,40.65,39.05,39.1,292864.0
2018-02-28 05:00:00,39.2,39.3,37.9,37.95,267023.0
2018-03-01 05:00:00,38.4,38.85,37.65,37.95,231811.0
2018-03-02 05:00:00,38.05,38.125,36.1,36.4,328217.0
2018-03-05 05:00:00,36.15,36.95,35.725,36.7,1115843.0
2018-03-06 05:00:00,36.95,37.25,35.25,35.4,708460.0
2018-03-07 05:00:00,35.35,37.4,35.35,37.3,373294.0
2018-03-08 05:00:00,37.1,37.2,36.35,37.0,291830.0
2018-03-09 05:00:00,37.3,38.15,36.9,37.75,427929.0
2018-03-12 04:00:00,37.8,38.85,37.65,38.5,281732.0
2018-03-13 04:00:00,38.6,38.9,37.45,37.6,242694.0
2018-03-14 04:00:00,37.8,38.1,36.8,37.1,725264.0
2018-03-15 04:00:00,37.2,37.55,36.45,37.1,609977.0
2018-03-16 04:00:00,37.2,38.0,36.45,37.4,1646195.0
2018-03-19 04:00:00,37.4,38.05,37.05,37.6,432801.0
2018-03-20 04:00:00,37.65,38.65,37.65,38.5,581833.0
2018-03-21 04:00:00,38.5,38.6,37.9,38.1,214077.0
2018-03-22 04:00:00,38.05,38.35,37.65,37.7,604587.0
2018-03-23 04:00:00,37.4,37.85,35.9,35.95,444014.0
2018-03-26 04:00:00,36.55,36.975,36.0,36.9,321881.0
2018-03-27 04:00:00,37.1,37.5,36.45,36.8,305254.0
2018-03-28 04:00:00,36.9,37.2125,36.65,36.9,273748.0
2018-03-29 04:00:00,37.0,37.75,37.0,37.25,278714.0
2018-04-02 04:00:00,37.25,37.375,35.6,35.65,298512.0
2018-04-03 04:00:00,36.1,36.7,35.85,36.5,311521.0
2018-04-04 04:00:00,36.05,36.95,35.95,36.75,169762.0
2018-04-05 04:00:00,36.85,37.6,36.3588,37.5,189608.0
2018-04-06 04:00:00,37.35,37.65,36.7,37.0,240784.0
2018-04-09 04:00:00,37.1,37.3,36.75,36.85,219134.0
2018-04-10 04:00:00,37.1,37.45,36.89,37.2,175229.0
2018-04-11 04:00:00,37.0,37.75,36.65,37.55,196006.0
2018-04-12 04:00:00,37.65,37.65,36.8,37.1,191215.0
2018-04-13 04:00:00,37.15,37.75,37.15,37.65,215390.0
2018-04-16 04:00:00,37.85,38.45,37.6751,38.35,327388.0
2018-04-17 04:00:00,38.5,39.45,38.25,39.25,196686.0
2018-04-18 04:00:00,39.2,39.6,39.15,39.3,589602.0
2018-04-19 04:00:00,39.15,39.55,38.85,39.45,236377.0
2018-04-20 04:00:00,39.2,39.55,39.05,39.55,183291.0
2018-04-23 04:00:00,39.45,40.2,39.35,39.95,328268.0
2018-04-24 04:00:00,40.1,40.3,39.55,39.85,257250.0
2018-04-25 04:00:00,39.8,40.1,39.1,39.25,261413.0
2018-04-26 04:00:00,39.05,39.9,37.7,39.8,804630.0
2018-04-27 04:00:00,39.65,40.0,38.325,38.6,346104.0
2018-04-30 04:00:00,38.65,39.25,38.35,38.75,2413031.0
2018-05-01 04:00:00,38.65,39.7,38.65,39.65,383461.0
2018-05-02 04:00:00,39.4,40.0,38.8,39.9,629307.0
2018-05-03 04:00:00,39.7,40.3,38.95,40.0,364388.0
2018-05-04 04:00:00,39.7,40.25,39.4,40.05,287853.0
2018-05-07 04:00:00,40.1,40.3,39.6,39.75,189831.0
2018-05-08 04:00:00,39.6,39.6,38.75,39.15,222031.0
2018-05-09 04:00:00,39.2,39.45,38.85,39.15,267448.0
2018-05-10 04:00:00,39.25,39.85,39.1,39.75,192294.0
2018-05-11 04:00:00,39.7,39.95,39.5,39.65,179567.0
2018-05-14 04:00:00,39.65,39.7,38.8,38.9,165853.0
2018-05-15 04:00:00,38.75,38.8,38.3,38.5,164869.0
2018-05-16 04:00:00,38.55,38.835,38.15,38.55,233861.0
2018-05-17 04:00:00,38.55,38.65,38.25,38.45,144041.0
2018-05-18 04:00:00,38.55,39.1,38.55,38.9,446206.0
2018-05-21 04:00:00,39.1,39.65,39.0,39.55,224420.0
2018-05-22 04:00:00,39.6,39.758,39.3,39.35,137738.0
2018-05-23 04:00:00,39.35,39.95,39.25,39.9,158276.0
2018-05-24 04:00:00,39.95,40.7,39.8,40.55,334448.0
2018-05-25 04:00:00,40.55,40.8,39.8,40.75,145862.0
2018-05-29 04:00:00,40.5,41.55,40.5,41.25,366914.0
2018-05-30 04:00:00,41.5,41.65,41.2,41.3,257974.0
2018-05-31 04:00:00,41.2,41.275,40.2,40.25,193809.0
2018-06-01 04:00:00,40.55,40.55,39.9,40.0,216122.0
2018-06-04 04:00:00,40.2,40.45,39.525,39.9,329444.0
2018-06-05 04:00:00,39.75,39.85,39.45,39.55,163752.0
2018-06-06 04:00:00,39.55,39.65,38.6,38.9,175574.0
2018-06-07 04:00:00,39.0,39.25,38.7,39.1,147811.0
2018-06-08 04:00:00,39.15,39.55,38.8,39.05,182007.0
2018-06-11 04:00:00,39.0,39.2,38.45,38.75,153780.0
2018-06-12 04:00:00,38.8,39.3,38.8,39.1,160186.0
2018-06-13 04:00:00,39.05,39.25,38.6,38.75,148118.0
2018-06-14 04:00:00,38.8,39.3,38.65,39.25,150294.0
2018-06-15 04:00:00,39.25,39.6,39.0,39.55,301150.0
2018-06-18 04:00:00,39.55,39.8,39.25,39.7,165118.0
2018-06-19 04:00:00,39.5,40.0,39.5,39.85,180500.0
2018-06-20 04:00:00,39.9,40.1721,39.7,40.0,169926.0
2018-06-21 04:00:00,40.05,40.05,39.6,39.9,137486.0
2018-06-22 04:00:00,40.05,40.25,39.68,40.0,747559.0
2018-06-25 04:00:00,40.0,40.15,39.7,39.9,241052.0
2018-06-26 04:00:00,39.85,40.35,39.55,40.0,168986.0
2018-06-27 04:00:00,39.9,39.9,39.25,39.3,198857.0
2018-06-28 04:00:00,39.3,39.75,38.95,39.15,163360.0
2018-06-29 04:00:00,39.15,39.35,38.75,38.95,166863.0
2018-07-02 04:00:00,38.85,39.95,38.85,39.9,192285.0
2018-07-03 04:00:00,39.95,40.6,39.75,40.45,120952.0
2018-07-05 04:00:00,40.5,41.45,40.3,41.4,240150.0
2018-07-06 04:00:00,41.5,42.25,41.25,42.05,138804.0
2018-07-09 04:00:00,42.15,42.25,40.8,40.9,204941.0
2018-07-10 04:00:00,40.8,41.2,40.65,41.1,210086.0
2018-07-11 04:00:00,41.1,41.5,40.9,40.95,132102.0
2018-07-12 04:00:00,41.05,41.05,40.405,40.75,126926.0
2018-07-13 04:00:00,40.71,41.15,40.65,40.95,99690.0
2018-07-16 04:00:00,41.0,41.1,40.55,41.0,136257.0
2018-07-17 04:00:00,40.95,41.45,40.65,40.7,100266.0
2018-07-18 04:00:00,40.6,40.85,40.3,40.7,96660.0
2018-07-19 04:00:00,40.5,41.4,40.5,41.15,121340.0
2018-07-20 04:00:00,41.2,41.25,40.625,40.65,96777.0
2018-07-23 04:00:00,40.55,41.4,40.45,41.15,176179.0
2018-07-24 04:00:00,41.0,41.35,40.65,41.2,177322.0
2018-07-25 04:00:00,41.1,41.45,40.675,41.0,230703.0
2018-07-26 04:00:00,40.6,42.25,40.5003,41.95,271249.0
2018-07-27 04:00:00,41.85,42.15,40.9501,41.1,246684.0
2018-07-30 04:00:00,41.0,41.15,40.325,40.5,232029.0
2018-07-31 04:00:00,40.65,41.6,40.45,41.1,1235187.0
2018-08-01 04:00:00,40.9,40.9,39.85,40.2,298009.0
2018-08-02 04:00:00,40.0,41.082,40.0,40.9,151805.0
2018-08-03 04:00:00,40.8,41.0,39.9,39.95,173033.0
2018-08-06 04:00:00,40.15,40.6,40.15,40.5,146554.0
2018-08-07 04:00:00,40.55,40.55,39.95,40.15,248417.0
2018-08-08 04:00:00,40.05,40.75,39.9,40.6,188591.0
2018-08-09 04:00:00,40.6,40.85,40.45,40.7,116757.0
2018-08-10 04:00:00,40.6,40.95,40.45,40.5,106133.0
2018-08-13 04:00:00,40.4,40.4,39.85,40.05,147271.0
2018-08-14 04:00:00,40.2,40.7,40.05,40.7,120406.0
2018-08-15 04:00:00,40.65,40.7752,40.25,40.35,133636.0
2018-08-16 04:00:00,40.35,40.75,40.1,40.65,101251.0
2018-08-17 04:00:00,40.55,41.2,40.2,41.05,436569.0
2018-08-20 04:00:00,41.25,41.475,41.05,41.45,183495.0
2018-08-21 04:00:00,41.4,41.8,41.35,41.45,198968.0
2018-08-22 04:00:00,41.35,41.65,40.9,41.1,157073.0
2018-08-23 04:00:00,41.0,41.25,40.85,40.95,153273.0
2018-08-24 04:00:00,41.0,41.3,40.85,41.1,178332.0
2018-08-27 04:00:00,41.25,41.4,40.65,40.85,151489.0
2018-08-28 04:00:00,40.75,41.0,40.15,40.25,128620.0
2018-08-29 04:00:00,40.4,40.75,40.25,40.65,152585.0
2018-08-30 04:00:00,40.6,41.1,40.55,40.9,100582.0
2018-08-31 04:00:00,40.95,41.2,40.7,41.15,153236.0
2018-09-04 04:00:00,41.0,41.35,40.75,41.15,154320.0
2018-09-05 04:00:00,41.1,41.85,41.1,41.7,208443.0
2018-09-06 04:00:00,41.75,42.2,41.5,42.0,153584.0
2018-09-07 04:00:00,41.75,42.0,41.5,41.75,145994.0
2018-09-10 04:00:00,41.85,42.1,41.5,41.65,124587.0
2018-09-11 04:00:00,41.5,41.7,41.25,41.5,156353.0
2018-09-12 04:00:00,41.5,41.65,41.25,41.25,117825.0
2018-09-13 04:00:00,41.3,42.0,41.2,42.0,114189.0
2018-09-14 04:00:00,41.85,42.7,41.75,42.5,160310.0
2018-09-17 04:00:00,42.1,42.15,41.05,41.4,221009.0
2018-09-18 04:00:00,41.5,41.55,41.1,41.25,169151.0
2018-09-19 04:00:00,41.3,41.3,40.25,40.8,355477.0
2018-09-20 04:00:00,40.85,41.35,40.6,41.0,203436.0
2018-09-21 04:00:00,41.0,41.6,41.0,41.45,779146.0
2018-09-24 04:00:00,41.45,41.8,40.95,41.75,207745.0
2018-09-25 04:00:00,41.75,41.75,41.45,41.65,135606.0
2018-09-26 04:00:00,41.85,41.95,41.4,41.5,183349.0
2018-09-27 04:00:00,41.75,42.3,41.45,41.55,153576.0
2018-09-28 04:00:00,41.6,42.95,41.6,42.9,212249.0
2018-10-01 04:00:00,42.88,42.88,41.88,42.09,164591.0
2018-10-02 04:00:00,42.04,42.4,41.56,41.93,132821.0
2018-10-03 04:00:00,41.92,42.45,41.86,42.39,127468.0
2018-10-04 04:00:00,42.23,42.32,41.64,41.81,192537.0
2018-10-05 04:00:00,41.72,42.2,41.72,42.03,181045.0
2018-10-08 04:00:00,42.07,42.535,41.94,42.33,122531.0
2018-10-09 04:00:00,42.36,42.91,42.27,42.59,199235.0
2018-10-10 04:00:00,42.47,43.3,42.39,42.51,284729.0
2018-10-11 04:00:00,42.25,42.455,40.96,40.97,274542.0
2018-10-12 04:00:00,41.23,41.41,40.21,40.48,157233.0
2018-10-15 04:00:00,40.48,40.74,40.1,40.47,148677.0
2018-10-16 04:00:00,40.66,41.97,40.38,41.89,136174.0
2018-10-17 04:00:00,41.84,41.9521,41.455,41.72,154313.0
2018-10-18 04:00:00,41.66,42.14,41.52,41.97,164302.0
2018-10-19 04:00:00,41.86,42.65,41.86,42.31,199448.0
2018-10-22 04:00:00,42.29,42.72,42.15,42.58,141990.0
2018-10-23 04:00:00,42.5,42.5,41.67,41.9,252627.0
2018-10-24 04:00:00,41.94,42.33,41.66,41.67,167861.0
2018-10-25 04:00:00,41.66,42.47,41.24,42.08,293793.0
2018-10-26 04:00:00,42.01,42.22,41.0,41.74,314919.0
2018-10-29 04:00:00,41.96,42.87,41.88,42.25,194091.0
2018-10-30 04:00:00,42.26,43.16,42.03,43.11,215944.0
2018-10-31 04:00:00,43.3,43.55,41.65,42.0,1309660.0
2018-11-01 04:00:00,41.85,42.62,41.6073,41.89,224742.0
2018-11-02 04:00:00,41.96,42.13,41.315,42.05,329148.0
2018-11-05 05:00:00,42.13,42.91,42.13,42.72,207380.0
2018-11-06 05:00:00,42.62,43.91,42.62,43.89,189371.0
2018-11-07 05:00:00,44.16,44.97,44.16,44.89,215943.0
2018-11-08 05:00:00,44.68,44.68,43.56,44.04,126851.0
2018-11-09 05:00:00,43.9,44.25,43.75,44.21,149014.0
2018-11-12 05:00:00,44.0,44.49,43.91,43.97,154190.0
2018-11-13 05:00:00,44.12,44.38,43.66,43.87,130716.0
2018-11-14 05:00:00,43.85,44.2899,43.4,43.44,114854.0
2018-11-15 05:00:00,43.27,44.49,42.91,44.47,183687.0
2018-11-16 05:00:00,44.44,45.45,44.37,45.39,324671.0
2018-11-19 05:00:00,45.48,45.8,45.04,45.38,138721.0
2018-11-20 05:00:00,45.3,45.89,45.3,45.39,141555.0
2018-11-21 05:00:00,45.46,45.68,45.1148,45.2,95967.0
2018-11-23 05:00:00,45.18,45.93,44.87,45.6,110961.0
2018-11-26 05:00:00,45.83,46.47,45.5,46.33,116115.0
2018-11-27 05:00:00,46.2,46.48,46.11,46.3,148408.0
2018-11-28 05:00:00,46.36,46.79,46.03,46.58,177296.0
2018-11-29 05:00:00,46.52,46.65,45.63,45.73,160273.0
2018-11-30 05:00:00,45.7,46.08,45.37,45.72,341512.0
2018-12-03 05:00:00,45.86,45.86,44.85,45.38,352832.0
2018-12-04 05:00:00,45.23,45.6,43.38,43.61,356320.0
2018-12-06 05:00:00,43.9,45.33,43.89,45.29,343685.0
2018-12-07 05:00:00,45.29,45.93,45.25,45.91,288300.0
2018-12-10 05:00:00,45.94,47.31,45.28,46.64,319437.0
2018-12-11 05:00:00,46.88,47.44,46.44,47.33,175060.0
2018-12-12 05:00:00,47.68,48.31,47.39,47.8,182154.0
2018-12-13 05:00:00,47.87,48.94,47.73,48.55,266931.0
2018-12-14 05:00:00,48.38,49.07,48.38,48.77,375862.0
2018-12-17 05:00:00,48.7,48.87,46.82,47.32,440944.0
2018-12-18 05:00:00,47.62,47.81,46.97,47.19,207126.0
2018-12-19 05:00:00,47.2,47.74,46.55,47.01,238326.0
2018-12-20 05:00:00,46.92,47.98,46.51,47.56,273485.0
2018-12-21 05:00:00,47.61,48.66,46.72,46.86,716559.0
2018-12-24 05:00:00,46.77,46.77,44.52,44.53,114100.0
2018-12-26 05:00:00,44.72,46.08,44.45,46.03,214256.0
2018-12-27 05:00:00,45.66,46.82,45.2839,46.78,195265.0
2018-12-28 05:00:00,46.79,47.7,46.75,47.16,199782.0
2018-12-31 05:00:00,47.31,47.77,46.68,47.66,191187.0
2019-01-02 05:00:00,47.34,47.34,45.78,46.32,240273.0
2019-01-03 05:00:00,46.19,46.51,45.77,46.09,181743.0
2019-01-04 05:00:00,46.1,46.99,45.65,45.86,226183.0
2019-01-07 05:00:00,45.55,45.76,44.6,44.86,268315.0
2019-01-08 05:00:00,44.95,46.06,44.9195,45.99,217011.0
2019-01-09 05:00:00,46.02,46.25,45.42,45.94,183467.0
2019-01-10 05:00:00,45.77,46.23,45.65,45.97,189511.0
2019-01-11 05:00:00,45.87,46.07,45.5,45.88,133574.0
2019-01-14 05:00:00,45.67,45.92,45.06,45.17,130576.0
2019-01-15 05:00:00,45.17,46.01,45.17,45.6,149170.0
2019-01-16 05:00:00,45.51,46.08,45.25,46.03,142908.0
2019-01-17 05:00:00,45.86,46.9,45.86,46.78,199809.0
2019-01-18 05:00:00,46.82,47.27,46.82,47.24,193858.0
2019-01-22 05:00:00,47.17,47.49,46.16,46.72,166799.0
2019-01-23 05:00:00,46.72,47.34,46.6,47.33,156078.0
2019-01-24 05:00:00,47.26,48.09,46.73,48.09,155584.0
2019-01-25 05:00:00,48.17,48.17,46.735,46.86,121559.0
2019-01-28 05:00:00,46.73,47.06,46.24,46.42,190389.0
2019-01-29 05:00:00,46.72,47.0442,46.29,46.31,95593.0
2019-01-30 05:00:00,46.35,46.91,46.33,46.81,149891.0
2019-01-31 05:00:00,47.84,49.75,47.0947,49.52,990985.0
2019-02-01 05:00:00,49.43,49.58,48.19,48.69,228606.0
2019-02-04 05:00:00,48.84,49.19,48.32,49.19,225926.0
2019-02-05 05:00:00,49.55,49.67,48.875,49.47,154404.0
2019-02-06 05:00:00,49.55,49.71,49.09,49.32,121493.0
2019-02-07 05:00:00,49.3,50.67,49.2227,50.48,179286.0
2019-02-08 05:00:00,50.15,51.52,50.08,51.1,214213.0
2019-02-11 05:00:00,51.11,51.7,51.07,51.54,237509.0
2019-02-12 05:00:00,51.6,52.2243,51.6,51.82,158237.0
2019-02-13 05:00:00,51.82,51.97,50.78,50.83,212116.0
2019-02-14 05:00:00,50.92,51.48,50.55,50.85,282332.0
2019-02-15 05:00:00,51.11,51.27,50.7,50.93,190721.0
2019-02-19 05:00:00,50.75,51.37,50.75,51.17,199226.0
2019-02-20 05:00:00,51.02,51.62,50.78,51.6,171328.0
2019-02-21 05:00:00,51.5,52.15,51.17,51.99,106378.0
2019-02-22 05:00:00,51.95,52.94,51.9,52.9,190656.0
2019-02-25 05:00:00,52.98,52.98,52.11,52.18,146930.0
2019-02-26 05:00:00,52.5,52.5,51.42,51.61,115251.0
2019-02-27 05:00:00,51.44,52.155,51.33,51.76,103310.0
2019-02-28 05:00:00,51.76,52.66,51.15,52.02,190350.0
2019-03-01 05:00:00,52.58,52.66,51.68,52.53,211170.0
2019-03-04 05:00:00,52.46,52.91,52.2,52.8,227448.0
2019-03-05 05:00:00,52.95,53.4,52.62,52.83,145877.0
2019-03-06 05:00:00,52.96,52.99,51.94,52.05,122993.0
2019-03-07 05:00:00,52.11,53.09,52.02,52.4,161481.0
2019-03-08 05:00:00,52.51,52.92,52.13,52.56,125273.0
2019-03-11 04:00:00,53.27,53.88,52.7,53.8,154336.0
2019-03-12 04:00:00,53.84,54.12,53.59,53.92,149676.0
2019-03-13 04:00:00,53.93,54.25,53.835,54.13,171251.0
2019-03-14 04:00:00,54.07,54.53,53.66,53.69,110120.0
2019-03-15 04:00:00,53.86,54.35,53.73,53.89,428085.0
2019-03-18 04:00:00,53.99,54.35,53.57,54.01,209476.0
2019-03-19 04:00:00,54.0,54.01,52.94,53.01,209372.0
2019-03-20 04:00:00,53.03,54.24,52.84,53.76,202175.0
2019-03-21 04:00:00,53.73,54.9499,53.73,54.58,207878.0
2019-03-22 04:00:00,54.55,55.0463,53.72,53.73,149003.0
2019-03-25 04:00:00,53.66,54.44,53.4881,53.97,239728.0
2019-03-26 04:00:00,54.09,54.87,54.0144,54.67,146813.0
2019-03-27 04:00:00,53.9,54.45,53.825,54.11,207117.0
2019-03-28 04:00:00,54.12,54.25,53.56,54.13,150599.0
2019-03-29 04:00:00,54.29,54.46,53.88,54.28,307838.0
2019-04-01 04:00:00,54.56,54.56,52.42,52.87,251111.0
2019-04-02 04:00:00,52.88,52.96,52.13,52.41,174338.0
2019-04-03 04:00:00,52.57,52.7,51.95,52.1,127454.0
2019-04-04 04:00:00,52.15,52.15,51.29,51.57,237357.0
2019-04-05 04:00:00,51.53,51.87,51.17,51.72,253262.0
2019-04-08 04:00:00,51.42,51.42,50.39,50.93,274142.0
2019-04-09 04:00:00,50.86,51.01,50.62,50.8,213565.0
2019-04-10 04:00:00,51.05,51.55,50.695,51.13,233620.0
2019-04-11 04:00:00,51.21,51.21,50.145,50.56,249543.0
2019-04-12 04:00:00,50.46,50.75,49.81,50.62,198607.0
2019-04-15 04:00:00,50.58,50.6,50.05,50.25,162717.0
2019-04-16 04:00:00,50.33,50.365,49.35,49.52,196283.0
2019-04-17 04:00:00,49.72,49.79,49.06,49.43,254794.0
2019-04-18 04:00:00,49.41,50.34,49.22,50.15,205032.0
2019-04-22 04:00:00,49.85,50.1317,49.29,49.48,234039.0
2019-04-23 04:00:00,49.48,49.815,49.16,49.52,249408.0
2019-04-24 04:00:00,49.42,50.29,49.34,49.95,256979.0
2019-04-25 04:00:00,48.51,50.4,48.0,49.89,627158.0
2019-04-26 04:00:00,50.1,50.63,49.63,49.79,359080.0
2019-04-29 04:00:00,49.75,50.65,49.55,49.8,438681.0
2019-04-30 04:00:00,49.75,50.63,49.36,50.39,402480.0
2019-05-01 04:00:00,50.39,50.81,49.71,49.81,558757.0
2019-05-02 04:00:00,49.8,50.16,49.54,49.72,163499.0
2019-05-03 04:00:00,49.72,50.56,49.54,50.36,243250.0
2019-05-06 04:00:00,50.15,50.53,50.0178,50.3,177259.0
2019-05-07 04:00:00,50.03,50.46,49.76,50.1,289956.0
2019-05-08 04:00:00,50.03,50.39,49.26,49.27,194184.0
2019-05-09 04:00:00,49.19,49.5076,48.81,49.05,159133.0
2019-05-10 04:00:00,49.05,50.02,48.93,49.99,259183.0
2019-05-13 04:00:00,49.67,50.59,49.67,50.4,252950.0
2019-05-14 04:00:00,50.52,50.7314,50.13,50.18,300742.0
2019-05-15 04:00:00,50.08,50.66,50.08,50.24,104546.0
2019-05-16 04:00:00,50.17,50.96,50.17,50.4,264240.0
2019-05-17 04:00:00,50.23,50.59,50.12,50.41,205109.0
2019-05-20 04:00:00,50.43,50.515,50.07,50.43,285981.0
2019-05-21 04:00:00,50.69,51.205,50.6,50.67,234955.0
2019-05-22 04:00:00,50.76,51.12,50.585,51.06,181928.0
2019-05-23 04:00:00,50.97,51.24,50.48,50.75,164555.0
2019-05-24 04:00:00,50.83,51.11,50.62,50.69,172142.0
2019-05-28 04:00:00,50.66,51.03,50.19,50.22,152225.0
2019-05-29 04:00:00,50.17,50.36,49.08,49.19,274736.0
2019-05-30 04:00:00,49.26,49.64,48.79,49.05,148879.0
2019-05-31 04:00:00,49.04,49.4,48.765,49.22,334444.0
2019-06-03 04:00:00,49.22,49.82,49.17,49.79,249280.0
2019-06-04 04:00:00,49.97,50.18,48.89,49.66,149663.0
2019-06-05 04:00:00,49.58,50.51,49.49,50.33,200392.0
2019-06-06 04:00:00,50.47,50.87,50.3,50.54,127391.0
2019-06-07 04:00:00,50.93,51.33,50.2,50.2,168872.0
2019-06-10 04:00:00,49.93,50.47,49.22,49.74,198338.0
2019-06-11 04:00:00,49.8,49.97,49.23,49.77,246917.0
2019-06-12 04:00:00,49.84,50.89,49.6,50.78,158536.0
2019-06-13 04:00:00,50.93,51.2899,50.07,50.28,183263.0
2019-06-14 04:00:00,50.15,51.22,50.15,50.97,169086.0
2019-06-17 04:00:00,51.03,51.2555,49.831,50.07,147923.0
2019-06-18 04:00:00,50.39,50.529,49.38,49.8,330235.0
2019-06-19 04:00:00,49.72,50.34,49.47,50.23,244107.0
2019-06-20 04:00:00,50.3,50.58,49.72,50.32,136155.0
2019-06-21 04:00:00,50.09,50.83,49.99,50.33,340319.0
2019-06-24 04:00:00,50.4,50.6,49.9391,50.08,222993.0
2019-06-25 04:00:00,50.1,50.38,49.95,50.19,226283.0
2019-06-26 04:00:00,50.21,50.545,49.32,49.48,206491.0
2019-06-27 04:00:00,49.49,49.74,49.22,49.59,197394.0
2019-06-28 04:00:00,49.56,50.76,49.56,50.63,1728641.0
2019-07-01 04:00:00,50.61,50.76,49.52,49.99,441138.0
2019-07-02 04:00:00,50.0,51.24,50.0,51.05,160804.0
2019-07-03 04:00:00,51.14,51.86,51.03,51.37,104786.0
2019-07-05 04:00:00,51.08,51.39,50.16,51.37,120912.0
2019-07-08 04:00:00,51.0,51.49,50.95,51.47,173632.0
2019-07-09 04:00:00,51.37,51.4,50.94,51.38,180109.0
2019-07-10 04:00:00,51.69,51.73,51.21,51.59,134417.0
2019-07-11 04:00:00,51.64,51.88,50.76,50.94,223677.0
2019-07-12 04:00:00,51.1,51.43,50.57,50.94,177520.0
2019-07-15 04:00:00,51.01,51.09,50.5,50.75,186003.0
2019-07-16 04:00:00,50.91,51.43,50.8,51.43,165218.0
2019-07-17 04:00:00,51.97,52.46,51.58,52.16,314059.0
2019-07-18 04:00:00,52.15,53.51,51.76,53.51,314827.0
2019-07-19 04:00:00,53.32,53.75,52.5,52.6,350871.0
2019-07-22 04:00:00,52.75,52.83,52.25,52.8,284007.0
2019-07-23 04:00:00,52.8,53.12,52.34,53.03,250879.0
2019-07-24 04:00:00,53.1,53.43,52.57,53.37,226482.0
2019-07-25 04:00:00,53.22,53.58,52.53,52.66,243209.0
2019-07-26 04:00:00,52.68,53.38,52.55,53.02,223386.0
2019-07-29 04:00:00,53.06,53.16,52.73,53.03,245179.0
2019-07-30 04:00:00,52.88,53.605,52.88,53.18,269127.0
2019-07-31 04:00:00,53.14,54.23,53.14,53.39,621333.0
2019-08-01 04:00:00,52.86,53.78,52.54,53.32,404573.0
2019-08-02 04:00:00,53.13,54.06,53.04,53.58,271454.0
2019-08-05 04:00:00,53.43,53.53,51.41,51.78,317133.0
2019-08-06 04:00:00,51.92,52.39,51.28,52.27,222189.0
2019-08-07 04:00:00,52.13,52.825,51.85,52.4,409537.0
2019-08-08 04:00:00,52.38,54.11,52.19,53.81,298852.0
2019-08-09 04:00:00,53.56,54.535,53.48,54.19,181468.0
2019-08-12 04:00:00,53.97,54.505,53.97,54.07,89914.0
2019-08-13 04:00:00,53.88,54.58,53.61,53.83,221697.0
2019-08-14 04:00:00,53.77,54.42,53.39,53.65,204949.0
2019-08-15 04:00:00,53.7,55.24,53.7,55.08,197018.0
2019-08-16 04:00:00,55.15,55.97,55.04,55.84,280999.0
2019-08-19 04:00:00,56.18,56.5,55.6,55.63,217834.0
2019-08-20 04:00:00,55.64,55.92,55.28,55.55,168936.0
2019-08-21 04:00:00,55.68,55.92,55.27,55.7,178947.0
2019-08-22 04:00:00,55.75,55.97,55.33,55.69,127127.0
2019-08-23 04:00:00,55.73,56.29,54.6,54.73,288748.0
2019-08-26 04:00:00,54.99,55.41,54.51,55.34,310251.0
2019-08-27 04:00:00,55.61,56.1099,55.41,55.45,180431.0
2019-08-28 04:00:00,55.43,55.9,55.43,55.8,132077.0
2019-08-29 04:00:00,56.08,56.465,55.985,56.25,118270.0
2019-08-30 04:00:00,56.36,56.715,55.93,56.44,403563.0
2019-09-03 04:00:00,56.49,57.43,56.44,56.92,292874.0
2019-09-04 04:00:00,57.28,57.48,56.64,57.02,160351.0
2019-09-05 04:00:00,56.99,57.21,56.03,56.18,277542.0
2019-09-06 04:00:00,56.2,56.35,54.3758,54.69,266860.0
2019-09-09 04:00:00,54.3,54.32,52.63,53.6,231337.0
2019-09-10 04:00:00,53.64,53.64,52.58,53.01,244724.0
2019-09-11 04:00:00,53.2,54.68,53.2,54.39,219861.0
2019-09-12 04:00:00,54.74,55.1,54.02,54.31,215208.0
2019-09-13 04:00:00,54.35,54.615,53.65,54.1,211685.0
2019-09-16 04:00:00,54.44,54.55,53.515,53.65,217647.0
2019-09-17 04:00:00,53.67,54.7,53.5,54.37,187779.0
2019-09-18 04:00:00,54.75,54.79,53.86,54.14,175685.0
2019-09-19 04:00:00,54.54,54.96,54.2,54.55,264249.0
2019-09-20 04:00:00,54.43,54.5,52.795,53.08,656919.0
2019-09-23 04:00:00,53.15,53.735,52.79,52.82,253493.0
2019-09-24 04:00:00,53.05,53.86,52.95,53.34,309200.0
2019-09-25 04:00:00,53.3,54.01,53.2,53.71,226252.0
2019-09-26 04:00:00,54.03,54.26,53.28,53.53,191391.0
2019-09-27 04:00:00,53.76,53.86,52.9,53.19,137095.0
2019-09-30 04:00:00,53.33,53.49,52.76,52.93,245186.0
2019-10-01 04:00:00,52.92,53.39,52.54,52.74,191094.0
2019-10-02 04:00:00,52.71,53.24,51.63,51.71,220969.0
2019-10-03 04:00:00,51.82,52.37,51.4,52.2,178037.0
2019-10-04 04:00:00,52.33,52.72,51.785,52.63,161757.0
2019-10-07 04:00:00,52.61,52.99,52.39,52.72,224891.0
2019-10-08 04:00:00,52.53,52.6348,51.99,52.14,206803.0
2019-10-09 04:00:00,52.41,52.8,52.07,52.56,204037.0
2019-10-10 04:00:00,52.51,53.27,52.16,53.04,255216.0
2019-10-11 04:00:00,53.3,55.03,53.04,54.53,259673.0
2019-10-14 04:00:00,54.69,54.85,54.08,54.51,197175.0
2019-10-15 04:00:00,54.65,54.73,53.805,53.91,164999.0
2019-10-16 04:00:00,53.94,54.68,53.51,54.64,184087.0
2019-10-17 04:00:00,54.64,55.56,54.64,55.51,233222.0
2019-10-18 04:00:00,55.4,55.43,54.23,54.94,308847.0
2019-10-21 04:00:00,55.14,55.42,54.14,54.87,211407.0
2019-10-22 04:00:00,54.89,55.24,54.33,55.07,193852.0
2019-10-23 04:00:00,55.18,55.865,54.8,55.06,187367.0
2019-10-24 04:00:00,55.16,55.955,54.47,54.68,185950.0
2019-10-25 04:00:00,54.62,54.78,54.04,54.35,214030.0
2019-10-28 04:00:00,54.23,54.49,53.8,53.9,128705.0
2019-10-29 04:00:00,53.72,54.35,53.61,54.2,182664.0
2019-10-30 04:00:00,54.15,54.905,54.15,54.72,339853.0
2019-10-31 04:00:00,54.72,56.435,54.04,55.97,564466.0
2019-11-01 04:00:00,56.08,56.49,55.06,56.1,318711.0
2019-11-04 05:00:00,55.99,56.08,54.09,54.56,290361.0
2019-11-05 05:00:00,54.47,54.71,53.36,53.56,216734.0
2019-11-06 05:00:00,53.82,54.2628,53.24,53.34,323976.0
2019-11-07 05:00:00,52.97,53.095,50.76,51.46,267276.0
2019-11-08 05:00:00,51.62,51.65,50.3105,50.55,409998.0
2019-11-11 05:00:00,50.61,50.93,50.22,50.49,197838.0
2019-11-12 05:00:00,50.31,50.92,50.15,50.39,280344.0
2019-11-13 05:00:00,50.5,50.71,50.15,50.46,192705.0
2019-11-14 05:00:00,50.56,50.62,49.77,49.92,442614.0
2019-11-15 05:00:00,50.0,50.26,48.775,50.25,333122.0
2019-11-18 05:00:00,50.17,50.78,50.17,50.42,302007.0
2019-11-19 05:00:00,50.6,51.01,50.39,50.88,246624.0
2019-11-20 05:00:00,50.75,51.73,50.75,51.18,241453.0
2019-11-21 05:00:00,51.17,51.17,50.09,50.19,133685.0
2019-11-22 05:00:00,50.29,50.29,49.37,49.85,185545.0
2019-11-25 05:00:00,50.07,50.36,49.62,50.26,220402.0
2019-11-26 05:00:00,50.27,51.37,50.213,51.09,232580.0
2019-11-27 05:00:00,51.15,51.41,51.0,51.16,113546.0
2019-11-29 05:00:00,51.26,51.51,51.175,51.4,102341.0
2019-12-02 05:00:00,51.27,51.27,50.51,50.72,186339.0
2019-12-03 05:00:00,50.88,51.38,50.67,51.01,188185.0
2019-12-04 05:00:00,50.91,51.88,50.91,51.65,180089.0
2019-12-05 05:00:00,51.45,52.13,51.44,52.05,194199.0
2019-12-06 05:00:00,51.99,52.58,51.72,51.89,241897.0
2019-12-09 05:00:00,52.0,52.0,51.47,51.47,182100.0
2019-12-10 05:00:00,51.44,51.655,51.03,51.19,168195.0
2019-12-11 05:00:00,51.44,51.53,51.1,51.35,181797.0
2019-12-12 05:00:00,51.23,51.59,50.26,50.32,281217.0
2019-12-13 05:00:00,50.39,50.465,49.105,49.33,432159.0
2019-12-16 05:00:00,49.48,51.07,49.45,51.03,521282.0
2019-12-17 05:00:00,51.13,51.68,50.98,51.16,429113.0
2019-12-18 05:00:00,51.3,51.49,50.79,51.27,336121.0
2019-12-19 05:00:00,51.37,51.665,50.74,50.8,223333.0
2019-12-20 05:00:00,50.9,51.05,50.36,50.91,603202.0
2019-12-23 05:00:00,51.01,51.1337,49.84,50.39,162787.0
2019-12-24 05:00:00,50.57,50.82,50.21,50.69,72347.0
2019-12-26 05:00:00,50.68,51.2,50.5,50.86,122055.0
2019-12-27 05:00:00,50.89,51.61,50.81,51.52,193274.0
2019-12-30 05:00:00,51.51,52.13,51.31,51.52,356525.0
2019-12-31 05:00:00,51.53,51.9,51.42,51.56,269957.0
2020-01-02 05:00:00,51.72,51.72,50.15,50.63,211962.0
2020-01-03 05:00:00,50.44,51.64,50.44,51.0,309490.0
2020-01-06 05:00:00,51.03,51.32,50.41,50.48,291488.0
2020-01-07 05:00:00,50.5,50.6,49.77,49.93,251182.0
2020-01-08 05:00:00,49.78,50.1,49.3,49.42,379292.0
2020-01-09 05:00:00,49.44,50.0,49.39,49.73,248912.0
2020-01-10 05:00:00,49.8,50.01,49.59,49.74,177974.0
2020-01-13 05:00:00,49.72,50.63,49.72,50.22,256292.0
2020-01-14 05:00:00,50.22,50.32,49.3,49.5,279031.0
2020-01-15 05:00:00,49.61,50.55,49.61,50.31,382904.0
2020-01-16 05:00:00,50.47,51.22,50.47,51.01,284374.0
2020-01-17 05:00:00,51.12,51.98,51.12,51.72,307080.0
2020-01-21 05:00:00,51.82,52.42,51.69,52.33,223622.0
2020-01-22 05:00:00,52.54,53.4,52.54,53.03,309614.0
2020-01-23 05:00:00,53.08,53.63,52.88,53.54,292757.0
2020-01-24 05:00:00,53.6,53.99,53.29,53.55,173222.0
2020-01-27 05:00:00,53.5,53.82,52.75,52.86,239840.0
2020-01-28 05:00:00,52.93,53.32,52.7279,53.19,161591.0
2020-01-29 05:00:00,53.12,53.59,52.86,53.46,133814.0
2020-01-30 05:00:00,53.6,53.99,53.25,53.89,205655.0
2020-01-31 05:00:00,53.74,54.24,52.26,52.56,594116.0
2020-02-03 05:00:00,52.61,53.55,52.61,53.49,261618.0
2020-02-04 05:00:00,53.63,54.17,53.48,53.5,295928.0
2020-02-05 05:00:00,53.39,54.21,53.39,53.86,265789.0
2020-02-06 05:00:00,54.18,54.29,53.819,54.02,160569.0
2020-02-07 05:00:00,54.01,54.67,53.7,54.29,157341.0
2020-02-10 05:00:00,54.49,55.045,54.35,54.97,150599.0
2020-02-11 05:00:00,55.2,55.69,55.05,55.05,141609.0
2020-02-12 05:00:00,55.0,55.21,54.43,55.07,259810.0
2020-02-13 05:00:00,54.89,56.0,54.8,55.91,143446.0
2020-02-14 05:00:00,55.98,56.87,55.771,56.77,332382.0
2020-02-18 05:00:00,56.96,57.359,56.48,56.8,338352.0
2020-02-19 05:00:00,56.66,56.78,55.37,55.52,270286.0
2020-02-20 05:00:00,55.29,55.36,54.01,54.48,206776.0
2020-02-21 05:00:00,54.61,54.84,54.29,54.5,222768.0
2020-02-24 05:00:00,53.91,54.49,53.65,54.27,153868.0
2020-02-25 05:00:00,54.44,54.44,52.81,52.89,202832.0
2020-02-26 05:00:00,53.03,53.715,52.67,52.67,255442.0
2020-02-27 05:00:00,52.38,52.49,49.92,49.92,342073.0
2020-02-28 05:00:00,48.29,48.51,45.235,47.96,798460.0
2020-03-02 05:00:00,47.96,50.51,47.73,50.34,525873.0
2020-03-03 05:00:00,50.53,52.71,49.95,51.41,440871.0
2020-03-04 05:00:00,52.17,54.59,52.17,54.55,263471.0
2020-03-05 05:00:00,53.67,54.16,53.06,53.99,232809.0
2020-03-06 05:00:00,52.23,54.45,52.0356,54.37,294511.0
2020-03-09 04:00:00,51.95,53.04,50.2775,52.15,323407.0
2020-03-10 04:00:00,52.85,53.77,50.13,52.38,650150.0
2020-03-11 04:00:00,51.38,51.38,47.22,48.41,354251.0
2020-03-12 04:00:00,44.06,47.34,43.56,44.62,477553.0
2020-03-13 04:00:00,46.53,46.53,42.91,45.79,414667.0
2020-03-16 04:00:00,41.51,44.1,39.74,42.85,531510.0
2020-03-17 04:00:00,43.71,56.64,43.51,55.43,652369.0
2020-03-18 04:00:00,52.55,56.305,50.29,54.12,739662.0
2020-03-19 04:00:00,54.18,56.68,50.61,55.45,652382.0
2020-03-20 04:00:00,56.17,57.295,50.06,53.0,1232461.0
2020-03-23 04:00:00,51.75,52.74,43.14,47.33,854985.0
2020-03-24 04:00:00,49.28,49.28,44.325,48.03,462632.0
2020-03-25 04:00:00,47.67,48.33,45.02,45.66,553258.0
2020-03-26 04:00:00,45.28,49.41,43.45,48.74,543580.0
2020-03-27 04:00:00,47.44,50.26,45.45,47.96,307781.0
2020-03-30 04:00:00,48.8,52.94,48.01,52.32,467478.0
2020-03-31 04:00:00,51.79,52.02,48.82,50.32,292255.0
2020-04-01 04:00:00,48.57,48.57,44.28,45.01,264932.0
2020-04-02 04:00:00,44.14,47.12,44.14,46.01,211139.0
2020-04-03 04:00:00,45.83,47.22,44.76,46.26,265629.0
2020-04-06 04:00:00,47.83,51.15,47.61,50.77,263386.0
2020-04-07 04:00:00,51.68,51.83,48.6,49.15,284238.0
2020-04-08 04:00:00,49.96,51.155,49.11,50.51,278678.0
2020-04-09 04:00:00,51.5,54.18,50.57,54.05,183732.0
2020-04-13 04:00:00,53.19,54.17,51.98,52.87,218506.0
2020-04-14 04:00:00,54.27,54.66,52.66,54.45,273987.0
2020-04-15 04:00:00,52.63,53.76,51.28,51.54,263841.0
2020-04-16 04:00:00,52.11,52.74,50.82,52.17,273371.0
2020-04-17 04:00:00,53.05,53.98,52.55,53.63,203597.0
2020-04-20 04:00:00,52.55,53.17,49.33,50.03,235769.0
2020-04-21 04:00:00,48.81,50.66,48.755,49.27,188140.0
2020-04-22 04:00:00,50.42,51.02,49.07,50.12,177738.0
2020-04-23 04:00:00,50.14,50.255,48.86,49.03,272642.0
2020-04-24 04:00:00,49.46,49.76,48.74,49.0,351409.0
2020-04-27 04:00:00,49.41,49.655,48.61,48.64,232075.0
2020-04-28 04:00:00,49.83,50.83,49.41,49.73,260261.0
2020-04-29 04:00:00,50.9,51.33,48.54,50.55,349655.0
2020-04-30 04:00:00,50.14,50.14,44.92,44.92,1296673.0
2020-05-01 04:00:00,46.79,47.72,45.395,46.28,525693.0
2020-05-04 04:00:00,45.57,46.31,44.835,45.62,318143.0
2020-05-05 04:00:00,45.92,47.12,45.65,46.39,257329.0
2020-05-06 04:00:00,46.25,46.29,44.51,44.63,194955.0
2020-05-07 04:00:00,45.19,45.7,44.59,45.12,234442.0
2020-05-08 04:00:00,45.36,45.77,44.94,45.36,192227.0
2020-05-11 04:00:00,44.86,45.81,43.78,45.24,317368.0
2020-05-12 04:00:00,45.37,45.545,43.79,43.85,253953.0
2020-05-13 04:00:00,43.68,44.0,42.92,43.87,416861.0
2020-05-14 04:00:00,43.36,43.6,41.9,43.39,302360.0
2020-05-15 04:00:00,44.0,44.0,42.23,43.14,545791.0
2020-05-18 04:00:00,44.7,45.64,44.39,45.24,346040.0
2020-05-19 04:00:00,45.12,45.31,43.57,43.58,192915.0
2020-05-20 04:00:00,43.81,44.54,43.11,44.24,233746.0
2020-05-21 04:00:00,44.07,45.33,44.03,45.1,242573.0
2020-05-22 04:00:00,45.4,45.42,44.6,45.17,205213.0
2020-05-26 04:00:00,46.05,46.32,45.42,45.53,265654.0
2020-05-27 04:00:00,46.45,46.455,44.8701,45.86,246173.0
2020-05-28 04:00:00,46.44,47.29,45.98,46.52,250914.0
2020-05-29 04:00:00,46.12,47.3,45.78,47.0,313546.0
2020-06-01 04:00:00,46.67,47.29,46.24,46.24,258920.0
2020-06-02 04:00:00,46.34,46.83,45.88,46.69,198846.0
2020-06-03 04:00:00,47.18,47.9,46.89,47.31,190342.0
2020-06-04 04:00:00,46.92,47.41,46.61,47.3,241309.0
2020-06-05 04:00:00,48.16,49.2,47.66,48.45,305173.0
2020-06-08 04:00:00,48.25,48.62,47.545,48.01,259508.0
2020-06-09 04:00:00,47.5,47.965,46.75,47.5,210979.0
2020-06-10 04:00:00,47.33,48.02,46.925,47.58,350459.0
2020-06-11 04:00:00,46.81,47.21,45.29,45.49,328102.0
2020-06-12 04:00:00,46.4,46.4,45.22,45.95,403876.0
2020-06-15 04:00:00,45.38,47.91,45.28,47.31,437497.0
2020-06-16 04:00:00,48.17,48.75,46.62,47.02,315855.0
2020-06-17 04:00:00,47.1,47.36,46.355,46.76,267358.0
2020-06-18 04:00:00,46.41,47.29,46.26,46.9,219194.0
2020-06-19 04:00:00,47.23,47.75,45.73,45.83,685529.0
2020-06-22 04:00:00,45.61,46.87,45.4233,46.43,215903.0
2020-06-23 04:00:00,46.81,47.05,45.65,45.9,187724.0
2020-06-24 04:00:00,45.37,45.96,44.78,45.57,237314.0
2020-06-25 04:00:00,45.46,45.58,44.68,45.38,240936.0
2020-06-26 04:00:00,45.37,46.4,44.1,44.28,646399.0
2020-06-29 04:00:00,44.79,46.66,44.56,46.39,232819.0
2020-06-30 04:00:00,46.29,47.89,46.29,47.7,304792.0
2020-07-01 04:00:00,47.79,48.64,47.565,48.03,164402.0
2020-07-02 04:00:00,48.33,48.98,48.15,48.35,142347.0
2020-07-06 04:00:00,48.87,49.56,48.15,48.19,199898.0
2020-07-07 04:00:00,47.45,47.82,47.09,47.79,266569.0
2020-07-08 04:00:00,47.64,48.04,47.15,47.69,197831.0
2020-07-09 04:00:00,47.51,47.51,45.68,46.71,202163.0
2020-07-10 04:00:00,47.03,48.03,46.8,47.99,224239.0
2020-07-13 04:00:00,47.59,48.04,46.72,46.95,247083.0
2020-07-14 04:00:00,47.05,47.83,47.05,47.47,154575.0
2020-07-15 04:00:00,48.17,48.99,47.8,48.0,255474.0
2020-07-16 04:00:00,47.93,48.6,47.695,48.28,201640.0
2020-07-17 04:00:00,48.44,49.39,48.43,49.32,180810.0
2020-07-20 04:00:00,49.12,49.33,48.21,48.55,153860.0
2020-07-21 04:00:00,48.86,49.7,48.86,49.67,241254.0
2020-07-22 04:00:00,49.08,50.265,48.98,50.02,250113.0
2020-07-23 04:00:00,50.03,50.84,49.95,50.54,220544.0
2020-07-24 04:00:00,50.55,50.78,49.03,49.72,230931.0
2020-07-27 04:00:00,49.82,50.06,48.93,49.25,243867.0
2020-07-28 04:00:00,49.12,49.57,48.91,48.95,317968.0
2020-07-29 04:00:00,49.45,50.29,48.98,49.38,310725.0
2020-07-30 04:00:00,48.83,50.185,47.63,48.04,302786.0
2020-07-31 04:00:00,47.91,48.52,46.52,46.87,964043.0
2020-08-03 04:00:00,46.72,47.01,46.01,46.98,293134.0
2020-08-04 04:00:00,46.74,46.84,45.95,46.65,256613.0
2020-08-05 04:00:00,46.65,46.98,46.2,46.91,255315.0
2020-08-06 04:00:00,46.99,47.14,46.52,46.96,210898.0
2020-08-07 04:00:00,46.54,48.895,46.54,48.82,224352.0
2020-08-10 04:00:00,49.1,49.93,48.78,48.98,239067.0
2020-08-11 04:00:00,49.04,49.36,47.7,47.93,161500.0
2020-08-12 04:00:00,48.39,49.38,48.2,48.63,308505.0
2020-08-13 04:00:00,48.41,48.74,48.01,48.37,189067.0
2020-08-14 04:00:00,48.15,48.64,47.9,48.44,144456.0
2020-08-17 04:00:00,48.52,48.66,48.05,48.24,163526.0
2020-08-18 04:00:00,48.07,48.34,47.68,48.16,182990.0
2020-08-19 04:00:00,48.26,48.32,47.12,47.2,192804.0
2020-08-20 04:00:00,47.0,47.45,46.8,47.11,218523.0
2020-08-21 04:00:00,46.85,47.36,46.4,46.63,307351.0
2020-08-24 04:00:00,46.68,47.21,46.215,47.12,161879.0
2020-08-25 04:00:00,47.19,47.68,47.05,47.41,197641.0
2020-08-26 04:00:00,47.21,47.21,46.095,46.25,216965.0
2020-08-27 04:00:00,46.5,47.195,46.3,46.7,253520.0
2020-08-28 04:00:00,45.0,46.2,44.09,46.05,325952.0
2020-08-31 04:00:00,46.05,46.34,45.31,45.34,295982.0
2020-09-01 04:00:00,45.24,45.24,44.43,44.86,246563.0
2020-09-02 04:00:00,44.78,46.26,44.78,45.96,176408.0
2020-09-03 04:00:00,46.21,46.88,45.56,45.95,204531.0
2020-09-04 04:00:00,46.34,46.55,45.2,45.88,264115.0
2020-09-08 04:00:00,45.99,45.99,44.67,45.16,293979.0
2020-09-09 04:00:00,45.27,45.85,44.42,44.92,222198.0
2020-09-10 04:00:00,45.03,45.04,44.24,44.26,234526.0
2020-09-11 04:00:00,44.6,44.65,43.59,43.71,272336.0
2020-09-14 04:00:00,43.91,44.06,43.62,43.75,238813.0
2020-09-15 04:00:00,43.94,44.05,43.07,43.19,162806.0
2020-09-16 04:00:00,43.19,43.77,43.09,43.19,288498.0
2020-09-17 04:00:00,43.0,43.0,41.91,42.27,310243.0
2020-09-18 04:00:00,42.65,42.65,41.19,41.85,746588.0
2020-09-21 04:00:00,41.48,42.92,41.34,42.79,361311.0
2020-09-22 04:00:00,42.89,43.25,42.16,42.87,324123.0
2020-09-23 04:00:00,42.94,43.07,41.62,41.66,209958.0
2020-09-24 04:00:00,41.71,42.56,41.622,42.23,214327.0
2020-09-25 04:00:00,42.03,42.775,42.01,42.73,176895.0
2020-09-28 04:00:00,42.96,43.98,42.86,43.55,245449.0
2020-09-29 04:00:00,43.62,43.85,42.82,43.44,295913.0
2020-09-30 04:00:00,43.83,43.935,42.95,43.45,386437.0
2020-10-01 04:00:00,43.46,44.65,43.45,44.64,245157.0
2020-10-02 04:00:00,44.19,45.12,44.05,44.9,189571.0
2020-10-05 04:00:00,45.2,45.2,44.4,44.83,134695.0
2020-10-06 04:00:00,45.14,45.7,44.78,45.02,230429.0
2020-10-07 04:00:00,45.12,45.14,44.26,44.63,210678.0
2020-10-08 04:00:00,44.98,45.56,44.57,45.01,193772.0
2020-10-09 04:00:00,44.92,45.19,44.27,44.93,185722.0
2020-10-12 04:00:00,44.9,46.59,44.9,46.43,222043.0
2020-10-13 04:00:00,45.87,46.36,45.26,45.72,210873.0
2020-10-14 04:00:00,45.57,46.04,45.14,45.36,191507.0
2020-10-15 04:00:00,45.06,45.79,45.06,45.71,199395.0
2020-10-16 04:00:00,45.72,46.46,45.038,46.27,333407.0
2020-10-19 04:00:00,46.33,46.63,45.6,45.66,152793.0
2020-10-20 04:00:00,45.97,46.27,45.46,46.16,252649.0
2020-10-21 04:00:00,46.28,46.96,46.155,46.69,163391.0
2020-10-22 04:00:00,46.7,47.7,46.7,47.55,203258.0
2020-10-23 04:00:00,47.68,48.22,47.53,48.18,159374.0
2020-10-26 04:00:00,47.87,48.1,47.16,47.34,189308.0
2020-10-27 04:00:00,47.32,47.89,46.99,47.3,165800.0
2020-10-28 04:00:00,46.78,47.06,45.64,45.72,179303.0
2020-10-29 04:00:00,45.55,46.46,44.5,45.38,218639.0
2020-10-30 04:00:00,45.44,45.665,44.26,44.57,522400.0
2020-11-02 05:00:00,44.85,45.88,44.61,45.73,222615.0
2020-11-03 05:00:00,46.31,46.76,45.8,46.54,173417.0
2020-11-04 05:00:00,45.88,46.845,45.15,45.48,159088.0
2020-11-05 05:00:00,45.75,46.83,45.45,46.01,130001.0
2020-11-06 05:00:00,46.92,47.21,46.02,46.66,198691.0
2020-11-09 05:00:00,48.3,51.43,48.3,50.63,339742.0
2020-11-10 05:00:00,51.22,53.67,50.97,53.35,384265.0
2020-11-11 05:00:00,53.45,53.45,51.78,53.17,174061.0
2020-11-12 05:00:00,52.57,52.57,50.55,51.53,214452.0
2020-11-13 05:00:00,51.99,52.45,51.27,52.38,178491.0
2020-11-16 05:00:00,53.0,53.55,52.19,53.52,214994.0
2020-11-17 05:00:00,52.69,52.74,51.16,51.98,277877.0
2020-11-18 05:00:00,52.11,52.17,50.1,50.23,176362.0
2020-11-19 05:00:00,50.29,50.29,49.38,50.04,139224.0
2020-11-20 05:00:00,49.72,50.74,49.72,50.34,246347.0
2020-11-23 05:00:00,50.75,50.96,50.25,50.53,219032.0
2020-11-24 05:00:00,51.22,51.85,50.92,51.16,407319.0
2020-11-25 05:00:00,51.16,51.35,50.36,50.98,117164.0
2020-11-27 05:00:00,50.68,50.77,49.985,50.36,72230.0
2020-11-30 05:00:00,50.18,50.18,49.115,49.48,253536.0
2020-12-01 05:00:00,49.96,50.33,49.13,49.46,202602.0
2020-12-02 05:00:00,49.56,49.91,48.88,49.62,158446.0
2020-12-03 05:00:00,49.5,50.14,48.97,49.1,145936.0
2020-12-04 05:00:00,48.99,49.57,48.9,49.46,173519.0
2020-12-07 05:00:00,49.46,49.9,49.0405,49.82,160018.0
2020-12-08 05:00:00,49.79,50.12,49.25,49.92,162087.0
2020-12-09 05:00:00,50.15,50.89,50.0,50.84,224280.0
2020-12-10 05:00:00,50.92,51.31,50.42,51.2,152359.0
2020-12-11 05:00:00,51.01,52.41,51.0,52.28,217332.0
2020-12-14 05:00:00,52.68,53.62,52.24,52.25,290750.0
2020-12-15 05:00:00,52.4,53.96,51.94,53.69,183653.0
2020-12-16 05:00:00,53.85,54.3668,53.21,53.36,182337.0
2020-12-17 05:00:00,53.54,54.68,53.3754,54.29,161222.0
2020-12-18 05:00:00,54.51,55.24,52.785,53.29,1001197.0
2020-12-21 05:00:00,52.42,52.615,51.0,51.64,180273.0
2020-12-22 05:00:00,51.46,52.37,51.2937,52.31,142842.0
2020-12-23 05:00:00,52.54,53.16,52.245,52.74,156061.0
2020-12-24 05:00:00,52.89,53.1,52.12,53.01,57277.0
2020-12-28 05:00:00,53.37,54.33,53.37,54.21,181407.0
2020-12-29 05:00:00,54.38,54.69,53.46,53.96,145134.0
2020-12-30 05:00:00,54.02,54.465,53.46,53.97,160550.0
2020-12-31 05:00:00,53.65,54.24,53.49,54.03,166194.0
2021-01-04 05:00:00,54.0,54.41,52.77,53.45,234397.0
2021-01-05 05:00:00,53.43,54.04,52.69,53.71,190388.0
2021-01-06 05:00:00,54.32,57.2,54.32,56.95,331949.0
2021-01-07 05:00:00,56.97,57.22,56.14,56.31,183664.0
2021-01-08 05:00:00,55.32,55.94,54.63,55.8,257260.0
2021-01-11 05:00:00,55.5,56.01,54.65,55.36,142830.0
2021-01-12 05:00:00,55.28,56.25,54.72,55.76,245563.0
2021-01-13 05:00:00,55.74,56.31,55.29,55.37,243103.0
2021-01-14 05:00:00,55.75,55.865,54.685,54.71,171331.0
2021-01-15 05:00:00,54.28,54.82,54.045,54.53,266799.0
2021-01-19 05:00:00,54.99,55.02,54.17,54.42,196475.0
2021-01-20 05:00:00,54.25,55.14,53.74,54.81,254913.0
2021-01-21 05:00:00,54.75,54.75,53.325,53.96,204284.0
2021-01-22 05:00:00,53.55,54.43,53.2,54.34,203151.0
2021-01-25 05:00:00,53.95,56.13,53.57,55.43,264891.0
2021-01-26 05:00:00,55.55,56.21,54.85,55.75,149510.0
2021-01-27 05:00:00,54.96,55.465,53.88,54.36,269083.0
2021-01-28 05:00:00,54.99,56.47,54.16,54.56,269872.0
2021-01-29 05:00:00,54.3,55.57,54.05,54.64,562870.0
2021-02-01 05:00:00,55.15,55.54,54.07,55.2,145145.0
2021-02-02 05:00:00,55.38,56.565,54.95,56.43,202011.0
2021-02-03 05:00:00,56.02,56.51,55.03,55.85,139280.0
2021-02-04 05:00:00,55.63,56.31,55.2,56.01,147118.0
2021-02-05 05:00:00,56.22,57.48,56.0,57.48,141421.0
2021-02-08 05:00:00,57.74,58.095,57.01,57.83,188628.0
2021-02-09 05:00:00,58.01,59.49,57.86,59.43,173850.0
2021-02-10 05:00:00,59.83,60.42,59.13,59.81,149566.0
2021-02-11 05:00:00,59.96,60.5,59.4,60.27,179909.0
2021-02-12 05:00:00,59.99,60.22,58.4305,58.96,121256.0
2021-02-16 05:00:00,59.12,59.12,57.9,58.11,125911.0
2021-02-17 05:00:00,58.08,58.47,57.69,58.33,90010.0
2021-02-18 05:00:00,58.43,59.19,58.22,58.42,97753.0
2021-02-19 05:00:00,58.53,59.2,58.01,58.45,138414.0
2021-02-22 05:00:00,58.16,58.6,56.45,57.26,137014.0
2021-02-23 05:00:00,57.49,59.02,57.18,57.27,154865.0
2021-02-24 05:00:00,57.09,57.2,55.76,55.84,234774.0
2021-02-25 05:00:00,55.2,57.15,55.0,55.21,145095.0
2021-02-26 05:00:00,55.45,56.015,54.84,54.95,249092.0
2021-03-01 05:00:00,55.48,55.84,54.55,55.16,171051.0
2021-03-02 05:00:00,55.04,55.04,53.82,53.96,185369.0
2021-03-03 05:00:00,53.95,53.95,52.68,53.21,173289.0
2021-03-04 05:00:00,52.16,53.825,51.9,52.59,263353.0
2021-03-05 05:00:00,53.02,53.33,52.45,52.96,424448.0
2021-03-08 05:00:00,53.35,53.91,52.69,53.35,407038.0
2021-03-09 05:00:00,53.56,53.7457,52.61,52.78,304080.0
2021-03-10 05:00:00,53.0,53.65,52.44,52.88,216142.0
2021-03-11 05:00:00,52.93,53.43,52.55,53.08,196847.0
2021-03-12 05:00:00,53.25,54.26,53.19,53.96,315073.0
2021-03-15 04:00:00,53.72,53.87,53.0,53.78,201907.0
2021-03-16 04:00:00,53.94,54.25,53.62,54.15,147464.0
2021-03-17 04:00:00,54.01,54.01,53.2,53.5,150009.0
2021-03-18 04:00:00,53.51,53.8,52.935,53.57,228256.0
2021-03-19 04:00:00,53.6,53.73,53.23,53.6,1097204.0
2021-03-22 04:00:00,53.59,53.59,51.81,53.31,234758.0
2021-03-23 04:00:00,53.1,55.25,53.02,54.92,235125.0
2021-03-24 04:00:00,55.0,55.57,54.65,54.95,172953.0
2021-03-25 04:00:00,54.92,55.63,54.59,55.39,177017.0
2021-03-26 04:00:00,55.47,56.18,55.08,56.06,209084.0
2021-03-29 04:00:00,56.0,56.98,55.93,56.17,216798.0
2021-03-30 04:00:00,56.31,56.455,55.5479,55.73,206495.0
2021-03-31 04:00:00,55.73,56.72,55.49,56.34,288341.0
2021-04-01 04:00:00,56.5,56.87,55.85,56.21,150515.0
2021-04-05 04:00:00,56.31,57.36,56.245,57.17,159520.0
2021-04-06 04:00:00,57.35,58.4193,56.97,57.86,180804.0
2021-04-07 04:00:00,57.89,58.01,56.83,57.49,208618.0
2021-04-08 04:00:00,57.62,57.62,57.04,57.3,181301.0
2021-04-09 04:00:00,57.48,57.73,57.03,57.5,123920.0
2021-04-12 04:00:00,57.71,58.64,57.71,58.32,148847.0
2021-04-13 04:00:00,58.27,58.905,58.12,58.83,124433.0
2021-04-14 04:00:00,58.88,59.57,58.73,59.3,128393.0
2021-04-15 04:00:00,59.38,60.57,59.0,60.55,121194.0
2021-04-16 04:00:00,60.41,60.93,59.97,60.31,333474.0
2021-04-19 04:00:00,60.17,60.17,58.9,59.33,189000.0
2021-04-20 04:00:00,59.28,60.53,59.28,60.44,150197.0
2021-04-21 04:00:00,60.68,61.39,60.32,61.22,198586.0
2021-04-22 04:00:00,61.29,61.91,61.15,61.35,156520.0
2021-04-23 04:00:00,61.59,61.98,61.01,61.18,199885.0
2021-04-26 04:00:00,61.58,61.86,59.87,60.36,160095.0
2021-04-27 04:00:00,60.27,60.33,58.55,58.89,166446.0
2021-04-28 04:00:00,58.83,59.83,58.83,59.32,258264.0
2021-04-29 04:00:00,59.0,60.085,58.04,58.47,208386.0
2021-04-30 04:00:00,57.95,59.25,57.5,58.75,760583.0
2021-05-03 04:00:00,58.86,59.67,58.59,59.0,297188.0
2021-05-04 04:00:00,58.9,59.185,58.16,58.89,146453.0
2021-05-05 04:00:00,58.73,58.73,56.63,57.78,204461.0
2021-05-06 04:00:00,57.93,58.2634,57.51,57.92,208675.0
2021-05-07 04:00:00,57.73,57.97,57.24,57.83,148295.0
2021-05-10 04:00:00,57.98,58.4,57.5,57.67,289728.0
2021-05-11 04:00:00,57.53,57.65,56.4,57.16,169411.0
2021-05-12 04:00:00,56.86,57.06,55.11,55.26,177198.0
2021-05-13 04:00:00,55.25,56.94,55.25,56.7,202905.0
2021-05-14 04:00:00,56.76,57.05,56.44,56.64,175526.0
2021-05-17 04:00:00,56.53,56.78,56.21,56.29,121178.0
2021-05-18 04:00:00,52.71,55.905,51.02,55.67,1051404.0
2021-05-19 04:00:00,55.68,56.12,55.18,55.6,166237.0
2021-05-20 04:00:00,55.34,56.25,55.27,56.01,180867.0
2021-05-21 04:00:00,56.38,56.82,55.82,56.45,262352.0
2021-05-24 04:00:00,56.51,57.04,56.44,56.94,190543.0
2021-05-25 04:00:00,57.04,57.3,56.61,56.68,230641.0
2021-05-26 04:00:00,56.71,58.0,56.71,57.68,248524.0
2021-05-27 04:00:00,58.0,58.0,56.7,56.72,148736.0
2021-05-28 04:00:00,57.14,57.59,56.72,56.84,110993.0
2021-06-01 04:00:00,57.19,57.23,56.58,56.83,164194.0
2021-06-02 04:00:00,56.86,57.27,56.325,56.78,140945.0
2021-06-03 04:00:00,56.78,57.12,56.32,56.94,103517.0
2021-06-04 04:00:00,57.04,57.29,56.65,56.66,108863.0
2021-06-07 04:00:00,56.9,57.14,56.69,56.82,139144.0
2021-06-08 04:00:00,56.82,57.03,56.18,56.72,149153.0
2021-06-09 04:00:00,56.96,57.28,56.76,57.11,103785.0
2021-06-10 04:00:00,57.25,57.91,57.21,57.87,130872.0
2021-06-11 04:00:00,58.23,58.87,57.85,58.83,132989.0
2021-06-14 04:00:00,59.06,59.28,58.18,58.85,230950.0
2021-06-15 04:00:00,58.93,59.17,58.4,58.91,172339.0
2021-06-16 04:00:00,59.05,59.34,58.12,58.25,150820.0
2021-06-17 04:00:00,58.15,59.08,58.04,58.43,196982.0
2021-06-18 04:00:00,57.87,58.045,55.97,56.06,435617.0
2021-06-21 04:00:00,56.06,57.22,55.78,56.95,179762.0
2021-06-22 04:00:00,57.0,57.0,56.05,56.67,156369.0
2021-06-23 04:00:00,56.58,56.872,55.63,55.74,194314.0
2021-06-24 04:00:00,55.85,56.245,55.46,55.98,124831.0
2021-06-25 04:00:00,56.2,56.51,55.98,56.5,1901090.0
2021-06-28 04:00:00,56.72,57.14,56.09,56.22,179498.0
2021-06-29 04:00:00,56.18,56.3926,55.32,55.49,126134.0
2021-06-30 04:00:00,55.21,56.02,55.21,55.54,206088.0
2021-07-01 04:00:00,55.59,56.21,55.57,56.07,127142.0
2021-07-02 04:00:00,56.37,56.94,56.11,56.62,118718.0
2021-07-06 04:00:00,56.79,56.83,55.62,56.81,145867.0
2021-07-07 04:00:00,56.7,58.465,56.7,58.23,183033.0
2021-07-08 04:00:00,57.9,58.4699,57.21,57.32,188170.0
2021-07-09 04:00:00,57.54,58.14,57.22,57.96,136327.0
2021-07-12 04:00:00,57.94,58.43,57.33,58.3,149471.0
2021-07-13 04:00:00,58.26,58.54,57.78,57.85,142549.0
2021-07-14 04:00:00,58.06,58.25,57.48,57.94,140054.0
2021-07-15 04:00:00,57.88,58.82,57.625,58.79,134788.0
2021-07-16 04:00:00,59.09,61.07,59.09,60.55,198398.0
2021-07-19 04:00:00,60.13,60.5632,58.86,59.52,227010.0
2021-07-20 04:00:00,59.87,61.4,59.87,60.4,270870.0
2021-07-21 04:00:00,60.4,60.59,59.52,59.59,168168.0
2021-07-22 04:00:00,59.34,60.155,59.34,59.61,139580.0
2021-07-23 04:00:00,59.75,60.77,59.26,60.72,164363.0
2021-07-26 04:00:00,60.7,60.97,60.415,60.92,155474.0
2021-07-27 04:00:00,60.9,61.55,60.6636,61.49,131229.0
2021-07-28 04:00:00,61.7,61.96,61.13,61.57,161733.0
2021-07-29 04:00:00,61.22,63.4399,61.22,62.74,185687.0
2021-07-30 04:00:00,63.41,64.1363,62.4,62.68,447975.0
2021-08-02 04:00:00,62.61,63.38,62.42,63.24,178501.0
2021-08-03 04:00:00,63.38,64.29,63.38,64.25,235923.0
2021-08-04 04:00:00,63.84,64.78,63.54,64.62,144921.0
2021-08-05 04:00:00,64.98,65.82,64.8,65.82,116163.0
2021-08-06 04:00:00,65.58,65.99,64.58,64.78,189393.0
2021-08-09 04:00:00,64.8,64.86,63.35,64.16,131625.0
2021-08-10 04:00:00,64.38,64.4,63.82,64.13,126065.0
2021-08-11 04:00:00,64.42,64.5499,63.4,63.78,87838.0
2021-08-12 04:00:00,63.5,64.3,63.41,63.65,111353.0
2021-08-13 04:00:00,63.89,64.49,63.63,64.43,164713.0
2021-08-16 04:00:00,64.43,65.13,64.26,65.1,127865.0
2021-08-17 04:00:00,64.84,65.0576,63.91,64.74,107825.0
2021-08-18 04:00:00,64.87,65.12,63.78,63.89,110926.0
2021-08-19 04:00:00,63.85,64.3,63.645,63.84,198828.0
2021-08-20 04:00:00,63.89,64.41,63.66,64.36,238134.0
2021-08-23 04:00:00,64.6,64.6,63.7,63.79,116936.0
2021-08-24 04:00:00,63.64,64.045,62.8696,63.15,122651.0
2021-08-25 04:00:00,63.37,63.475,62.75,63.16,134805.0
2021-08-26 04:00:00,63.04,63.05,62.47,62.95,138355.0
2021-08-27 04:00:00,63.06,64.14,62.72,63.0,328916.0
2021-08-30 04:00:00,63.19,64.02,63.19,63.73,164293.0
2021-08-31 04:00:00,63.79,64.02,63.03,63.55,148619.0
2021-09-01 04:00:00,63.68,65.46,63.47,64.9,153095.0
2021-09-02 04:00:00,65.13,65.27,64.79,65.12,139001.0
2021-09-03 04:00:00,65.14,65.5704,64.46,64.49,114302.0
2021-09-07 04:00:00,64.51,64.98,63.425,64.53,270781.0
2021-09-08 04:00:00,64.28,65.92,64.1,65.29,257961.0
2021-09-09 04:00:00,65.02,65.389,63.82,63.93,190509.0
2021-09-10 04:00:00,64.1,64.355,61.68,61.83,181564.0
2021-09-13 04:00:00,62.15,62.45,60.21,60.81,186481.0
2021-09-14 04:00:00,61.05,61.53,60.0,61.04,599523.0
2021-09-15 04:00:00,61.07,61.37,59.65,60.31,237506.0
2021-09-16 04:00:00,60.3,60.49,58.985,59.27,174502.0
2021-09-17 04:00:00,59.25,59.475,58.48,58.57,568830.0
2021-09-20 04:00:00,58.34,59.25,58.29,59.22,244354.0
2021-09-21 04:00:00,59.44,59.725,59.04,59.18,148587.0
2021-09-22 04:00:00,59.61,59.76,58.82,59.32,165905.0
2021-09-23 04:00:00,59.53,60.3357,59.45,59.61,142366.0
2021-09-24 04:00:00,59.67,60.4,59.55,59.78,169509.0
2021-09-27 04:00:00,59.78,60.29,58.93,58.99,137562.0
2021-09-28 04:00:00,58.86,59.17,58.36,58.64,125068.0
2021-09-29 04:00:00,58.79,59.85,58.65,59.5,146820.0
2021-09-30 04:00:00,59.91,60.34,58.9,58.93,226499.0
2021-10-01 04:00:00,59.03,59.75,58.47,58.78,213581.0
2021-10-04 04:00:00,58.69,60.095,58.68,59.81,173183.0
2021-10-05 04:00:00,59.86,60.02,59.34,59.96,180559.0
2021-10-06 04:00:00,59.54,60.43,58.8272,60.41,166564.0
2021-10-07 04:00:00,60.8,61.5,60.46,60.68,195495.0
2021-10-08 04:00:00,60.53,60.68,59.7,60.28,122981.0
2021-10-11 04:00:00,60.23,60.56,59.65,60.39,101406.0
2021-10-12 04:00:00,60.33,61.16,60.22,60.57,140630.0
2021-10-13 04:00:00,60.6,60.755,60.04,60.27,151582.0
2021-10-14 04:00:00,60.47,60.78,60.3767,60.62,118727.0
2021-10-15 04:00:00,61.15,61.365,60.715,61.01,263599.0
2021-10-18 04:00:00,60.77,61.05,59.82,59.84,158353.0
2021-10-19 04:00:00,60.12,60.655,59.54,59.62,176995.0
2021-10-20 04:00:00,59.61,60.97,59.61,60.06,186431.0
2021-10-21 04:00:00,60.0,60.0,57.32,59.09,340755.0
2021-10-22 04:00:00,59.01,59.99,59.01,59.18,175230.0
2021-10-25 04:00:00,59.16,60.48,59.085,59.96,189641.0
2021-10-26 04:00:00,59.85,61.15,59.85,59.91,220980.0
2021-10-27 04:00:00,60.27,60.38,59.26,59.43,141720.0
2021-10-28 04:00:00,59.03,61.29,59.03,61.08,281970.0
2021-10-29 04:00:00,61.23,62.22,60.605,60.88,638719.0
2021-11-01 04:00:00,60.99,61.4,59.7525,61.39,214872.0
2021-11-02 04:00:00,61.77,62.49,61.105,62.25,183635.0
2021-11-03 04:00:00,62.23,63.49,61.0,63.2,905181.0
2021-11-04 04:00:00,63.2,63.48,62.16,62.6,222274.0
2021-11-05 04:00:00,62.8,63.89,62.71,63.86,199511.0
2021-11-08 05:00:00,63.95,64.0,62.155,62.93,214579.0
2021-11-09 05:00:00,62.99,63.15,62.21,62.35,200360.0
2021-11-10 05:00:00,62.28,62.91,62.27,62.52,210833.0
2021-11-11 05:00:00,62.64,62.69,61.88,62.5,175804.0
2021-11-12 05:00:00,62.64,63.01,62.075,62.75,125858.0
2021-11-15 05:00:00,63.1,63.51,62.575,63.49,261234.0
2021-11-16 05:00:00,63.665,63.86,63.12,63.34,214008.0
2021-11-17 05:00:00,63.15,64.81,63.01,64.72,271759.0
2021-11-18 05:00:00,65.0,65.78,64.735,65.71,184914.0
2021-11-19 05:00:00,65.87,67.3,65.31,67.11,319593.0
2021-11-22 05:00:00,67.16,68.4,66.04,67.12,319064.0
2021-11-23 05:00:00,66.93,67.22,66.115,66.32,189872.0
2021-11-24 05:00:00,66.29,66.31,64.98,65.04,177514.0
2021-11-26 05:00:00,64.24,64.96,62.13,62.95,193640.0
2021-11-29 05:00:00,63.53,64.465,62.87,64.33,240551.0
2021-11-30 05:00:00,64.45,64.51,63.01,63.01,301997.0
2021-12-01 05:00:00,63.68,65.36,63.45,63.7,232195.0
2021-12-02 05:00:00,64.18,65.74,64.125,65.31,239233.0
2021-12-03 05:00:00,65.56,65.56,64.4,65.36,220665.0
2021-12-06 05:00:00,66.23,67.12,65.48,66.77,233724.0
2021-12-07 05:00:00,66.93,67.61,66.36,66.95,153296.0
2021-12-08 05:00:00,67.32,67.75,66.81,67.23,156244.0
2021-12-09 05:00:00,66.93,67.49,66.15,67.31,205469.0
2021-12-10 05:00:00,67.54,68.0816,67.3615,67.69,193539.0
2021-12-13 05:00:00,67.41,69.92,67.39,69.15,341363.0
2021-12-14 05:00:00,68.95,69.67,68.05,68.39,391202.0
2021-12-15 05:00:00,68.61,70.81,68.61,70.66,456663.0
2021-12-16 05:00:00,70.52,71.74,70.13,70.56,237570.0
2021-12-17 05:00:00,70.12,70.56,69.22,69.33,817467.0
2021-12-20 05:00:00,68.78,70.095,68.266,69.85,206502.0
2021-12-21 05:00:00,70.21,70.405,69.04,70.02,159011.0
2021-12-22 05:00:00,69.87,70.64,69.58,70.45,212111.0
2021-12-23 05:00:00,70.59,70.59,69.345,69.36,209129.0
2021-12-27 05:00:00,69.78,70.13,69.05,70.02,88979.0
2021-12-28 05:00:00,69.96,70.64,69.77,70.54,83985.0
2021-12-29 05:00:00,70.68,71.3,70.22,71.24,91403.0
2021-12-30 05:00:00,71.49,71.71,70.865,71.37,115806.0
2021-12-31 05:00:00,71.47,72.08,70.76,71.86,121158.0
2022-01-03 05:00:00,71.96,71.96,70.63,71.87,232540.0
2022-01-04 05:00:00,71.77,71.77,69.63,69.87,206394.0
2022-01-05 05:00:00,69.63,70.27,69.07,69.32,132704.0
2022-01-06 05:00:00,69.1,70.05,68.4,68.63,164153.0
2022-01-07 05:00:00,68.11,68.39,67.565,67.83,137423.0
2022-01-10 05:00:00,67.54,67.5758,66.0475,66.18,157171.0
2022-01-11 05:00:00,66.19,66.32,64.3,65.04,180034.0
2022-01-12 05:00:00,64.99,65.56,64.52,64.78,138695.0
2022-01-13 05:00:00,64.88,64.88,63.51,63.83,234365.0
2022-01-14 05:00:00,63.46,63.67,61.97,62.51,174133.0
2022-01-18 05:00:00,61.96,62.61,61.46,61.97,301116.0
2022-01-19 05:00:00,61.99,62.6,61.54,61.61,221617.0
2022-01-20 05:00:00,61.79,62.95,61.17,61.22,224398.0
2022-01-21 05:00:00,61.38,62.28,60.89,61.12,244805.0
2022-01-24 05:00:00,61.25,61.56,59.065,60.69,315274.0
2022-01-25 05:00:00,60.4,62.0726,60.22,61.57,246461.0
2022-01-26 05:00:00,61.44,62.59,60.14,60.79,215499.0
2022-01-27 05:00:00,61.28,62.01,59.92,60.19,301780.0
2022-01-28 05:00:00,60.33,60.99,59.2001,60.98,190296.0
2022-01-31 05:00:00,60.46,62.09,60.42,62.09,441622.0
2022-02-01 05:00:00,62.33,62.51,60.12,60.96,235586.0
2022-02-02 05:00:00,60.84,61.35,60.398,61.23,241314.0
2022-02-03 05:00:00,60.93,61.14,60.16,60.5,164908.0
2022-02-04 05:00:00,61.2,61.62,58.8,59.74,227221.0
2022-02-07 05:00:00,59.51,60.07,59.1,59.46,161656.0
2022-02-08 05:00:00,59.56,60.65,59.2507,60.1,373282.0
2022-02-09 05:00:00,60.54,60.8,59.41,59.85,235719.0
2022-02-10 05:00:00,59.25,60.07,57.98,58.25,263488.0
2022-02-11 05:00:00,58.57,59.37,58.08,58.77,190558.0
2022-02-14 05:00:00,58.97,59.62,57.56,58.47,288664.0
2022-02-15 05:00:00,58.91,59.56,58.13,58.38,133857.0
2022-02-16 05:00:00,56.43,58.5672,56.27,58.23,323214.0
2022-02-17 05:00:00,58.03,58.78,57.63,58.42,162448.0
2022-02-18 05:00:00,58.16,59.5962,58.115,58.78,212403.0
2022-02-22 05:00:00,58.55,59.76,58.28,59.05,184314.0
2022-02-23 05:00:00,59.29,59.378,57.44,57.53,187371.0
2022-02-24 05:00:00,55.0,57.19,52.813,56.86,417361.0
2022-02-25 05:00:00,56.88,57.68,55.71,55.97,300704.0
2022-02-28 05:00:00,56.12,57.66,56.12,56.93,370372.0
2022-03-01 05:00:00,57.34,58.2,55.98,56.42,211742.0
2022-03-02 05:00:00,56.9,57.51,56.56,56.9,194886.0
2022-03-03 05:00:00,57.14,57.87,56.78,57.01,216338.0
2022-03-04 05:00:00,57.11,58.69,56.31,58.63,364557.0
2022-03-07 05:00:00,59.36,60.07,58.17,59.83,237123.0
2022-03-08 05:00:00,59.84,59.92,57.75,58.44,289398.0
2022-03-09 05:00:00,58.51,58.8,58.14,58.33,249991.0
2022-03-10 05:00:00,57.83,58.08,56.43,57.6,154559.0
2022-03-11 05:00:00,57.57,57.85,56.2,56.68,175679.0
2022-03-14 04:00:00,56.78,57.4117,56.6,57.04,173122.0
2022-03-15 04:00:00,57.43,57.84,57.0,57.61,228223.0
2022-03-16 04:00:00,57.78,58.25,57.21,57.86,211319.0
2022-03-17 04:00:00,57.63,58.67,57.63,58.14,136402.0
2022-03-18 04:00:00,58.57,58.57,57.515,58.49,455783.0
2022-03-21 04:00:00,58.28,59.08,57.89,58.32,103788.0
2022-03-22 04:00:00,58.39,58.46,57.405,57.65,188731.0
2022-03-23 04:00:00,57.9,58.14,57.001,57.38,175631.0
2022-03-24 04:00:00,57.69,58.87,57.495,58.3,286724.0
2022-03-25 04:00:00,58.38,59.1,57.8,58.26,231365.0
2022-03-28 04:00:00,58.16,59.29,58.07,58.8,219010.0
2022-03-29 04:00:00,59.18,60.04,59.04,59.81,281432.0
2022-03-30 04:00:00,59.92,60.44,59.48,59.98,239780.0
2022-03-31 04:00:00,59.88,60.5499,59.15,59.28,293052.0
2022-04-01 04:00:00,59.53,61.75,59.485,61.72,485735.0
2022-04-04 04:00:00,61.3,61.3,58.59,59.15,290934.0
2022-04-05 04:00:00,59.25,59.81,58.62,58.66,253924.0
2022-04-06 04:00:00,58.56,59.2423,58.2,59.01,228527.0
2022-04-07 04:00:00,58.91,59.2,58.4,58.87,286718.0
2022-04-08 04:00:00,59.1,59.64,58.62,58.69,247227.0
2022-04-11 04:00:00,58.81,59.51,57.68,57.83,268068.0
2022-04-12 04:00:00,57.9,58.77,57.7302,58.14,246964.0
2022-04-13 04:00:00,58.32,58.39,57.19,57.4,154083.0
2022-04-14 04:00:00,57.62,57.73,55.69,55.72,157164.0
2022-04-18 04:00:00,55.73,56.28,54.2,54.68,228199.0
2022-04-19 04:00:00,55.0,55.77,54.751,54.99,221607.0
2022-04-20 04:00:00,55.67,56.95,55.67,56.15,256300.0
2022-04-21 04:00:00,56.2,56.534,54.86,55.05,210165.0
2022-04-22 04:00:00,55.04,55.99,54.48,55.49,402500.0
2022-04-25 04:00:00,55.53,55.79,53.73,54.6,424889.0
2022-04-26 04:00:00,54.26,55.03,53.95,54.06,283011.0
2022-04-27 04:00:00,53.58,54.16,51.88,52.22,384624.0
2022-04-28 04:00:00,52.38,53.6,51.615,53.32,337198.0
2022-04-29 04:00:00,52.62,52.99,51.65,51.87,1507168.0
2022-05-02 04:00:00,51.78,52.2,50.515,51.04,436565.0
2022-05-03 04:00:00,51.28,52.33,50.55,51.5,460358.0
2022-05-04 04:00:00,51.19,52.0,50.68,51.85,269035.0
2022-05-05 04:00:00,51.5,51.9724,50.0,50.67,212408.0
2022-05-06 04:00:00,50.25,50.68,49.92,50.54,268866.0
2022-05-09 04:00:00,50.35,51.1,49.9,50.69,276279.0
2022-05-10 04:00:00,50.83,51.36,49.84,50.6,267881.0
2022-05-11 04:00:00,50.32,51.325,50.25,50.33,254156.0
2022-05-12 04:00:00,50.5,52.19,50.295,52.09,398830.0
2022-05-13 04:00:00,52.52,53.1,52.24,53.04,273497.0
2022-05-16 04:00:00,52.96,53.85,52.88,53.04,332114.0
2022-05-17 04:00:00,53.15,53.45,52.46,53.22,296912.0
2022-05-18 04:00:00,53.62,55.1,52.97,53.25,331963.0
2022-05-19 04:00:00,53.27,54.51,52.8,54.4,472536.0
2022-05-20 04:00:00,54.68,54.88,52.64,53.88,221921.0
2022-05-23 04:00:00,54.31,55.01,53.73,53.98,160856.0
2022-05-24 04:00:00,54.03,54.45,52.93,54.31,184200.0
2022-05-25 04:00:00,54.28,54.61,53.925,54.06,153560.0
2022-05-26 04:00:00,54.56,54.56,53.05,53.29,202609.0
2022-05-27 04:00:00,53.18,54.11,53.18,53.73,174880.0
2022-05-31 04:00:00,53.01,53.69,52.14,53.67,307328.0
2022-06-01 04:00:00,53.82,54.24,53.59,53.9,236399.0
2022-06-02 04:00:00,53.75,55.43,53.05,55.21,238321.0
2022-06-03 04:00:00,55.11,55.5,54.83,54.96,194442.0
2022-06-06 04:00:00,55.55,55.55,54.75,54.97,197169.0
2022-06-07 04:00:00,54.76,55.33,54.18,55.23,246714.0
2022-06-08 04:00:00,55.19,55.405,53.87,54.15,163279.0
2022-06-09 04:00:00,54.14,54.71,53.555,53.88,281765.0
2022-06-10 04:00:00,53.6,54.56,52.81,54.04,208370.0
2022-06-13 04:00:00,53.42,53.8253,50.76,50.97,345710.0
2022-06-14 04:00:00,50.9,50.9,48.46,49.19,228990.0
2022-06-15 04:00:00,49.55,50.47,48.84,49.68,240352.0
2022-06-16 04:00:00,48.98,49.41,48.54,48.76,295657.0
2022-06-17 04:00:00,49.19,50.085,49.0,49.83,637930.0
2022-06-21 04:00:00,49.78,49.98,49.03,49.3,191849.0
2022-06-22 04:00:00,48.94,51.11,48.94,50.56,171739.0
2022-06-23 04:00:00,50.55,53.0931,50.55,53.06,194441.0
2022-06-24 04:00:00,53.33,54.04,52.92,53.89,493191.0
2022-06-27 04:00:00,54.15,54.52,53.63,54.24,152376.0
2022-06-28 04:00:00,54.48,54.99,53.71,53.83,171033.0
2022-06-29 04:00:00,53.75,54.66,53.29,54.35,202918.0
2022-06-30 04:00:00,54.07,55.74,54.02,55.55,281115.0
2022-07-01 04:00:00,55.37,57.07,55.37,57.0,286120.0
2022-07-05 04:00:00,56.4,56.73,54.2,55.86,362836.0
2022-07-06 04:00:00,55.76,56.76,55.39,56.43,156778.0
2022-07-07 04:00:00,56.67,56.78,55.775,55.97,149952.0
2022-07-08 04:00:00,55.86,56.09,55.155,55.44,141854.0
2022-07-11 04:00:00,55.43,55.92,55.09,55.85,153023.0
2022-07-12 04:00:00,55.75,56.255,54.78,55.16,151094.0
2022-07-13 04:00:00,54.84,55.71,54.76,55.55,125755.0
2022-07-14 04:00:00,54.82,56.08,54.81,55.9,142408.0
2022-07-15 04:00:00,56.42,57.15,55.52,56.83,209463.0
2022-07-18 04:00:00,56.53,56.53,55.015,55.28,164008.0
2022-07-19 04:00:00,55.61,56.5,55.6,56.47,168845.0
2022-07-20 04:00:00,56.88,56.88,55.73,56.02,193767.0
2022-07-21 04:00:00,55.74,56.87,55.44,56.83,170138.0
2022-07-22 04:00:00,57.31,57.9167,56.94,57.69,188817.0
2022-07-25 04:00:00,57.73,58.26,57.281,58.12,187857.0
2022-07-26 04:00:00,57.99,58.75,57.855,58.68,201721.0
2022-07-27 04:00:00,58.34,58.86,57.91,58.39,215077.0
2022-07-28 04:00:00,57.0,59.53,55.89,59.43,421049.0
2022-07-29 04:00:00,59.65,60.47,59.26,60.08,744475.0
2022-08-01 04:00:00,59.81,61.83,59.72,61.36,279403.0
2022-08-02 04:00:00,61.5,61.51,60.38,60.55,275550.0
2022-08-03 04:00:00,60.54,61.596,59.82,61.34,208468.0
2022-08-04 04:00:00,61.49,61.7,61.0,61.34,210776.0
2022-08-05 04:00:00,60.75,61.165,59.06,59.78,166754.0
2022-08-08 04:00:00,59.7,60.72,59.51,59.9,187521.0
2022-08-09 04:00:00,60.11,61.08,60.07,60.97,218579.0
2022-08-10 04:00:00,61.39,61.69,60.8,61.55,174058.0
2022-08-11 04:00:00,62.13,62.39,61.14,61.17,126824.0
2022-08-12 04:00:00,61.39,62.615,60.725,62.61,184822.0
2022-08-15 04:00:00,62.46,63.0,61.96,62.98,157261.0
2022-08-16 04:00:00,62.81,63.39,62.595,63.24,132994.0
2022-08-17 04:00:00,63.19,63.81,62.73,63.52,119130.0
2022-08-18 04:00:00,63.52,63.7519,62.9145,63.14,153724.0
2022-08-19 04:00:00,63.04,63.2086,61.94,62.17,207134.0
2022-08-22 04:00:00,61.72,62.46,60.78,61.21,162565.0
2022-08-23 04:00:00,60.79,60.85,59.69,60.06,172636.0
2022-08-24 04:00:00,60.06,60.25,59.37,60.22,164823.0
2022-08-25 04:00:00,60.63,61.64,59.89,61.44,162036.0
2022-08-26 04:00:00,61.41,61.76,60.431,60.64,118305.0
2022-08-29 04:00:00,60.46,60.645,59.48,60.23,163068.0
2022-08-30 04:00:00,60.54,60.54,58.6,58.73,209689.0
2022-08-31 04:00:00,58.71,59.2,58.12,58.53,168876.0
2022-09-01 04:00:00,58.27,59.48,58.06,59.28,186946.0
2022-09-02 04:00:00,59.51,59.87,58.14,58.44,187683.0
2022-09-06 04:00:00,58.27,58.59,57.37,57.87,191571.0
2022-09-07 04:00:00,58.08,58.84,57.89,58.8,220986.0
2022-09-08 04:00:00,58.48,58.99,58.02,58.55,190587.0
2022-09-09 04:00:00,58.75,59.06,58.05,58.68,165627.0
2022-09-12 04:00:00,58.75,60.01,58.41,59.83,174209.0
2022-09-13 04:00:00,59.01,59.99,58.5325,59.42,236824.0
2022-09-14 04:00:00,59.54,61.54,59.33,61.37,388347.0
2022-09-15 04:00:00,60.95,61.35,59.175,59.49,305412.0
2022-09-16 04:00:00,59.31,60.57,57.79,58.27,1151544.0
2022-09-19 04:00:00,58.59,58.59,57.01,58.15,453152.0
2022-09-20 04:00:00,57.77,58.12,57.19,57.81,297601.0
2022-09-21 04:00:00,58.35,58.67,56.78,56.92,259867.0
2022-09-22 04:00:00,56.75,57.24,55.83,56.89,210317.0
2022-09-23 04:00:00,56.4,56.86,55.571,56.46,194627.0
2022-09-26 04:00:00,56.02,56.81,55.5,55.6,219584.0
2022-09-27 04:00:00,55.75,55.79,53.86,54.32,206691.0
2022-09-28 04:00:00,54.8,56.03,54.27,55.6,190565.0
2022-09-29 04:00:00,55.19,55.19,53.765,54.18,183797.0
2022-09-30 04:00:00,54.57,54.785,52.69,52.69,409214.0
2022-10-03 04:00:00,53.4,55.6,53.19,55.23,345886.0
2022-10-04 04:00:00,55.16,56.58,55.16,56.28,288617.0
2022-10-05 04:00:00,55.63,55.63,54.2201,55.05,212657.0
2022-10-06 04:00:00,54.96,54.96,53.99,54.19,144205.0
2022-10-07 04:00:00,54.08,54.433,52.795,53.24,185278.0
2022-10-10 04:00:00,53.47,54.22,53.341,53.36,155264.0
2022-10-11 04:00:00,53.39,54.79,53.22,54.44,279001.0
2022-10-12 04:00:00,54.61,54.61,53.45,53.68,248063.0
2022-10-13 04:00:00,53.12,54.98,52.64,54.77,295874.0
2022-10-14 04:00:00,55.21,55.54,54.285,54.67,175810.0
2022-10-17 04:00:00,55.16,57.06,55.16,56.22,352352.0
2022-10-18 04:00:00,56.97,57.9238,56.0057,56.42,295557.0
2022-10-19 04:00:00,55.61,56.32,55.19,55.85,230395.0
2022-10-20 04:00:00,55.59,55.59,51.47,51.69,327682.0
2022-10-21 04:00:00,52.31,54.065,51.48,53.44,1032682.0
2022-10-24 04:00:00,53.75,54.64,52.995,54.62,211819.0
2022-10-25 04:00:00,54.89,56.54,54.75,56.44,184050.0
2022-10-26 04:00:00,56.92,57.61,56.42,56.81,280545.0
2022-10-27 04:00:00,56.63,59.46,56.63,58.5,258481.0
2022-10-28 04:00:00,58.59,60.965,58.59,60.94,225195.0
2022-10-31 04:00:00,61.28,62.33,60.62,62.06,467869.0
2022-11-01 04:00:00,61.47,61.75,59.38,59.82,309817.0
2022-11-02 04:00:00,59.78,60.58,58.65,58.73,211870.0
2022-11-03 04:00:00,57.7,58.91,57.527,58.73,194896.0
2022-11-04 04:00:00,58.51,60.215,58.28,59.81,194415.0
2022-11-07 05:00:00,59.81,60.47,59.06,60.46,278610.0
2022-11-08 05:00:00,60.31,60.6,59.59,59.92,225236.0
2022-11-09 05:00:00,59.61,60.36,59.45,59.81,220859.0
2022-11-10 05:00:00,61.07,62.64,60.58,62.55,274804.0
2022-11-11 05:00:00,62.84,62.84,60.58,61.53,150501.0
2022-11-14 05:00:00,61.53,63.51,61.07,62.85,163974.0
2022-11-15 05:00:00,63.28,63.545,62.67,63.13,150764.0
2022-11-16 05:00:00,63.27,63.71,62.82,63.14,180076.0
2022-11-17 05:00:00,62.51,62.83,62.06,62.77,124379.0
2022-11-18 05:00:00,63.74,64.22,63.07,63.26,254299.0
2022-11-21 05:00:00,63.6,64.34,63.08,63.6,244529.0
2022-11-22 05:00:00,63.83,64.43,62.89,63.99,236772.0
2022-11-23 05:00:00,64.32,65.21,64.05,65.12,329277.0
2022-11-25 05:00:00,65.34,66.12,64.74,65.53,172211.0
2022-11-28 05:00:00,65.17,65.715,64.47,64.56,399774.0
2022-11-29 05:00:00,64.09,64.09,63.0,63.15,357020.0
2022-11-30 05:00:00,62.88,65.0,62.67,64.93,575077.0
2022-12-01 05:00:00,64.37,65.25,63.74,64.39,237159.0
2022-12-02 05:00:00,63.83,64.35,63.72,64.3,179046.0
2022-12-05 05:00:00,63.8,63.955,63.29,63.88,223234.0
2022-12-06 05:00:00,63.74,63.74,61.715,62.57,282518.0
2022-12-07 05:00:00,62.56,62.94,62.17,62.78,176499.0
2022-12-08 05:00:00,62.75,63.49,61.92,63.46,176530.0
2022-12-09 05:00:00,62.83,63.72,62.76,63.65,207000.0
2022-12-12 05:00:00,64.04,64.04,63.26,63.7,197019.0
2022-12-13 05:00:00,64.58,65.44,63.8,63.97,436533.0
2022-12-14 05:00:00,64.2,64.63,62.62,62.94,212772.0
2022-12-15 05:00:00,62.8,62.8,61.29,61.44,249026.0
2022-12-16 05:00:00,60.52,61.18,59.43,60.43,624735.0
2022-12-19 05:00:00,59.98,61.21,59.98,60.57,185287.0
2022-12-20 05:00:00,60.44,60.945,60.26,60.59,130859.0
2022-12-21 05:00:00,60.74,61.67,60.49,61.33,182982.0
2022-12-22 05:00:00,60.99,60.99,59.88,60.84,143105.0
2022-12-23 05:00:00,60.9,61.83,60.725,61.78,157827.0
2022-12-27 05:00:00,61.91,61.995,61.39,61.88,104240.0
2022-12-28 05:00:00,62.17,62.385,61.38,61.4,104809.0
2022-12-29 05:00:00,61.8,62.33,61.51,62.22,159941.0
2022-12-30 05:00:00,62.21,62.21,60.351,60.64,198019.0
2023-01-03 05:00:00,61.09,62.03,60.33,61.8,265891.0
2023-01-04 05:00:00,62.35,63.745,62.11,62.84,246158.0
2023-01-05 05:00:00,62.2,62.97,60.61,60.78,164079.0
2023-01-06 05:00:00,61.44,62.36,61.26,61.91,126947.0
2023-01-09 05:00:00,61.68,62.53,60.81,61.04,175523.0
2023-01-10 05:00:00,60.81,61.81,60.72,61.81,155524.0
2023-01-11 05:00:00,61.92,62.59,61.705,62.28,121599.0
2023-01-12 05:00:00,62.36,62.57,61.95,62.28,127108.0
2023-01-13 05:00:00,62.22,62.81,61.8,62.39,127422.0
2023-01-17 05:00:00,62.52,63.1,62.07,62.53,119545.0
2023-01-18 05:00:00,62.57,62.57,61.12,61.64,113859.0
2023-01-19 05:00:00,61.78,61.84,60.81,60.84,166030.0
2023-01-20 05:00:00,61.07,61.07,60.0,60.73,193673.0
2023-01-23 05:00:00,60.36,62.0,60.33,61.22,151056.0
2023-01-24 05:00:00,61.02,62.62,60.59,62.35,141187.0
2023-01-25 05:00:00,61.76,62.86,61.28,62.73,162330.0
2023-01-26 05:00:00,62.72,62.83,61.95,62.29,179608.0
2023-01-27 05:00:00,62.4,62.54,61.7,61.92,176164.0
2023-01-30 05:00:00,61.77,62.17,59.74,59.89,206308.0
2023-01-31 05:00:00,60.28,61.64,59.89,61.17,953025.0
2023-02-01 05:00:00,61.06,63.24,60.49,62.63,251567.0
2023-02-02 05:00:00,62.79,63.92,62.69,63.92,269830.0
2023-02-03 05:00:00,63.42,63.44,61.93,62.67,258415.0
2023-02-06 05:00:00,62.69,63.11,62.39,63.03,142835.0
2023-02-07 05:00:00,62.45,62.45,60.85,62.27,207915.0
2023-02-08 05:00:00,61.97,62.21,60.28,60.56,226809.0
2023-02-09 05:00:00,60.7,61.03,59.06,59.45,173956.0
2023-02-10 05:00:00,59.58,60.21,59.33,60.05,125110.0
2023-02-13 05:00:00,60.34,61.06,60.25,60.92,171344.0
2023-02-14 05:00:00,60.78,60.97,59.675,59.95,140695.0
2023-02-15 05:00:00,59.69,60.18,59.58,60.09,133126.0
2023-02-16 05:00:00,59.5,59.74,58.87,59.39,124653.0
2023-02-17 05:00:00,59.83,60.865,59.4,60.73,140291.0
2023-02-21 05:00:00,60.18,60.32,59.53,59.64,169468.0
2023-02-22 05:00:00,59.91,60.7,59.81,59.86,204972.0
2023-02-23 05:00:00,59.84,60.17,58.16,59.06,218920.0
2023-02-24 05:00:00,58.59,58.845,57.93,58.64,161605.0
2023-02-27 05:00:00,59.08,59.89,58.04,58.09,158660.0
2023-02-28 05:00:00,57.81,58.08,57.01,57.24,334503.0
2023-03-01 05:00:00,56.67,56.95,55.74,55.9,194520.0
2023-03-02 05:00:00,56.05,57.16,55.16,56.76,292674.0
2023-03-03 05:00:00,57.13,57.27,55.87,56.84,212357.0
2023-03-06 05:00:00,56.74,57.64,55.16,55.63,290188.0
2023-03-07 05:00:00,55.88,56.04,55.28,55.46,159708.0
2023-03-08 05:00:00,55.4,56.415,55.14,56.34,221546.0
2023-03-09 05:00:00,56.56,56.56,55.52,55.62,184610.0
2023-03-10 05:00:00,55.61,55.61,54.42,54.67,167965.0
2023-03-13 04:00:00,54.66,56.62,54.66,55.04,235802.0
2023-03-14 04:00:00,56.11,56.6,55.49,56.13,245690.0
2023-03-15 04:00:00,55.72,57.09,55.66,56.73,338919.0
2023-03-16 04:00:00,56.13,57.68,56.13,57.53,234341.0
2023-03-17 04:00:00,57.21,57.99,56.25,56.81,1092957.0
2023-03-20 04:00:00,57.33,58.5,57.19,57.78,329941.0
2023-03-21 04:00:00,58.01,58.26,55.13,55.64,296839.0
2023-03-22 04:00:00,55.71,56.175,54.765,54.82,284254.0
2023-03-23 04:00:00,54.93,55.37,54.1,54.47,197157.0
2023-03-24 04:00:00,54.39,56.73,54.39,56.68,205791.0
2023-03-27 04:00:00,57.18,57.5,56.715,56.88,179601.0
2023-03-28 04:00:00,56.56,57.7,56.56,57.25,158612.0
2023-03-29 04:00:00,57.68,58.3,57.17,57.39,145793.0
2023-03-30 04:00:00,57.55,57.9,56.94,57.59,149901.0
2023-03-31 04:00:00,57.95,58.23,57.47,58.2,294298.0
2023-04-03 04:00:00,58.13,58.2,57.345,57.89,234794.0
2023-04-04 04:00:00,58.09,59.0,57.9,58.67,156410.0
2023-04-05 04:00:00,58.85,59.986,58.85,59.8,233017.0
2023-04-06 04:00:00,60.28,60.51,59.72,60.31,130027.0
2023-04-10 04:00:00,59.96,60.59,59.542,60.23,208859.0
2023-04-11 04:00:00,60.2,61.05,60.01,60.9,125904.0
2023-04-12 04:00:00,61.11,61.59,60.35,60.69,100863.0
2023-04-13 04:00:00,60.51,61.16,60.0,61.12,179722.0
2023-04-14 04:00:00,60.7,61.06,58.56,59.08,226543.0
2023-04-17 04:00:00,59.08,59.385,58.15,58.8,227581.0
2023-04-18 04:00:00,58.81,58.81,57.23,57.7,161188.0
2023-04-19 04:00:00,57.7,58.33,57.583,58.14,179130.0
2023-04-20 04:00:00,58.13,58.59,57.77,58.51,204474.0
2023-04-21 04:00:00,59.08,59.64,58.08,58.41,488283.0
2023-04-24 04:00:00,58.37,58.715,57.9,58.02,138798.0
2023-04-25 04:00:00,57.74,58.33,57.5412,58.17,185459.0
2023-04-26 04:00:00,57.37,57.79,56.57,57.0,224018.0
2023-04-27 04:00:00,55.72,57.215,55.3,56.77,318329.0
2023-04-28 04:00:00,56.49,56.76,55.87,56.08,623948.0
2023-05-01 04:00:00,56.05,56.27,55.13,55.46,254672.0
2023-05-02 04:00:00,55.42,56.075,54.62,55.81,275745.0
2023-05-03 04:00:00,56.03,56.62,55.6,55.99,249818.0
2023-05-04 04:00:00,55.7,56.97,55.4,56.92,222246.0
2023-05-05 04:00:00,56.78,57.31,56.59,57.03,189929.0
2023-05-08 04:00:00,56.86,56.99,55.0,56.6,843552.0
2023-05-09 04:00:00,56.92,57.05,56.32,56.46,350518.0
2023-05-10 04:00:00,57.0,57.49,56.45,57.3,208206.0
2023-05-11 04:00:00,57.25,57.27,56.13,56.76,194877.0
2023-05-12 04:00:00,56.89,57.44,56.32,57.12,270900.0
2023-05-15 04:00:00,57.36,57.48,56.36,56.6,227432.0
2023-05-16 04:00:00,56.61,56.68,55.51,55.7,285950.0
2023-05-17 04:00:00,55.68,56.22,55.05,56.09,267962.0
2023-05-18 04:00:00,55.78,55.87,55.19,55.46,252649.0
2023-05-19 04:00:00,55.84,55.86,54.51,54.62,595602.0
2023-05-22 04:00:00,54.84,55.72,54.26,55.45,236534.0
2023-05-23 04:00:00,55.13,56.85,55.13,56.23,283439.0
2023-05-24 04:00:00,56.44,56.47,55.795,56.13,196164.0
2023-05-25 04:00:00,55.75,56.13,54.76,55.74,204882.0
2023-05-26 04:00:00,55.92,57.36,55.64,57.13,285676.0
2023-05-30 04:00:00,57.21,57.55,56.31,56.34,251988.0
2023-05-31 04:00:00,56.53,57.03,55.79,56.91,367390.0
2023-06-01 04:00:00,57.07,57.07,55.57,56.12,186954.0
2023-06-02 04:00:00,56.44,58.23,55.99,57.89,250697.0
2023-06-05 04:00:00,56.75,57.11,56.0,56.87,357309.0
2023-06-06 04:00:00,56.85,57.41,56.25,57.12,225874.0
2023-06-07 04:00:00,57.15,58.3,56.845,57.75,910574.0
2023-06-08 04:00:00,57.51,57.64,56.99,57.06,243889.0
2023-06-09 04:00:00,56.81,56.825,56.06,56.34,279780.0
2023-06-12 04:00:00,56.33,56.8,53.02,53.83,591857.0
2023-06-13 04:00:00,53.82,54.69,53.4,53.87,321807.0
2023-06-14 04:00:00,52.49,53.34,51.55,51.59,485364.0
2023-06-15 04:00:00,51.69,52.59,51.39,52.26,314458.0
2023-06-16 04:00:00,52.6,52.61,52.0,52.47,848838.0
2023-06-20 04:00:00,52.58,52.74,51.795,51.89,328773.0
2023-06-21 04:00:00,51.77,52.38,50.92,52.17,285819.0
2023-06-22 04:00:00,52.34,52.65,51.6,52.27,308178.0
2023-06-23 04:00:00,52.08,52.86,50.18,50.28,593938.0
2023-06-26 04:00:00,50.26,50.67,49.84,49.9,237787.0
2023-06-27 04:00:00,49.9,51.11,49.63,51.04,302237.0
2023-06-28 04:00:00,51.75,52.02,50.89,51.82,321612.0
2023-06-29 04:00:00,51.52,52.1,51.45,51.74,321446.0
2023-06-30 04:00:00,51.94,52.13,50.96,51.63,318856.0
2023-07-03 04:00:00,51.36,52.295,51.36,51.88,156040.0
2023-07-05 04:00:00,51.5,52.04,50.98,51.02,390760.0
2023-07-06 04:00:00,50.55,51.065,50.07,50.48,454959.0
2023-07-07 04:00:00,50.0,50.31,49.0,49.59,768397.0
2023-07-10 04:00:00,49.48,50.24,49.175,49.3,396570.0
2023-07-11 04:00:00,49.49,50.11,49.36,50.07,265165.0
2023-07-12 04:00:00,50.67,50.9523,49.965,50.8,239228.0
2023-07-13 04:00:00,50.73,51.46,50.52,51.41,242915.0
2023-07-14 04:00:00,51.19,51.545,50.665,51.24,295902.0
2023-07-17 04:00:00,51.25,51.84,50.75,51.28,238227.0
2023-07-18 04:00:00,51.03,51.82,50.84,51.38,209891.0
2023-07-19 04:00:00,51.62,52.265,51.38,51.94,208996.0
2023-07-20 04:00:00,51.74,52.8,51.47,52.79,342121.0
2023-07-21 04:00:00,52.98,53.79,52.6,53.49,608239.0
2023-07-24 04:00:00,53.41,53.57,52.395,52.9,314908.0
2023-07-25 04:00:00,52.53,52.98,52.355,52.96,315791.0
2023-07-26 04:00:00,52.74,53.385,52.4,52.77,284790.0
2023-07-27 04:00:00,52.5,53.15,49.7,50.88,629279.0
2023-07-28 04:00:00,51.66,52.32,51.2,52.05,396243.0
2023-07-31 04:00:00,51.99,53.51,51.91,53.02,2639777.0
2023-08-01 04:00:00,52.85,53.1,51.85,52.05,385352.0
2023-08-02 04:00:00,51.45,52.18,51.3651,52.15,228041.0
2023-08-03 04:00:00,51.94,51.94,50.8,51.01,249764.0
2023-08-04 04:00:00,50.79,51.97,50.69,51.46,351386.0
2023-08-07 04:00:00,51.04,52.45,51.04,52.04,242990.0
2023-08-08 04:00:00,52.08,52.25,51.45,52.06,238832.0
2023-08-09 04:00:00,52.02,52.55,51.82,52.51,355619.0
2023-08-10 04:00:00,53.01,53.38,52.11,52.25,268204.0
2023-08-11 04:00:00,52.26,53.085,52.145,52.85,301620.0
2023-08-14 04:00:00,52.93,52.93,52.01,52.41,233930.0
2023-08-15 04:00:00,52.21,52.36,51.74,51.89,184682.0
2023-08-16 04:00:00,52.1,52.39,51.47,51.7,228419.0
2023-08-17 04:00:00,51.82,52.04,51.34,51.41,203556.0
2023-08-18 04:00:00,51.25,51.97,51.25,51.64,260509.0
2023-08-21 04:00:00,51.39,51.43,50.42,50.73,225076.0
2023-08-22 04:00:00,50.85,51.59,50.635,51.45,209776.0
2023-08-23 04:00:00,51.87,51.87,51.07,51.42,237456.0
2023-08-24 04:00:00,51.26,51.83,50.82,50.89,235159.0
2023-08-25 04:00:00,51.28,51.87,50.97,51.58,219827.0
2023-08-28 04:00:00,51.86,52.1,51.43,51.58,181813.0
2023-08-29 04:00:00,51.47,51.47,50.845,51.15,254736.0
2023-08-30 04:00:00,51.15,51.41,50.58,50.66,171395.0
2023-08-31 04:00:00,50.8,51.08,50.25,50.25,238603.0
2023-09-01 04:00:00,50.47,50.93,49.93,50.1,225244.0
2023-09-05 04:00:00,49.83,49.83,48.72,49.01,316002.0
2023-09-06 04:00:00,49.15,49.15,48.41,48.49,293930.0
2023-09-07 04:00:00,48.8,49.04,48.1,48.88,184318.0
2023-09-08 04:00:00,48.87,48.935,48.49,48.51,162778.0
2023-09-11 04:00:00,48.59,49.39,48.585,48.94,207266.0
2023-09-12 04:00:00,48.89,49.1,48.49,48.65,168253.0
2023-09-13 04:00:00,48.65,49.52,48.65,49.45,225229.0
2023-09-14 04:00:00,49.82,50.58,49.82,50.26,286100.0
2023-09-15 04:00:00,50.22,50.5,49.485,49.89,1381783.0
2023-09-18 04:00:00,49.83,49.83,49.13,49.15,209327.0
2023-09-19 04:00:00,49.02,49.26,48.81,48.84,230073.0
2023-09-20 04:00:00,49.02,49.3,48.44,48.45,193201.0
2023-09-21 04:00:00,48.28,48.645,47.87,48.45,310069.0
2023-09-22 04:00:00,48.34,48.58,48.085,48.28,240749.0
2023-09-25 04:00:00,47.99,48.43,47.81,48.3,206232.0
2023-09-26 04:00:00,48.12,48.34,46.96,47.06,261891.0
2023-09-27 04:00:00,47.12,47.28,46.65,46.66,250680.0
2023-09-28 04:00:00,46.83,47.17,46.31,46.91,526260.0
2023-09-29 04:00:00,47.31,47.6,46.88,47.31,443840.0
2023-10-02 04:00:00,47.07,47.07,45.83,46.28,452633.0
2023-10-03 04:00:00,46.0,46.495,45.44,46.43,369473.0
2023-10-04 04:00:00,46.76,47.0,46.05,46.95,249567.0
2023-10-05 04:00:00,46.95,48.38,46.7,48.22,436957.0
2023-10-06 04:00:00,47.67,48.55,47.37,48.31,217712.0
2023-10-09 04:00:00,48.08,49.04,48.08,48.74,200023.0
2023-10-10 04:00:00,48.76,49.11,48.4609,48.6,165560.0
2023-10-11 04:00:00,48.78,48.94,48.35,48.9,174393.0
2023-10-12 04:00:00,48.89,48.89,47.59,48.08,244509.0
2023-10-13 04:00:00,48.38,48.38,47.68,47.95,266691.0
2023-10-16 04:00:00,48.2,49.36,47.93,49.33,371612.0
2023-10-17 04:00:00,49.1,49.74,48.86,48.95,317006.0
2023-10-18 04:00:00,48.73,48.935,47.73,48.16,196757.0
2023-10-19 04:00:00,47.87,48.37,47.57,47.62,225409.0
2023-10-20 04:00:00,47.7,48.05,47.07,47.1,462529.0
2023-10-23 04:00:00,46.68,47.47,46.58,46.79,291241.0
2023-10-24 04:00:00,47.18,47.67,47.06,47.06,270484.0
2023-10-25 04:00:00,46.01,46.63,46.01,46.34,304572.0
2023-10-26 04:00:00,48.3,48.89,46.41,48.67,338033.0
2023-10-27 04:00:00,48.78,49.16,48.07,48.44,394726.0
2023-10-30 04:00:00,48.83,49.21,48.32,48.38,356458.0
2023-10-31 04:00:00,48.6,48.85,47.94,48.68,347865.0
2023-11-01 04:00:00,48.61,49.73,48.42,49.59,310460.0
2023-11-02 04:00:00,49.9,50.81,49.75,50.75,291291.0
2023-11-03 04:00:00,51.45,53.13,50.9831,52.48,342912.0
2023-11-06 05:00:00,52.2,52.42,51.55,51.57,196246.0
2023-11-07 05:00:00,51.66,51.66,50.79,50.93,119184.0
2023-11-08 05:00:00,50.87,51.14,49.33,49.75,230108.0
2023-11-09 05:00:00,49.96,50.0,49.17,49.41,187669.0
2023-11-10 05:00:00,49.83,49.83,48.97,49.01,186170.0
2023-11-13 05:00:00,48.8,49.11,48.4943,48.73,217913.0
2023-11-14 05:00:00,50.31,51.93,49.865,51.9,403943.0
2023-11-15 05:00:00,51.75,52.41,51.19,51.3,291551.0
2023-11-16 05:00:00,51.7,51.7,51.01,51.03,165502.0
2023-11-17 05:00:00,51.41,51.66,51.11,51.44,283359.0
2023-11-20 05:00:00,51.29,51.29,50.23,50.35,182404.0
2023-11-21 05:00:00,50.24,50.325,49.59,50.14,139392.0
2023-11-22 05:00:00,50.54,50.895,50.23,50.77,126918.0
2023-11-24 05:00:00,50.78,51.16,50.68,51.15,69723.0
2023-11-27 05:00:00,51.11,51.33,50.45,50.93,140331.0
2023-11-28 05:00:00,50.7,51.03,50.29,50.57,130700.0
2023-11-29 05:00:00,50.88,50.92,49.97,50.14,145990.0
2023-11-30 05:00:00,50.21,50.74,49.9187,50.57,247884.0
2023-12-01 05:00:00,50.32,51.72,49.87,51.69,206777.0
2023-12-04 05:00:00,51.29,53.07,51.29,53.05,220363.0
2023-12-05 05:00:00,53.06,53.58,52.45,52.83,189886.0
2023-12-06 05:00:00,53.27,53.51,52.7,52.73,211353.0
2023-12-07 05:00:00,52.58,52.82,52.0197,52.75,158295.0
2023-12-08 05:00:00,52.82,53.43,52.08,52.33,151174.0
2023-12-11 05:00:00,52.09,52.51,51.79,52.5,201796.0
2023-12-12 05:00:00,52.67,52.68,51.81,52.55,138619.0
2023-12-13 05:00:00,52.46,54.3,52.1,53.91,412391.0
2023-12-14 05:00:00,54.6,54.85,53.65,53.82,333955.0
2023-12-15 05:00:00,53.55,53.685,52.4,52.64,1102016.0
2023-12-18 05:00:00,52.89,52.985,52.23,52.25,393178.0
2023-12-19 05:00:00,52.65,53.79,52.5,53.59,356353.0
2023-12-20 05:00:00,53.45,53.95,52.2,52.21,320350.0
2023-12-21 05:00:00,52.48,52.76,51.78,52.13,246792.0
2023-12-22 05:00:00,52.56,53.0,52.1,52.29,162764.0
2023-12-26 05:00:00,52.39,52.83,52.13,52.55,167542.0
2023-12-27 05:00:00,52.53,52.765,52.12,52.35,161187.0
2023-12-28 05:00:00,51.86,52.55,51.86,52.51,147385.0
2023-12-29 05:00:00,52.42,52.42,51.4701,51.87,205737.0
2024-01-02 05:00:00,51.62,52.34,51.305,51.89,193230.0
2024-01-03 05:00:00,52.06,52.14,50.93,51.23,230937.0
2024-01-04 05:00:00,51.68,51.68,50.0,50.04,252157.0
2024-01-05 05:00:00,49.86,50.16,49.08,49.17,216258.0
2024-01-08 05:00:00,49.01,49.59,48.7,49.59,253607.0
2024-01-09 05:00:00,48.96,49.76,48.66,49.23,211484.0
2024-01-10 05:00:00,49.26,49.765,49.14,49.7,232029.0
2024-01-11 05:00:00,49.58,49.58,48.0,48.33,258000.0
2024-01-12 05:00:00,48.9,49.01,48.55,48.71,205191.0
2024-01-16 05:00:00,48.49,48.94,47.865,47.91,272853.0
2024-01-17 05:00:00,47.43,47.8,46.81,47.12,337806.0
2024-01-18 05:00:00,47.1,47.64,46.645,47.58,516632.0
2024-01-19 05:00:00,47.87,47.87,46.8,47.3,716472.0
2024-01-22 05:00:00,47.48,48.25,47.48,47.76,314148.0
2024-01-23 05:00:00,48.19,48.49,47.1,47.25,274196.0
2024-01-24 05:00:00,47.59,47.655,45.29,45.34,312361.0
2024-01-25 05:00:00,46.0,46.43,45.24,45.82,417989.0
2024-01-26 05:00:00,46.28,46.33,45.27,45.38,280086.0
2024-01-29 05:00:00,45.33,46.06,44.84,45.86,203886.0
2024-01-30 05:00:00,45.58,45.93,45.26,45.76,308703.0
2024-01-31 05:00:00,46.03,46.58,45.16,45.27,558892.0
2024-02-01 05:00:00,45.35,45.99,45.18,45.93,316193.0
2024-02-02 05:00:00,45.32,45.88,44.96,45.54,362938.0
2024-02-05 05:00:00,44.98,45.33,44.83,45.09,453211.0
2024-02-06 05:00:00,44.96,46.17,44.96,46.17,511964.0
2024-02-07 05:00:00,46.2,46.75,45.98,46.23,449177.0
2024-02-08 05:00:00,46.05,46.68,45.7,46.66,265588.0
2024-02-09 05:00:00,46.36,47.34,46.06,46.99,374678.0
2024-02-12 05:00:00,47.18,48.11,47.02,47.82,302611.0
2024-02-13 05:00:00,46.8,47.27,45.49,45.92,346051.0
2024-02-14 05:00:00,46.28,46.28,45.62,45.91,204702.0
2024-02-15 05:00:00,46.31,47.51,46.31,47.44,251426.0
2024-02-16 05:00:00,47.17,47.53,46.39,47.52,236238.0
2024-02-20 05:00:00,47.22,48.18,47.22,47.62,318830.0
2024-02-21 05:00:00,47.64,47.91,47.22,47.37,194276.0
2024-02-22 05:00:00,46.97,46.97,45.78,46.73,283514.0
2024-02-23 05:00:00,46.54,46.62,46.09,46.1,255753.0
2024-02-26 05:00:00,45.84,46.0496,45.1,45.44,393302.0
2024-02-27 05:00:00,45.64,46.01,45.44,45.95,293956.0
2024-02-28 05:00:00,45.41,46.31,45.41,45.92,299210.0
2024-02-29 05:00:00,46.87,47.45,45.85,45.89,461660.0
2024-03-01 05:00:00,45.21,45.9,44.93,45.53,266728.0
2024-03-04 05:00:00,45.4,46.26,45.395,46.08,333371.0
2024-03-05 05:00:00,46.12,46.685,45.06,45.37,242412.0
2024-03-06 05:00:00,45.63,46.05,45.29,45.6,254274.0
2024-03-07 05:00:00,45.86,46.4,45.66,46.24,362025.0
2024-03-08 05:00:00,46.5,46.57,45.98,46.3,359301.0
2024-03-11 04:00:00,46.23,48.555,46.23,47.87,337738.0
2024-03-12 04:00:00,47.41,47.68,46.6,47.05,185691.0
2024-03-13 04:00:00,47.01,47.8,46.81,47.04,325983.0
2024-03-14 04:00:00,46.67,46.82,45.66,46.62,476222.0
2024-03-15 04:00:00,46.36,47.15,45.7578,46.32,1115006.0
2024-03-18 04:00:00,46.19,46.19,45.29,45.6,349869.0
2024-03-19 04:00:00,45.72,46.24,45.5632,45.75,317890.0
2024-03-20 04:00:00,45.55,46.76,45.435,46.49,267107.0
2024-03-21 04:00:00,46.62,47.2,46.6,46.82,319008.0
2024-03-22 04:00:00,47.15,47.15,46.02,46.22,265572.0
2024-03-25 04:00:00,46.26,46.5,45.2,45.7,317771.0
2024-03-26 04:00:00,45.87,45.87,45.05,45.19,318372.0
2024-03-27 04:00:00,45.41,46.81,45.41,46.67,258094.0
2024-03-28 04:00:00,46.81,47.1,46.43,46.48,255979.0
2024-04-01 04:00:00,46.71,46.84,45.81,46.53,292451.0
2024-04-02 04:00:00,46.07,46.58,45.71,46.02,396000.0
2024-04-03 04:00:00,45.88,45.99,45.24,45.27,241739.0
2024-04-04 04:00:00,45.99,46.31,45.62,45.97,421663.0
2024-04-05 04:00:00,45.75,45.92,44.76,45.76,302119.0
2024-04-08 04:00:00,45.96,46.8,45.75,46.51,623875.0
2024-04-09 04:00:00,46.72,47.28,46.47,47.22,374319.0
2024-04-10 04:00:00,45.91,46.01,45.0,45.58,438658.0
2024-04-11 04:00:00,45.58,45.87,44.93,45.03,252887.0
2024-04-12 04:00:00,44.88,45.34,44.11,44.4,402520.0
2024-04-15 04:00:00,44.5,44.545,43.74,44.39,381357.0
2024-04-16 04:00:00,44.04,44.24,43.5,43.77,304548.0
2024-04-17 04:00:00,43.89,44.47,43.84,44.17,258008.0
2024-04-18 04:00:00,44.37,45.185,44.37,44.9,337498.0
2024-04-19 04:00:00,44.81,45.79,44.81,45.79,710317.0
2024-04-22 04:00:00,45.77,45.77,45.201,45.45,396987.0
2024-04-23 04:00:00,45.59,46.74,45.49,46.23,584345.0
2024-04-24 04:00:00,45.78,46.96,45.59,46.57,1956457.0
2024-04-25 04:00:00,47.42,48.33,45.71,48.05,576718.0
2024-04-26 04:00:00,48.19,48.365,47.45,47.93,401414.0
2024-04-29 04:00:00,48.19,48.465,47.82,48.42,402812.0
2024-04-30 04:00:00,48.04,49.29,47.82,49.12,559548.0
2024-05-01 04:00:00,49.27,50.36,49.18,49.83,206542.0
2024-05-02 04:00:00,50.05,50.49,49.6857,50.45,232363.0
2024-05-03 04:00:00,50.82,50.86,49.95,50.57,259304.0
2024-05-06 04:00:00,50.85,50.9382,50.3,50.74,231904.0
2024-05-07 04:00:00,50.94,51.26,50.65,51.23,285267.0
2024-05-08 04:00:00,51.02,51.475,50.71,51.34,290662.0
2024-05-09 04:00:00,51.5,52.73,50.94,52.68,331053.0
2024-05-10 04:00:00,52.78,53.16,52.16,53.15,195781.0
2024-05-13 04:00:00,53.27,53.7883,52.5,52.62,1288435.0
2024-05-14 04:00:00,53.21,53.82,52.66,52.92,352581.0
2024-05-15 04:00:00,53.5,53.5,52.52,52.79,381206.0
2024-05-16 04:00:00,52.76,53.32,52.625,53.25,262317.0
2024-05-17 04:00:00,53.37,53.49,52.94,53.29,277806.0
2024-05-20 04:00:00,53.27,53.5,52.38,52.76,251329.0
2024-05-21 04:00:00,52.71,53.33,52.2976,53.3,295559.0
2024-05-22 04:00:00,53.66,53.77,52.44,52.52,381002.0
2024-05-23 04:00:00,52.43,52.59,50.86,51.11,292527.0
2024-05-24 04:00:00,51.24,51.38,50.24,50.29,272854.0
2024-05-28 04:00:00,50.13,50.48,48.765,48.98,390770.0
2024-05-29 04:00:00,48.65,48.71,48.01,48.03,257763.0
2024-05-30 04:00:00,48.43,48.92,48.32,48.63,428256.0
2024-05-31 04:00:00,48.82,50.34,48.82,49.89,448737.0
2024-06-03 04:00:00,50.07,50.32,49.43,49.55,318357.0
2024-06-04 04:00:00,49.58,50.08,49.31,49.97,516594.0
2024-06-05 04:00:00,49.98,50.09,49.6,49.62,161588.0
2024-06-06 04:00:00,49.24,49.745,49.1,49.22,163069.0
2024-06-07 04:00:00,48.7,48.855,47.555,47.59,235548.0
2024-06-10 04:00:00,47.16,47.16,46.22,46.94,440519.0
2024-06-11 04:00:00,46.53,48.02,46.29,47.99,514225.0
2024-06-12 04:00:00,49.12,49.58,47.76,47.77,278183.0
2024-06-13 04:00:00,47.66,48.16,47.22,47.96,239147.0
2024-06-14 04:00:00,47.42,47.9548,47.3,47.58,167190.0
2024-06-17 04:00:00,47.25,47.85,46.88,47.33,195517.0
2024-06-18 04:00:00,47.16,48.27,47.16,47.92,210635.0
2024-06-20 04:00:00,47.68,48.31,47.68,48.09,187826.0
2024-06-21 04:00:00,48.29,48.6,47.7501,48.03,720671.0
2024-06-24 04:00:00,48.19,49.455,48.07,49.1,175401.0
2024-06-25 04:00:00,49.13,49.13,48.07,48.15,311404.0
2024-06-26 04:00:00,47.69,48.13,47.3,47.94,275711.0
2024-06-27 04:00:00,48.25,48.52,48.0,48.34,216640.0
2024-06-28 04:00:00,48.76,48.76,48.1,48.49,618709.0
2024-07-01 04:00:00,48.57,49.0,47.81,48.37,244360.0
2024-07-02 04:00:00,48.41,48.92,48.31,48.32,168880.0
2024-07-03 04:00:00,48.5,48.5,47.6,47.83,91331.0
2024-07-05 04:00:00,47.72,48.99,47.61,48.96,185861.0
2024-07-08 04:00:00,49.19,49.42,48.32,48.36,230822.0
2024-07-09 04:00:00,48.19,48.9,47.9,48.61,147350.0
2024-07-10 04:00:00,48.8,49.64,48.3729,49.46,169045.0
2024-07-11 04:00:00,50.07,51.58,50.07,51.04,239715.0
2024-07-12 04:00:00,51.3,52.3,51.275,52.08,279025.0
2024-07-15 04:00:00,52.09,52.37,51.48,51.65,401848.0
2024-07-16 04:00:00,52.28,53.02,52.17,52.65,553438.0
2024-07-17 04:00:00,52.73,53.94,52.68,52.85,503654.0
2024-07-18 04:00:00,52.39,53.11,51.93,52.16,289048.0
2024-07-19 04:00:00,52.15,52.24,51.4,51.78,368451.0
2024-07-22 04:00:00,51.9,51.98,51.09,51.73,308053.0
2024-07-23 04:00:00,51.52,52.305,51.47,51.64,349572.0
2024-07-24 04:00:00,51.8,52.92,51.23,52.32,265759.0
2024-07-25 04:00:00,52.66,53.77,52.61,52.85,286656.0
2024-07-26 04:00:00,53.33,53.33,52.38,52.92,204197.0
2024-07-29 04:00:00,53.01,53.46,52.16,52.51,243347.0
2024-07-30 04:00:00,52.76,53.5,52.42,53.32,188499.0
2024-07-31 04:00:00,54.0,54.27,53.35,53.46,607740.0
2024-08-01 04:00:00,54.06,54.6,52.56,53.88,689053.0
2024-08-02 04:00:00,53.56,55.15,53.56,55.14,299899.0
2024-08-05 04:00:00,54.29,54.31,52.47,53.05,321195.0
2024-08-06 04:00:00,53.05,54.0,52.77,52.99,390815.0
2024-08-07 04:00:00,53.05,53.88,52.86,53.68,215655.0
2024-08-08 04:00:00,53.48,53.93,53.12,53.27,258678.0
2024-08-09 04:00:00,53.36,53.36,52.12,52.83,232932.0
2024-08-12 04:00:00,52.47,52.535,51.61,52.33,221133.0
2024-08-13 04:00:00,52.67,53.04,52.3,52.7,270718.0
2024-08-14 04:00:00,52.6,53.385,52.29,53.19,281273.0
2024-08-15 04:00:00,53.78,54.07,53.495,53.74,238459.0
2024-08-16 04:00:00,53.85,54.35,53.6,54.3,727630.0
2024-08-19 04:00:00,54.34,54.95,54.04,54.86,233151.0
2024-08-20 04:00:00,54.77,54.885,54.29,54.54,193059.0
2024-08-21 04:00:00,54.72,54.72,54.185,54.29,153954.0
2024-08-22 04:00:00,54.17,54.44,53.88,54.1,205262.0
2024-08-23 04:00:00,54.39,54.7,53.06,53.59,456907.0
2024-08-26 04:00:00,53.97,54.07,53.61,53.82,276439.0
2024-08-27 04:00:00,53.69,54.1,53.37,53.72,158448.0
2024-08-28 04:00:00,53.76,54.9581,53.492,54.72,272669.0
2024-08-29 04:00:00,54.82,55.2157,54.25,55.08,248680.0
2024-08-30 04:00:00,55.25,55.48,54.81,55.33,207905.0
2024-09-03 04:00:00,55.05,55.29,54.75,55.01,201927.0
2024-09-04 04:00:00,55.09,55.345,54.865,55.06,168624.0
2024-09-05 04:00:00,55.52,55.52,54.93,54.98,137312.0
2024-09-06 04:00:00,55.12,55.14,54.23,54.28,150746.0
2024-09-09 04:00:00,54.02,54.435,53.45,54.35,262775.0
2024-09-10 04:00:00,54.39,55.15,54.16,55.02,237636.0
2024-09-11 04:00:00,54.67,54.67,53.115,53.29,250779.0
2024-09-12 04:00:00,53.26,53.66,53.01,53.35,172169.0
2024-09-13 04:00:00,53.73,55.0,53.52,54.98,231938.0
2024-09-16 04:00:00,55.24,55.56,54.98,55.5,369951.0
2024-09-17 04:00:00,55.78,56.25,54.775,55.06,269980.0
2024-09-18 04:00:00,55.16,55.35,54.26,54.42,267291.0
2024-09-19 04:00:00,54.45,54.5,53.72,54.4,293946.0
2024-09-20 04:00:00,54.25,54.4498,53.65,53.99,1243561.0
2024-09-23 04:00:00,54.21,54.47,53.73,53.85,211936.0
2024-09-24 04:00:00,53.79,54.21,53.03,53.15,259286.0
2024-09-25 04:00:00,53.44,53.475,52.35,52.63,389152.0
2024-09-26 04:00:00,52.81,53.39,52.5975,52.65,308116.0
2024-09-27 04:00:00,52.96,53.75,52.88,53.49,264184.0
2024-09-30 04:00:00,53.59,54.24,53.25,54.22,266510.0
2024-10-01 04:00:00,54.1,54.17,53.69,53.71,323051.0
2024-10-02 04:00:00,53.4,54.15,53.385,53.67,211487.0
2024-10-03 04:00:00,53.79,53.79,52.89,52.92,191051.0
2024-10-04 04:00:00,52.81,53.11,52.41,53.08,146517.0
2024-10-07 04:00:00,52.94,52.94,51.71,51.87,244734.0
2024-10-08 04:00:00,52.09,52.09,51.69,51.76,161951.0
2024-10-09 04:00:00,51.54,52.31,51.32,51.91,155143.0
2024-10-10 04:00:00,51.6,51.8,51.28,51.42,229558.0
2024-10-11 04:00:00,51.55,52.44,51.525,52.38,162517.0
2024-10-14 04:00:00,52.65,54.08,52.65,53.22,190964.0
2024-10-15 04:00:00,53.42,54.57,53.42,53.78,260069.0
2024-10-16 04:00:00,53.91,54.75,53.91,54.62,258652.0
2024-10-17 04:00:00,54.37,54.37,53.59,53.68,156885.0
2024-10-18 04:00:00,53.75,53.87,53.125,53.63,418421.0
2024-10-21 04:00:00,53.77,54.085,52.94,53.33,225088.0
2024-10-22 04:00:00,52.88,53.195,52.56,52.85,178540.0
2024-10-23 04:00:00,52.78,53.28,52.78,52.98,229939.0
2024-10-24 04:00:00,53.03,53.06,51.75,52.14,263839.0
2024-10-25 04:00:00,52.4,52.52,51.555,51.62,146163.0
2024-10-28 04:00:00,51.86,52.48,51.3,51.62,285107.0
2024-10-29 04:00:00,51.05,51.58,50.87,51.3,197377.0
2024-10-30 04:00:00,51.08,51.725,51.045,51.29,765194.0
2024-10-31 04:00:00,51.01,52.83,50.85,51.96,459994.0
2024-11-01 04:00:00,51.78,51.89,50.11,50.14,236758.0
2024-11-04 05:00:00,50.0,50.035,49.26,49.73,350027.0
2024-11-05 05:00:00,49.72,51.11,49.72,51.09,279297.0
2024-11-06 05:00:00,51.28,52.71,51.1,52.31,392406.0
2024-11-07 05:00:00,52.35,52.35,51.235,51.59,254511.0
2024-11-08 05:00:00,51.97,52.61,51.773,52.11,367154.0
2024-11-11 05:00:00,52.39,52.6,51.85,51.86,234419.0
2024-11-12 05:00:00,51.68,52.005,50.73,50.83,399688.0
2024-11-13 05:00:00,51.1,51.305,50.32,50.4,195173.0
2024-11-14 05:00:00,50.71,50.93,50.05,50.18,248880.0
2024-11-15 05:00:00,50.43,51.185,50.43,50.97,250865.0
2024-11-18 05:00:00,50.87,51.4,50.8,50.89,236918.0
2024-11-19 05:00:00,50.88,51.49,50.31,51.48,285400.0
2024-11-20 05:00:00,51.55,51.97,50.8,51.08,199038.0
2024-11-21 05:00:00,51.27,51.49,51.007082,51.37,310971.0
2024-11-22 05:00:00,51.5,52.24,51.185,51.6,255354.0
2024-11-25 05:00:00,51.98,52.335,51.485,51.98,530777.0
2024-11-26 05:00:00,51.74,52.205,50.7485,50.96,354666.0
2024-11-27 05:00:00,51.29,51.78,50.88,51.19,322495.0
2024-11-29 05:00:00,51.59,51.59,50.97,51.19,153268.0
2024-12-02 05:00:00,51.3,51.3,50.375,50.54,357964.0
2024-12-03 05:00:00,50.61,50.75,49.57,49.65,389098.0
2024-12-04 05:00:00,49.33,49.63,48.14,48.53,556394.0
2024-12-05 05:00:00,48.6,49.68,48.38,49.11,379344.0
2024-12-06 05:00:00,49.03,49.03,48.56,48.7,249211.0
2024-12-09 05:00:00,48.88,49.26,48.19,48.3,248990.0
2024-12-10 05:00:00,48.11,48.69,47.65,48.64,385847.0
2024-12-11 05:00:00,49.17,49.17,48.6,48.83,415364.0
2024-12-12 05:00:00,48.81,48.89,48.33,48.44,166369.0
2024-12-13 05:00:00,48.21,48.52,47.96,48.5,166694.0
2024-12-16 05:00:00,48.52,48.905,48.24,48.37,210296.0
2024-12-17 05:00:00,47.84,48.685,47.84,47.91,320822.0
2024-12-18 05:00:00,47.82,48.08,46.02,46.09,316185.0
2024-12-19 05:00:00,45.91,46.4164,45.58,45.92,291231.0
2024-12-20 05:00:00,45.63,46.6,45.63,46.0,1453658.0
2024-12-23 05:00:00,45.74,45.74,45.11,45.47,246548.0
2024-12-24 05:00:00,45.35,45.75,45.22,45.62,98394.0
2024-12-26 05:00:00,45.39,46.02,45.27,45.93,252450.0
2024-12-27 05:00:00,45.63,46.02,45.4001,45.63,205803.0
2024-12-30 05:00:00,45.53,45.84,45.13,45.66,188331.0
2024-12-31 05:00:00,45.89,45.95,45.1095,45.33,207316.0
2025-01-02 05:00:00,45.69,45.9,44.707,44.77,192296.0
2025-01-03 05:00:00,44.83,44.97,44.385,44.78,198503.0
2025-01-06 05:00:00,44.52,44.65,43.72,43.95,376659.0
2025-01-07 05:00:00,44.26,44.46,43.7018,44.36,414377.0
2025-01-08 05:00:00,44.06,44.06,42.31,43.27,476886.0
2025-01-10 05:00:00,42.72,43.195,41.82,41.88,391638.0
2025-01-13 05:00:00,41.86,42.4,41.64,42.3,425245.0
2025-01-14 05:00:00,42.5,42.9,42.285,42.88,318670.0
2025-01-15 05:00:00,43.63,44.25,43.555,43.9,331677.0
2025-01-16 05:00:00,43.74,44.83,43.74,44.75,500441.0
2025-01-17 05:00:00,44.92,45.195,44.355,44.48,392340.0
2025-01-21 05:00:00,44.84,45.27,44.18,44.29,244977.0
2025-01-22 05:00:00,44.0,44.01,42.87,43.03,417542.0
2025-01-23 05:00:00,42.93,43.38,42.89,43.35,337892.0
2025-01-24 05:00:00,43.35,43.53,42.89,42.91,294610.0
2025-01-27 05:00:00,43.31,45.24,43.25,45.19,384680.0
2025-01-28 05:00:00,45.0,45.56,44.9581,45.27,237625.0
2025-01-29 05:00:00,45.15,45.295,44.12,44.59,436031.0
2025-01-30 05:00:00,45.11,45.475,44.51,44.8,300884.0
2025-01-31 05:00:00,44.65,45.66,44.195,45.29,716123.0
2025-02-03 05:00:00,44.8,45.74,44.39,45.35,458193.0
2025-02-04 05:00:00,45.01,45.19,44.52,44.68,287582.0
2025-02-05 05:00:00,45.0,45.12,44.29,44.56,260835.0
2025-02-06 05:00:00,44.58,44.755,44.01,44.33,235104.0
2025-02-07 05:00:00,44.2,44.235,43.7,43.86,288428.0
2025-02-10 05:00:00,43.86,43.945,43.31,43.75,594598.0
2025-02-11 05:00:00,43.86,45.82,43.72,45.69,694177.0
2025-02-12 05:00:00,45.03,45.4,44.65,45.26,314773.0
2025-02-13 05:00:00,45.27,45.68,45.035,45.55,221348.0
2025-02-14 05:00:00,45.56,45.99,44.62,44.93,529335.0
2025-02-18 05:00:00,44.93,46.08,44.85,45.89,392805.0
2025-02-19 05:00:00,45.7,45.89,45.35,45.46,260203.0
2025-02-20 05:00:00,45.62,45.98,45.15,45.5,254418.0
2025-02-21 05:00:00,45.73,46.04,45.35,45.77,296105.0
2025-02-24 05:00:00,45.98,46.84,45.29,46.09,416739.0
2025-02-25 05:00:00,46.19,47.38,45.952,46.97,372491.0
2025-02-26 05:00:00,46.58,46.89,45.79,45.96,385020.0
2025-02-27 05:00:00,45.19,45.7692,43.6,44.96,539127.0
2025-02-28 05:00:00,45.52,46.24,44.75,45.45,435844.0
2025-03-03 05:00:00,45.09,46.33,44.745,46.27,417960.0
2025-03-04 05:00:00,46.03,47.37,45.47,46.57,406503.0
2025-03-05 05:00:00,46.25,47.51,45.95,46.65,288237.0
2025-03-06 05:00:00,46.68,46.84,45.82,46.76,316271.0
2025-03-07 05:00:00,46.89,48.3,46.68,47.9,284959.0
2025-03-10 04:00:00,48.14,48.83,47.9,48.21,358122.0
2025-03-11 04:00:00,48.47,48.76,47.36,47.43,403822.0
2025-03-12 04:00:00,46.9,47.26,46.25,46.35,391328.0
2025-03-13 04:00:00,46.37,47.205,46.24,47.03,269920.0
2025-03-14 04:00:00,47.09,47.89,46.98,47.5,309024.0
2025-03-17 04:00:00,47.12,47.84,46.77,47.45,331351.0
2025-03-18 04:00:00,47.28,47.35,46.66,46.88,229034.0
2025-03-19 04:00:00,46.92,47.18,45.8,46.34,368919.0
2025-03-20 04:00:00,46.36,46.52,46.06,46.21,296122.0
2025-03-21 04:00:00,46.3,46.53,45.46,46.07,1105295.0
2025-03-24 04:00:00,46.21,46.59,45.635,45.87,321943.0
2025-03-25 04:00:00,45.87,45.87,45.035,45.57,271017.0
2025-03-26 04:00:00,45.73,46.59,45.57,46.4,219925.0
2025-03-27 04:00:00,46.4,47.07,46.19,46.51,304225.0
2025-03-28 04:00:00,46.81,48.34,46.06,48.25,552876.0
2025-03-31 04:00:00,48.44,49.35,48.29,48.46,466443.0
2025-04-01 04:00:00,48.29,49.13,47.87,48.71,258657.0
2025-04-02 04:00:00,48.54,48.92,48.35,48.5,275552.0
2025-04-03 04:00:00,49.0,50.23,48.755,49.55,410438.0
2025-04-04 04:00:00,49.69,50.385,47.885,48.47,558192.0
2025-04-07 04:00:00,47.9,48.97,46.71,47.5,637233.0
2025-04-08 04:00:00,48.09,48.195,46.86,47.24,455682.0
2025-04-09 04:00:00,46.97,49.215,46.595,47.81,777760.0
2025-04-10 04:00:00,47.7,49.12,47.7,48.5,573966.0
2025-04-11 04:00:00,49.06,50.55,48.31,50.34,584206.0
2025-04-14 04:00:00,50.15,51.08,50.15,51.01,389451.0
2025-04-15 04:00:00,51.0,51.237,50.745,50.75,328923.0
2025-04-16 04:00:00,50.97,51.2,50.11,50.22,343027.0
2025-04-17 04:00:00,50.18,51.0748,50.17,50.89,342782.0
2025-04-21 04:00:00,51.03,51.63,50.27,50.73,302842.0
2025-04-22 04:00:00,51.28,51.54,50.7,51.36,300094.0
2025-04-23 04:00:00,51.12,51.205,49.43,50.49,551655.0
2025-04-24 04:00:00,50.72,50.72,49.655,50.05,560405.0
2025-04-25 04:00:00,49.85,49.88,49.11,49.77,315579.0
2025-04-28 04:00:00,49.88,49.96,49.16,49.55,292783.0
2025-04-29 04:00:00,49.86,50.5975,49.6111,50.47,455835.0
2025-04-30 04:00:00,50.44,51.02,49.8255,50.65,490914.0
2025-05-01 04:00:00,51.15,51.15,49.39,50.22,425059.0
2025-05-02 04:00:00,50.23,50.23,48.49,48.77,401364.0
2025-05-05 04:00:00,49.16,49.21,48.5,48.99,417756.0
2025-05-06 04:00:00,49.0,50.14,48.9585,49.83,349962.0
2025-05-07 04:00:00,49.8,50.18,49.07,49.07,266476.0
2025-05-08 04:00:00,49.19,49.45,48.345,48.53,263128.0
2025-05-09 04:00:00,48.41,48.71,48.3,48.61,216413.0
2025-05-12 04:00:00,48.46,48.46,46.76,47.02,348147.0
2025-05-13 04:00:00,46.88,47.2,45.45,45.63,349628.0
2025-05-14 04:00:00,45.5,45.53,44.27,44.67,427253.0
2025-05-15 04:00:00,44.84,46.23,44.44,46.2,420143.0
2025-05-16 04:00:00,46.28,47.73,46.225,47.7,418748.0
2025-05-19 04:00:00,47.7,48.21,47.19,48.15,393584.0
