date,open,high,low,close,volume
2015-05-26 04:00:00,42.07,42.07,41.47,41.62,359061.0
2015-05-27 04:00:00,41.63,42.53,41.385,42.53,360045.0
2015-05-28 04:00:00,42.41,42.5,41.995,42.22,482904.0
2015-05-29 04:00:00,42.22,42.54,41.96,42.5,626145.0
2015-06-01 04:00:00,42.75,42.98,42.526,42.77,383850.0
2015-06-02 04:00:00,42.48,42.98,42.1,42.67,232086.0
2015-06-03 04:00:00,42.81,43.29,42.592,43.2,456562.0
2015-06-04 04:00:00,42.93,43.28,42.585,42.71,402856.0
2015-06-05 04:00:00,42.35,42.72,42.1,42.59,512063.0
2015-06-08 04:00:00,42.57,42.57,42.04,42.26,393420.0
2015-06-09 04:00:00,42.18,42.2144,41.69,41.98,362513.0
2015-06-10 04:00:00,42.12,42.67,41.75,42.54,352824.0
2015-06-11 04:00:00,42.55,42.94,42.54,42.79,298593.0
2015-06-12 04:00:00,42.66,42.66,42.13,42.33,350422.0
2015-06-15 04:00:00,41.93,42.1,41.58,41.81,429711.0
2015-06-16 04:00:00,41.62,42.355,41.62,42.18,277390.0
2015-06-17 04:00:00,42.3,42.365,41.87,42.11,323552.0
2015-06-18 04:00:00,42.24,42.63,42.21,42.49,396944.0
2015-06-19 04:00:00,42.55,42.77,42.18,42.2,465607.0
2015-06-22 04:00:00,42.5,42.85,42.25,42.45,206621.0
2015-06-23 04:00:00,42.35,42.62,41.93,42.14,506815.0
2015-06-24 04:00:00,42.11,42.2,41.62,41.68,412637.0
2015-06-25 04:00:00,41.68,41.93,41.54,41.65,360847.0
2015-06-26 04:00:00,41.65,41.75,41.37,41.5,605741.0
2015-06-29 04:00:00,41.03,41.38,40.4,40.43,451132.0
2015-06-30 04:00:00,40.84,41.0,40.2178,40.37,478054.0
2015-07-01 04:00:00,40.72,41.1,40.53,40.82,393261.0
2015-07-02 04:00:00,40.84,41.09,40.05,40.41,561319.0
2015-07-06 04:00:00,40.0,40.39,39.94,40.32,417297.0
2015-07-07 04:00:00,40.35,40.45,39.61,40.39,414658.0
2015-07-08 04:00:00,39.93,40.37,39.24,39.59,306572.0
2015-07-09 04:00:00,40.18,40.2,39.55,39.56,266943.0
2015-07-10 04:00:00,40.11,40.28,39.79,40.15,249295.0
2015-07-13 04:00:00,40.15,40.44,39.99,40.15,159540.0
2015-07-14 04:00:00,40.11,40.39,39.97,40.29,197255.0
2015-07-15 04:00:00,40.22,40.55,40.06,40.33,198142.0
2015-07-16 04:00:00,40.57,40.66,39.995,40.47,365063.0
2015-07-17 04:00:00,40.48,40.5,40.06,40.25,307444.0
2015-07-20 04:00:00,40.23,40.285,40.095,40.18,175315.0
2015-07-21 04:00:00,40.12,40.435,39.83,40.26,336496.0
2015-07-22 04:00:00,40.0,40.37,39.87,40.03,256279.0
2015-07-23 04:00:00,40.05,40.19,39.76,39.92,278251.0
2015-07-24 04:00:00,39.9,39.9,38.52,38.68,232708.0
2015-07-27 04:00:00,38.39,38.39,37.95,38.05,183623.0
2015-07-28 04:00:00,38.19,38.62,37.79,38.49,262960.0
2015-07-29 04:00:00,38.46,44.75,38.3,40.4,1298011.0
2015-07-30 04:00:00,40.39,40.59,39.01,40.49,694879.0
2015-07-31 04:00:00,40.5,40.89,40.07,40.8,413454.0
2015-08-03 04:00:00,40.92,41.2,40.4,41.0,330196.0
2015-08-04 04:00:00,40.92,41.23,40.35,40.45,323364.0
2015-08-05 04:00:00,41.57,44.58,41.18,44.01,955099.0
2015-08-06 04:00:00,44.01,44.01,42.69,43.23,654234.0
2015-08-07 04:00:00,43.18,44.54,42.89,44.45,523026.0
2015-08-10 04:00:00,44.7,45.41,44.37,44.78,457518.0
2015-08-11 04:00:00,44.41,45.1,44.16,44.64,425431.0
2015-08-12 04:00:00,44.26,44.68,43.41,44.52,458700.0
2015-08-13 04:00:00,44.53,44.71,44.11,44.34,312996.0
2015-08-14 04:00:00,44.26,44.79,44.15,44.72,241255.0
2015-08-17 04:00:00,44.54,45.03,44.02,45.03,269857.0
2015-08-18 04:00:00,44.9,45.16,44.66,45.0,209692.0
2015-08-19 04:00:00,44.85,45.4,44.245,44.87,307211.0
2015-08-20 04:00:00,44.28,44.82,43.85,43.99,289252.0
2015-08-21 04:00:00,43.44,43.81,42.97,42.97,303487.0
2015-08-24 04:00:00,40.3,42.47,40.29,40.81,444936.0
2015-08-25 04:00:00,41.96,42.08,39.9,39.93,427170.0
2015-08-26 04:00:00,40.92,41.52,39.985,41.36,341532.0
2015-08-27 04:00:00,41.84,42.09,41.23,42.06,270762.0
2015-08-28 04:00:00,41.73,42.47,41.51,42.44,414825.0
2015-08-31 04:00:00,42.39,42.46,41.85,42.08,260668.0
2015-09-01 04:00:00,41.14,41.41,40.13,40.36,322942.0
2015-09-02 04:00:00,41.04,41.31,40.48,41.31,368073.0
2015-09-03 04:00:00,41.31,41.84,41.19,41.37,327254.0
2015-09-04 04:00:00,40.97,41.13,40.58,40.73,305627.0
2015-09-08 04:00:00,41.38,42.49,41.21,42.43,431596.0
2015-09-09 04:00:00,42.74,42.915,41.94,41.99,361331.0
2015-09-10 04:00:00,41.9,42.59,41.51,42.3,386257.0
2015-09-11 04:00:00,42.04,42.64,41.85,42.61,239315.0
2015-09-14 04:00:00,42.54,42.58,41.93,42.03,209358.0
2015-09-15 04:00:00,42.07,42.46,41.68,42.41,338588.0
2015-09-16 04:00:00,42.41,43.29,42.28,43.22,344446.0
2015-09-17 04:00:00,43.22,43.86,42.97,43.36,531700.0
2015-09-18 04:00:00,42.87,43.67,42.64,43.55,1060008.0
2015-09-21 04:00:00,43.62,44.29,43.515,43.78,327710.0
2015-09-22 04:00:00,43.08,43.36,42.62,42.74,340873.0
2015-09-23 04:00:00,42.67,42.96,42.24,42.72,359574.0
2015-09-24 04:00:00,42.09,42.22,41.07,41.78,1204920.0
2015-09-25 04:00:00,42.12,42.73,41.97,42.19,306293.0
2015-09-28 04:00:00,41.99,42.03,41.09,41.17,271002.0
2015-09-29 04:00:00,41.23,41.32,40.73,41.18,401076.0
2015-09-30 04:00:00,41.68,41.68,40.89,41.31,642565.0
2015-10-01 04:00:00,41.26,41.56,40.83,41.42,394295.0
2015-10-02 04:00:00,40.81,42.13,40.65,42.13,310295.0
2015-10-05 04:00:00,42.44,43.6,42.4,43.42,627501.0
2015-10-06 04:00:00,43.41,43.86,43.06,43.75,479287.0
2015-10-07 04:00:00,43.9,44.925,43.9,44.8,396309.0
2015-10-08 04:00:00,44.63,45.5,44.585,45.44,350640.0
2015-10-09 04:00:00,45.5,45.8,45.425,45.74,205733.0
2015-10-12 04:00:00,45.63,45.84,45.45,45.61,244688.0
2015-10-13 04:00:00,45.07,45.57,44.93,44.93,289440.0
2015-10-14 04:00:00,44.99,45.37,44.31,44.36,232176.0
2015-10-15 04:00:00,44.52,44.64,43.94,44.59,215078.0
2015-10-16 04:00:00,44.69,44.91,44.39,44.76,235681.0
2015-10-19 04:00:00,44.51,44.99,44.49,44.69,328280.0
2015-10-20 04:00:00,44.57,45.33,44.382,45.17,321842.0
2015-10-21 04:00:00,45.22,45.61,44.77,44.81,157165.0
2015-10-22 04:00:00,45.17,45.45,44.96,45.35,345174.0
2015-10-23 04:00:00,45.71,46.48,45.47,46.42,338745.0
2015-10-26 04:00:00,46.26,46.74,46.11,46.67,388578.0
2015-10-27 04:00:00,46.55,46.98,46.28,46.98,456184.0
2015-10-28 04:00:00,47.0,48.65,46.7,48.59,694392.0
2015-10-29 04:00:00,49.5,52.38,49.42,52.22,1325952.0
2015-10-30 04:00:00,52.51,53.75,51.92,52.57,1056902.0
2015-11-02 05:00:00,52.66,54.73,52.64,54.44,696590.0
2015-11-03 05:00:00,54.6,55.37,54.17,55.11,513026.0
2015-11-04 05:00:00,55.19,56.0,55.07,55.6,639141.0
2015-11-05 05:00:00,55.58,55.89,54.87,54.97,505459.0
2015-11-06 05:00:00,55.11,55.82,54.934,55.13,677209.0
2015-11-09 05:00:00,54.98,55.18,54.53,55.03,393525.0
2015-11-10 05:00:00,55.02,55.8,55.01,55.71,498265.0
2015-11-11 05:00:00,55.76,56.0,55.32,55.53,457329.0
2015-11-12 05:00:00,54.97,54.97,53.93,53.96,420414.0
2015-11-13 05:00:00,53.85,54.185,52.97,53.01,474211.0
2015-11-16 05:00:00,53.01,54.53,52.78,54.5,398912.0
2015-11-17 05:00:00,54.66,56.04,54.245,55.13,560500.0
2015-11-18 05:00:00,55.27,55.86,54.88,55.74,348132.0
2015-11-19 05:00:00,55.58,55.96,55.5,55.68,265005.0
2015-11-20 05:00:00,56.04,56.88,55.97,56.65,336354.0
2015-11-23 05:00:00,56.52,56.99,56.5,56.93,196946.0
2015-11-24 05:00:00,56.47,57.9,56.47,57.58,377161.0
2015-11-25 05:00:00,57.76,57.9999,57.46,57.59,194947.0
2015-11-27 05:00:00,57.54,57.88,57.28,57.43,143882.0
2015-11-30 05:00:00,57.49,58.04,57.25,57.93,455589.0
2015-12-01 05:00:00,58.18,59.05,57.78,59.01,401193.0
2015-12-02 05:00:00,59.01,59.52,58.27,58.42,322942.0
2015-12-03 05:00:00,58.43,58.54,57.08,57.37,384616.0
2015-12-04 05:00:00,57.39,59.11,57.39,59.05,280522.0
2015-12-07 05:00:00,58.71,58.95,57.91,58.12,330860.0
2015-12-08 05:00:00,57.38,58.26,57.13,57.86,298148.0
2015-12-09 05:00:00,57.56,57.87,56.34,56.47,339584.0
2015-12-10 05:00:00,56.57,57.5,56.055,57.1,519281.0
2015-12-11 05:00:00,56.31,56.61,55.49,55.68,447727.0
2015-12-14 05:00:00,55.53,56.18,54.45,55.6,449029.0
2015-12-15 05:00:00,56.04,57.31,56.04,57.05,454162.0
2015-12-16 05:00:00,57.63,57.83,56.78,57.61,268881.0
2015-12-17 05:00:00,57.76,58.54,57.18,57.18,236544.0
2015-12-18 05:00:00,57.32,57.32,55.7884,55.96,791957.0
2015-12-21 05:00:00,56.59,56.59,54.93,55.41,423878.0
2015-12-22 05:00:00,55.8,55.96,55.15,55.92,265600.0
2015-12-23 05:00:00,56.31,57.3,56.22,57.11,205667.0
2015-12-24 05:00:00,57.02,57.53,56.88,57.12,119069.0
2015-12-28 05:00:00,57.09,57.37,56.4,57.27,204091.0
2015-12-29 05:00:00,57.54,58.37,57.48,57.76,212283.0
2015-12-30 05:00:00,57.67,58.1,57.21,57.24,337425.0
2015-12-31 05:00:00,57.13,57.13,56.09,56.26,416863.0
2016-01-04 05:00:00,55.24,55.39,53.65,54.13,486377.0
2016-01-05 05:00:00,54.21,56.04,54.13,55.23,625587.0
2016-01-06 05:00:00,54.27,54.92,53.77,54.28,697761.0
2016-01-07 05:00:00,53.34,53.73,52.68,52.94,604843.0
2016-01-08 05:00:00,53.45,53.91,52.47,52.57,858613.0
2016-01-11 05:00:00,52.79,53.22,52.06,52.78,556809.0
2016-01-12 05:00:00,53.4,55.43,53.325,55.39,711592.0
2016-01-13 05:00:00,55.62,55.865,53.595,53.75,558648.0
2016-01-14 05:00:00,53.98,56.38,53.76,55.82,636207.0
2016-01-15 05:00:00,54.46,55.19,53.79,54.98,529963.0
2016-01-19 05:00:00,55.44,59.45,54.29,56.19,1824309.0
2016-01-20 05:00:00,55.34,55.45,52.86,54.68,762558.0
2016-01-21 05:00:00,55.0,55.18,53.66,53.7,646934.0
2016-01-22 05:00:00,54.42,55.1,54.1,54.96,561032.0
2016-01-25 05:00:00,54.63,54.93,53.51,53.66,377003.0
2016-01-26 05:00:00,51.33,51.69,48.58,48.83,2420997.0
2016-01-27 05:00:00,48.83,49.45,45.59,46.18,2078663.0
2016-01-28 05:00:00,46.49,46.49,43.93,45.59,2476769.0
2016-01-29 05:00:00,45.66,46.63,45.05,46.12,1245406.0
2016-02-01 05:00:00,45.91,46.59,45.67,45.67,833455.0
2016-02-02 05:00:00,45.09,45.435,44.14,44.35,699371.0
2016-02-03 05:00:00,45.1,45.349,43.49,44.1,936924.0
2016-02-04 05:00:00,43.97,45.15,43.72,44.52,811603.0
2016-02-05 05:00:00,44.17,44.63,42.44,42.49,548633.0
2016-02-08 05:00:00,41.84,42.08,40.65,41.63,705356.0
2016-02-09 05:00:00,41.14,42.2,41.13,41.6,1337874.0
2016-02-10 05:00:00,42.05,42.44,41.39,41.48,687106.0
2016-02-11 05:00:00,40.9,41.24,40.15,40.79,869034.0
2016-02-12 05:00:00,41.53,42.0,40.995,41.93,862408.0
2016-02-16 05:00:00,42.19,43.62,42.02,43.22,929543.0
2016-02-17 05:00:00,43.49,44.62,42.94,44.26,1034866.0
2016-02-18 05:00:00,44.04,45.5499,41.63,42.22,1130041.0
2016-02-19 05:00:00,42.08,42.12,40.93,41.89,1054268.0
2016-02-22 05:00:00,42.42,43.15,42.33,42.82,611295.0
2016-02-23 05:00:00,42.69,43.09,42.03,42.52,729694.0
2016-02-24 05:00:00,42.15,42.58,41.5525,42.54,462971.0
2016-02-25 05:00:00,42.77,43.29,42.2,43.29,467436.0
2016-02-26 05:00:00,43.5,43.95,42.68,42.9,463061.0
2016-02-29 05:00:00,42.82,43.66,42.71,43.22,370657.0
2016-03-01 05:00:00,43.65,44.38,42.91,44.38,501342.0
2016-03-02 05:00:00,44.38,45.49,44.17,45.36,563375.0
2016-03-03 05:00:00,45.52,45.795,45.0,45.76,413241.0
2016-03-04 05:00:00,45.84,46.9698,45.795,46.5,607821.0
2016-03-07 05:00:00,46.76,47.44,46.22,46.85,457217.0
2016-03-08 05:00:00,46.71,46.82,45.622,45.76,434527.0
2016-03-09 05:00:00,46.11,46.11,45.07,45.54,380696.0
2016-03-10 05:00:00,46.11,46.84,46.07,46.52,632735.0
2016-03-11 05:00:00,46.52,47.885,46.265,47.59,634187.0
2016-03-14 04:00:00,47.34,47.55,46.5,46.93,649863.0
2016-03-15 04:00:00,46.76,46.93,46.28,46.73,651076.0
2016-03-16 04:00:00,47.07,47.865,46.385,47.69,563848.0
2016-03-17 04:00:00,47.64,48.54,47.47,48.37,437339.0
2016-03-18 04:00:00,48.27,49.06,48.1,48.95,986425.0
2016-03-21 04:00:00,48.81,49.33,48.59,49.25,674135.0
2016-03-22 04:00:00,48.83,49.23,48.61,49.01,655098.0
2016-03-23 04:00:00,49.03,49.29,48.595,48.96,537636.0
2016-03-24 04:00:00,48.8,49.18,48.43,48.93,442458.0
2016-03-28 04:00:00,49.15,49.5,48.905,49.29,303064.0
2016-03-29 04:00:00,49.12,50.64,49.12,50.63,390672.0
2016-03-30 04:00:00,50.63,50.63,49.53,49.94,575093.0
2016-03-31 04:00:00,49.94,50.79,49.86,50.32,715428.0
2016-04-01 04:00:00,50.06,51.57,49.81,51.39,696919.0
2016-04-04 04:00:00,51.43,51.78,50.89,51.75,464485.0
2016-04-05 04:00:00,51.19,51.71,50.63,51.12,828431.0
2016-04-06 04:00:00,51.13,51.5,50.67,51.32,408127.0
2016-04-07 04:00:00,50.84,51.26,49.36,50.77,736772.0
2016-04-08 04:00:00,51.07,51.45,50.49,50.96,279314.0
2016-04-11 04:00:00,51.06,51.32,50.48,50.7,275163.0
2016-04-12 04:00:00,50.67,51.07,50.19,50.69,334904.0
2016-04-13 04:00:00,50.9,52.15,50.78,52.05,496135.0
2016-04-14 04:00:00,51.92,52.14,51.14,51.14,485901.0
2016-04-15 04:00:00,51.31,52.04,50.902,51.92,444068.0
2016-04-18 04:00:00,51.49,52.36,51.49,52.32,281744.0
2016-04-19 04:00:00,52.34,52.465,51.51,51.63,347704.0
2016-04-20 04:00:00,51.63,52.25,51.32,51.63,339251.0
2016-04-21 04:00:00,51.58,52.0,51.01,51.08,220187.0
2016-04-22 04:00:00,50.96,51.87,50.96,51.62,353880.0
2016-04-25 04:00:00,51.3,52.12,50.7,51.32,350625.0
2016-04-26 04:00:00,51.62,51.89,51.13,51.84,351461.0
2016-04-27 04:00:00,50.86,51.31,48.74,50.64,730807.0
2016-04-28 04:00:00,50.98,51.08,49.71,49.86,457478.0
2016-04-29 04:00:00,49.81,49.894,48.81,49.61,393491.0
2016-05-02 04:00:00,49.76,49.76,48.93,49.69,300241.0
2016-05-03 04:00:00,49.37,49.5,48.46,49.21,323970.0
2016-05-04 04:00:00,49.06,49.24,48.48,48.73,356435.0
2016-05-05 04:00:00,48.83,48.97,48.29,48.88,332458.0
2016-05-06 04:00:00,48.53,49.2299,48.5,49.21,375596.0
2016-05-09 04:00:00,49.24,49.3,48.74,49.09,418663.0
2016-05-10 04:00:00,49.31,49.83,49.16,49.78,425535.0
2016-05-11 04:00:00,49.49,49.855,48.82,48.84,197745.0
2016-05-12 04:00:00,48.99,49.8,48.9,49.43,358352.0
2016-05-13 04:00:00,49.23,49.58,48.86,48.93,240277.0
2016-05-16 04:00:00,49.01,49.84,48.95,49.6,605432.0
2016-05-17 04:00:00,49.43,49.43,48.23,48.51,320820.0
2016-05-18 04:00:00,48.24,49.57,48.07,48.79,373563.0
2016-05-19 04:00:00,48.39,48.92,48.06,48.53,406497.0
2016-05-20 04:00:00,48.81,49.46,48.35,49.44,629192.0
2016-05-23 04:00:00,49.38,49.39,48.83,48.89,160859.0
2016-05-24 04:00:00,49.19,49.88,48.82,49.83,275150.0
2016-05-25 04:00:00,50.07,50.07,49.49,49.49,387077.0
2016-05-26 04:00:00,49.49,50.023,49.13,49.76,491795.0
2016-05-27 04:00:00,49.66,49.98,49.63,49.96,315583.0
2016-05-31 04:00:00,50.02,50.39,49.11,49.4,617950.0
2016-06-01 04:00:00,49.29,49.83,49.12,49.75,452414.0
2016-06-02 04:00:00,49.71,50.1,49.46,50.08,713982.0
2016-06-03 04:00:00,50.02,50.05,49.29,49.4,438810.0
2016-06-06 04:00:00,49.66,49.845,49.42,49.61,332072.0
2016-06-07 04:00:00,49.64,49.93,49.25,49.3,500376.0
2016-06-08 04:00:00,49.4,49.76,49.22,49.66,546266.0
2016-06-09 04:00:00,49.54,49.78,49.1,49.37,395079.0
2016-06-10 04:00:00,48.78,49.1,48.24,48.46,471356.0
2016-06-13 04:00:00,48.06,48.595,47.955,48.0,451807.0
2016-06-14 04:00:00,48.0,48.17,47.72,48.03,347562.0
2016-06-15 04:00:00,48.1,48.1,47.34,47.35,443531.0
2016-06-16 04:00:00,47.0,47.46,46.71,47.24,235987.0
2016-06-17 04:00:00,47.24,47.24,46.68,46.85,554462.0
2016-06-20 04:00:00,47.52,47.93,47.43,47.69,670620.0
2016-06-21 04:00:00,47.84,48.25,47.84,47.9,670686.0
2016-06-22 04:00:00,47.89,48.04,47.36,47.4,344575.0
2016-06-23 04:00:00,47.82,48.11,47.46,47.68,361870.0
2016-06-24 04:00:00,46.0,46.73,45.79,45.82,970020.0
2016-06-27 04:00:00,45.25,46.0,45.14,45.71,964046.0
2016-06-28 04:00:00,46.2,46.4199,45.79,46.13,766678.0
2016-06-29 04:00:00,46.67,46.95,46.53,46.8,573537.0
2016-06-30 04:00:00,46.95,47.9,46.95,47.87,686372.0
2016-07-01 04:00:00,47.77,48.885,47.77,48.69,678673.0
2016-07-05 04:00:00,48.39,48.59,47.9,48.46,633287.0
2016-07-06 04:00:00,48.14,49.01,48.095,48.99,649557.0
2016-07-07 04:00:00,48.76,49.11,48.5,49.08,672593.0
2016-07-08 04:00:00,49.48,50.62,49.27,50.59,824114.0
2016-07-11 04:00:00,50.38,50.38,46.54,47.42,6447128.0
2016-07-12 04:00:00,47.07,48.51,47.07,48.5,5256399.0
2016-07-13 04:00:00,48.99,49.72,48.74,49.55,3919084.0
2016-07-14 04:00:00,50.05,50.65,49.7,50.0,2721534.0
2016-07-15 04:00:00,50.04,50.08,48.86,49.79,2045536.0
2016-07-18 04:00:00,49.78,50.19,48.86,48.98,1655908.0
2016-07-19 04:00:00,49.74,49.98,48.14,48.59,3208556.0
2016-07-20 04:00:00,49.0,49.19,48.59,49.0,2168606.0
2016-07-21 04:00:00,49.02,49.23,48.21,48.91,1821387.0
2016-07-22 04:00:00,49.07,50.58,48.78,50.4,3367770.0
2016-07-25 04:00:00,50.61,50.68,50.03,50.66,2336447.0
2016-07-26 04:00:00,50.69,51.99,50.68,51.94,2249538.0
2016-07-27 04:00:00,52.62,52.64,52.01,52.33,2275206.0
2016-07-28 04:00:00,51.81,51.81,49.78,50.65,3845299.0
2016-07-29 04:00:00,50.48,50.91,49.18,50.01,2560487.0
2016-08-01 04:00:00,50.28,50.83,49.88,50.54,2493418.0
2016-08-02 04:00:00,50.66,50.815,47.94,48.35,4323924.0
2016-08-03 04:00:00,48.96,49.29,47.8702,48.36,5842988.0
2016-08-04 04:00:00,48.35,48.44,47.28,47.41,3214434.0
2016-08-05 04:00:00,47.85,48.18,47.09,48.14,4351016.0
2016-08-08 04:00:00,48.52,48.55,47.58,47.78,8796308.0
2016-08-09 04:00:00,47.74,48.0,47.03,47.53,11691760.0
2016-08-10 04:00:00,47.53,48.19,47.22,47.58,7114859.0
2016-08-11 04:00:00,47.59,48.95,47.58,48.74,13279110.0
2016-08-12 04:00:00,48.8,49.97,48.54,49.91,8827881.0
2016-08-15 04:00:00,50.721,51.44,50.2,50.24,7445890.0
2016-08-16 04:00:00,49.93,52.27,49.72,51.69,7902855.0
2016-08-17 04:00:00,38.2,38.95,37.79,38.5,10455854.0
2016-08-18 04:00:00,38.22,39.7,38.18,39.45,7973863.0
2016-08-19 04:00:00,39.25,39.74,38.75,39.49,20835329.0
2016-08-22 04:00:00,39.4,40.49,39.26,40.35,6575756.0
2016-08-23 04:00:00,40.25,40.6899,39.88,40.08,8249750.0
2016-08-24 04:00:00,39.38,40.13,39.31,40.02,11214040.0
2016-08-25 04:00:00,40.13,40.16,39.54,39.7,5995414.0
2016-08-26 04:00:00,39.74,39.97,39.405,39.55,3612580.0
2016-08-29 04:00:00,39.6,40.2,39.53,40.01,4896907.0
2016-08-30 04:00:00,40.1,40.16,39.51,39.96,3211262.0
2016-08-31 04:00:00,39.83,40.6,39.7268,40.51,3550263.0
2016-09-01 04:00:00,40.5,41.0,40.39,40.75,1840751.0
2016-09-02 04:00:00,40.42,41.21,40.42,41.2,2627381.0
2016-09-06 04:00:00,41.26,41.58,40.91,41.55,2941077.0
2016-09-07 04:00:00,41.7,42.31,41.7,42.16,3135278.0
2016-09-08 04:00:00,42.07,42.435,42.0,42.09,2843518.0
2016-09-09 04:00:00,41.85,42.09,41.48,41.49,1289783.0
2016-09-12 04:00:00,41.31,42.415,41.18,42.32,2640294.0
2016-09-13 04:00:00,42.02,42.02,41.26,41.47,2445037.0
2016-09-14 04:00:00,41.47,41.5775,41.11,41.33,1620455.0
2016-09-15 04:00:00,41.57,42.36,41.42,42.1,2324492.0
2016-09-16 04:00:00,41.77,41.8428,41.22,41.53,1863811.0
2016-09-19 04:00:00,41.88,42.61,41.7147,42.14,1342419.0
2016-09-20 04:00:00,42.29,42.4,41.88,42.07,1416282.0
2016-09-21 04:00:00,42.05,42.54,41.92,42.52,1587793.0
2016-09-22 04:00:00,42.81,43.33,42.54,43.26,1309446.0
2016-09-23 04:00:00,42.93,43.285,42.85,43.15,1190471.0
2016-09-26 04:00:00,43.2,43.715,43.02,43.26,1828126.0
2016-09-27 04:00:00,43.54,43.8,43.18,43.65,1594273.0
2016-09-28 04:00:00,43.86,44.0,43.48,43.91,1824734.0
2016-09-29 04:00:00,43.77,44.0629,43.385,43.48,1788323.0
2016-09-30 04:00:00,43.63,43.723,42.88,43.28,1879876.0
2016-10-03 04:00:00,42.99,43.23,42.65,42.75,1654507.0
2016-10-04 04:00:00,42.66,42.94,42.23,42.37,2325478.0
2016-10-05 04:00:00,42.46,43.05,42.025,42.17,2881603.0
2016-10-06 04:00:00,41.96,42.83,41.62,42.8,1565639.0
2016-10-07 04:00:00,42.87,42.88,41.88,42.07,1569353.0
2016-10-10 04:00:00,42.18,42.37,41.9,41.96,1064783.0
2016-10-11 04:00:00,41.84,41.84,41.105,41.35,1076018.0
2016-10-12 04:00:00,41.46,42.1,41.26,42.0,1148321.0
2016-10-13 04:00:00,41.69,41.95,41.42,41.65,1043214.0
2016-10-14 04:00:00,41.75,42.04,41.628,41.88,986971.0
2016-10-17 04:00:00,41.9,42.0,41.55,41.56,1198632.0
2016-10-18 04:00:00,41.87,42.09,41.69,41.7,1198986.0
2016-10-19 04:00:00,41.8,41.95,41.67,41.75,761580.0
2016-10-20 04:00:00,41.63,41.98,41.55,41.89,817551.0
2016-10-21 04:00:00,41.68,42.05,41.55,41.93,1072135.0
2016-10-24 04:00:00,42.39,42.39,41.84,42.32,685188.0
2016-10-25 04:00:00,42.17,42.28,41.635,41.76,619899.0
2016-10-26 04:00:00,41.56,41.91,41.51,41.69,916234.0
2016-10-27 04:00:00,41.94,42.0,40.96,41.18,1314431.0
2016-10-28 04:00:00,41.18,41.86,41.18,41.4,1498997.0
2016-10-31 04:00:00,41.39,41.82,41.27,41.57,1128908.0
2016-11-01 04:00:00,41.7,41.85,41.3,41.4,1584491.0
2016-11-02 04:00:00,41.21,41.77,41.16,41.21,1026760.0
2016-11-03 04:00:00,42.65,45.39,42.28,44.39,4215032.0
2016-11-04 04:00:00,44.36,44.46,43.57,43.76,2051240.0
2016-11-07 05:00:00,44.44,44.475,43.71,44.18,2072143.0
2016-11-08 05:00:00,44.06,44.06,43.46,43.51,1314106.0
2016-11-09 05:00:00,43.69,45.4685,43.55,45.02,2266995.0
2016-11-10 05:00:00,45.14,46.13,44.91,45.84,3794675.0
2016-11-11 05:00:00,45.79,46.54,45.56,46.45,1838348.0
2016-11-14 05:00:00,46.6,47.64,46.58,47.4,2075033.0
2016-11-15 05:00:00,47.57,48.04,46.925,47.92,1719926.0
2016-11-16 05:00:00,47.89,48.17,47.75,47.87,1357191.0
2016-11-17 05:00:00,47.88,48.14,47.5,47.55,1337544.0
2016-11-18 05:00:00,47.63,48.74,47.3,48.36,2065573.0
2016-11-21 05:00:00,49.03,49.5,48.8763,49.45,2184364.0
2016-11-22 05:00:00,49.48,49.81,49.29,49.47,1590356.0
2016-11-23 05:00:00,49.43,49.74,49.335,49.7,741753.0
2016-11-25 05:00:00,49.71,50.08,49.49,49.98,346596.0
2016-11-28 05:00:00,49.95,50.55,49.905,50.25,1473298.0
2016-11-29 05:00:00,50.39,51.67,50.19,51.26,1669483.0
2016-11-30 05:00:00,51.64,52.02,51.07,51.2,1859960.0
2016-12-01 05:00:00,51.46,51.5,51.1,51.2,1396166.0
2016-12-02 05:00:00,51.03,51.71,51.03,51.57,1034800.0
2016-12-05 05:00:00,51.69,52.17,51.69,51.88,1207858.0
2016-12-06 05:00:00,52.23,52.92,51.68,52.38,1562049.0
2016-12-07 05:00:00,52.47,52.9,51.99,52.12,3129512.0
2016-12-08 05:00:00,52.3,52.65,52.11,52.27,1835427.0
2016-12-09 05:00:00,52.3,52.55,51.95,52.25,1440029.0
2016-12-12 05:00:00,51.99,52.07,49.91,50.3,3313910.0
2016-12-13 05:00:00,50.06,51.14,50.06,51.02,1741820.0
2016-12-14 05:00:00,50.75,51.38,50.48,51.0,1452521.0
2016-12-15 05:00:00,50.93,51.48,50.78,51.17,1909924.0
2016-12-16 05:00:00,51.5,51.53,50.97,51.17,3188303.0
2016-12-19 05:00:00,51.03,51.44,51.03,51.34,983519.0
2016-12-20 05:00:00,51.36,51.93,50.93,51.46,868190.0
2016-12-21 05:00:00,51.51,51.73,51.07,51.36,741114.0
2016-12-22 05:00:00,51.28,51.35,50.81,51.08,623667.0
2016-12-23 05:00:00,51.2,51.28,50.72,51.06,362207.0
2016-12-27 05:00:00,51.18,51.41,51.02,51.25,351994.0
2016-12-28 05:00:00,51.26,51.3848,50.745,50.9,531303.0
2016-12-29 05:00:00,51.18,51.56,51.0,51.39,693337.0
2016-12-30 05:00:00,51.37,51.47,50.67,51.14,763008.0
2017-01-03 05:00:00,51.28,51.3,50.42,50.95,1175181.0
2017-01-04 05:00:00,51.11,51.62,50.89,51.35,1164789.0
2017-01-05 05:00:00,51.07,51.33,50.6372,50.77,984154.0
2017-01-06 05:00:00,50.88,51.02,50.33,50.66,1074655.0
2017-01-09 05:00:00,50.6,50.69,49.9,49.98,1061119.0
2017-01-10 05:00:00,49.94,50.59,49.92,50.27,852921.0
2017-01-11 05:00:00,50.34,50.53,49.91,50.1,737610.0
2017-01-12 05:00:00,50.08,50.12,49.39,49.99,663541.0
2017-01-13 05:00:00,50.19,50.21,49.81,49.96,1298991.0
2017-01-17 05:00:00,49.77,49.8,49.22,49.42,663218.0
2017-01-18 05:00:00,49.44,49.97,49.2175,49.82,683051.0
2017-01-19 05:00:00,50.24,50.49,49.48,49.69,649902.0
2017-01-20 05:00:00,49.74,49.94,49.535,49.66,492096.0
2017-01-23 05:00:00,49.61,49.77,49.0,49.28,488427.0
2017-01-24 05:00:00,49.3,49.66,49.14,49.47,618524.0
2017-01-25 05:00:00,49.92,50.0,49.38,49.65,681554.0
2017-01-26 05:00:00,49.62,49.89,49.33,49.54,445103.0
2017-01-27 05:00:00,49.42,49.56,49.14,49.55,535866.0
2017-01-30 05:00:00,49.36,49.49,48.2175,48.62,1175266.0
2017-01-31 05:00:00,48.53,48.86,48.085,48.32,934385.0
2017-02-01 05:00:00,48.32,48.77,47.81,48.31,1185731.0
2017-02-02 05:00:00,48.24,49.31,48.06,49.09,1237003.0
2017-02-03 05:00:00,49.38,49.9,49.311,49.69,682807.0
2017-02-06 05:00:00,49.59,50.16,49.55,50.12,697766.0
2017-02-07 05:00:00,50.1,50.47,49.99,50.47,788901.0
2017-02-08 05:00:00,50.37,50.37,48.87,50.09,1239295.0
2017-02-09 05:00:00,49.84,51.0,49.65,50.82,793408.0
2017-02-10 05:00:00,51.0,51.25,50.56,50.84,671338.0
2017-02-13 05:00:00,50.97,51.32,50.78,50.99,545799.0
2017-02-14 05:00:00,50.83,51.16,50.59,51.06,609496.0
2017-02-15 05:00:00,50.91,51.8,50.89,51.62,731039.0
2017-02-16 05:00:00,51.78,52.06,51.37,52.01,836987.0
2017-02-17 05:00:00,51.64,52.01,51.5,51.95,629931.0
2017-02-21 05:00:00,51.78,52.675,51.0,52.66,698479.0
2017-02-22 05:00:00,52.61,53.18,52.38,53.13,1093808.0
2017-02-23 05:00:00,53.19,54.2,52.08,52.49,1855084.0
2017-02-24 05:00:00,52.54,54.125,52.22,54.08,1300429.0
2017-02-27 05:00:00,54.0,54.3,53.6548,54.04,876118.0
2017-02-28 05:00:00,53.77,54.13,53.27,53.3,1021456.0
2017-03-01 05:00:00,53.85,54.75,53.56,54.69,1323515.0
2017-03-02 05:00:00,54.16,54.95,53.5,53.54,1133029.0
2017-03-03 05:00:00,53.46,53.95,53.39,53.69,772983.0
2017-03-06 05:00:00,53.24,53.535,53.104,53.17,716212.0
2017-03-07 05:00:00,52.91,53.31,52.86,53.02,853087.0
2017-03-08 05:00:00,52.97,53.08,52.58,52.71,769522.0
2017-03-09 05:00:00,52.76,53.19,52.54,52.93,624337.0
2017-03-10 05:00:00,53.14,53.23,52.41,52.81,711417.0
2017-03-13 04:00:00,52.78,53.99,52.73,53.95,838694.0
2017-03-14 04:00:00,53.92,53.99,53.4,53.68,518084.0
2017-03-15 04:00:00,54.03,54.97,53.93,54.87,959008.0
2017-03-16 04:00:00,54.86,54.86,53.61,53.74,840615.0
2017-03-17 04:00:00,54.03,54.3,53.62,53.95,1213680.0
2017-03-20 04:00:00,53.96,54.09,53.66,53.88,542880.0
2017-03-21 04:00:00,53.84,54.0,52.52,52.79,675692.0
2017-03-22 04:00:00,52.8,52.9,52.45,52.87,710929.0
2017-03-23 04:00:00,52.72,53.1,52.54,52.68,530307.0
2017-03-24 04:00:00,52.76,52.93,52.41,52.62,662627.0
2017-03-27 04:00:00,52.1,52.1,51.06,51.72,684690.0
2017-03-28 04:00:00,51.54,51.95,51.125,51.7,795189.0
2017-03-29 04:00:00,51.82,52.3245,51.61,52.23,984549.0
2017-03-30 04:00:00,52.09,52.12,51.16,51.32,822449.0
2017-03-31 04:00:00,51.21,51.42,50.98,51.14,763162.0
2017-04-03 04:00:00,50.94,51.1962,50.33,50.55,772903.0
2017-04-04 04:00:00,50.47,50.89,50.26,50.71,688679.0
2017-04-05 04:00:00,50.88,51.3,49.94,49.95,822476.0
2017-04-06 04:00:00,50.02,50.28,49.84,50.05,630168.0
2017-04-07 04:00:00,50.07,50.88,49.91,50.63,931540.0
2017-04-10 04:00:00,50.7,51.07,50.42,50.62,602589.0
2017-04-11 04:00:00,50.47,51.02,50.38,51.0,706029.0
2017-04-12 04:00:00,50.96,50.98,50.43,50.75,763390.0
2017-04-13 04:00:00,50.57,50.92,50.5,50.64,686651.0
2017-04-17 04:00:00,50.69,51.32,50.54,51.28,694286.0
2017-04-18 04:00:00,51.3,51.515,51.11,51.36,556712.0
2017-04-19 04:00:00,51.43,51.99,51.43,51.74,621829.0
2017-04-20 04:00:00,52.0,52.74,51.88,52.6,575748.0
2017-04-21 04:00:00,52.59,52.73,52.05,52.21,642463.0
2017-04-24 04:00:00,52.82,52.95,52.45,52.93,677419.0
2017-04-25 04:00:00,53.32,53.555,53.06,53.15,800300.0
2017-04-26 04:00:00,53.18,53.56,52.93,53.4,1813969.0
2017-04-27 04:00:00,53.54,54.17,53.29,53.35,803337.0
2017-04-28 04:00:00,53.28,53.28,52.61,52.66,1207122.0
2017-05-01 04:00:00,52.78,53.64,52.58,53.49,886472.0
2017-05-02 04:00:00,53.6,53.72,53.37,53.56,538008.0
2017-05-03 04:00:00,53.3,53.755,52.89,53.6,1262567.0
2017-05-04 04:00:00,53.0,54.41,51.85,54.39,1711555.0
2017-05-05 04:00:00,54.75,55.25,53.88,54.47,1170272.0
2017-05-08 04:00:00,54.4,54.45,53.11,53.31,1577681.0
2017-05-09 04:00:00,53.38,53.48,52.35,52.55,1292860.0
2017-05-10 04:00:00,52.5,52.63,52.1,52.43,820198.0
2017-05-11 04:00:00,52.16,52.95,52.06,52.7,1099248.0
2017-05-12 04:00:00,52.52,52.97,52.3,52.67,782256.0
2017-05-15 04:00:00,52.8,53.36,52.75,52.8,2042052.0
2017-05-16 04:00:00,53.04,54.18,53.01,53.71,1880133.0
2017-05-17 04:00:00,53.23,53.23,52.07,52.27,1220246.0
2017-05-18 04:00:00,51.97,52.37,51.48,51.53,1058392.0
2017-05-19 04:00:00,51.79,52.24,51.5,52.11,986886.0
2017-05-22 04:00:00,52.48,53.52,52.365,53.37,1846995.0
2017-05-23 04:00:00,53.63,54.78,53.53,54.67,1486957.0
2017-05-24 04:00:00,54.67,54.935,54.42,54.9,834496.0
2017-05-25 04:00:00,55.0,55.46,55.0,55.13,679987.0
2017-05-26 04:00:00,55.13,55.2,54.37,54.88,793772.0
2017-05-30 04:00:00,54.7,55.08,54.32,54.85,1003425.0
2017-05-31 04:00:00,55.2,55.69,54.39,55.56,6187194.0
2017-06-01 04:00:00,55.61,56.42,55.22,56.37,1057602.0
2017-06-02 04:00:00,56.29,56.6676,55.8372,55.95,899856.0
2017-06-05 04:00:00,56.05,56.165,55.75,55.88,779385.0
2017-06-06 04:00:00,55.85,56.05,55.785,55.93,1397979.0
2017-06-07 04:00:00,55.98,56.25,55.58,55.67,993219.0
2017-06-08 04:00:00,55.67,55.9725,55.55,55.73,1012077.0
2017-06-09 04:00:00,55.86,55.99,54.65,55.37,1029271.0
2017-06-12 04:00:00,55.22,55.74,55.055,55.62,1266537.0
2017-06-13 04:00:00,55.43,55.7296,55.1,55.69,1676247.0
2017-06-14 04:00:00,55.79,56.18,54.86,55.14,905221.0
2017-06-15 04:00:00,54.73,55.27,54.68,55.17,481802.0
2017-06-16 04:00:00,54.74,54.9,53.29,53.98,1703864.0
2017-06-19 04:00:00,54.17,54.26,53.53,53.93,727231.0
2017-06-20 04:00:00,54.02,54.38,53.22,53.38,1981345.0
2017-06-21 04:00:00,53.66,54.0117,53.32,53.75,736166.0
2017-06-22 04:00:00,53.73,53.94,53.21,53.61,478228.0
2017-06-23 04:00:00,53.46,53.69,53.17,53.56,2310139.0
2017-06-26 04:00:00,53.66,54.26,53.66,53.71,1045607.0
2017-06-27 04:00:00,53.7,53.75,52.11,52.15,1051560.0
2017-06-28 04:00:00,52.34,52.36,51.57,52.28,2149881.0
2017-06-29 04:00:00,52.35,52.51,51.21,51.46,1200423.0
2017-06-30 04:00:00,51.64,51.88,51.43,51.69,1258646.0
2017-07-03 04:00:00,52.11,52.11,51.77,52.01,540088.0
2017-07-05 04:00:00,52.01,52.395,51.55,52.36,1148020.0
2017-07-06 04:00:00,52.11,52.45,50.94,51.19,1391106.0
2017-07-07 04:00:00,51.3,52.1,51.21,52.07,514568.0
2017-07-10 04:00:00,52.11,52.32,51.93,52.07,762152.0
2017-07-11 04:00:00,52.12,52.34,51.81,52.22,1388628.0
2017-07-12 04:00:00,52.72,53.41,52.38,53.09,957870.0
2017-07-13 04:00:00,53.15,53.38,52.485,52.61,650226.0
2017-07-14 04:00:00,52.65,53.33,52.52,53.24,726065.0
2017-07-17 04:00:00,53.24,53.34,52.74,53.08,1560469.0
2017-07-18 04:00:00,53.0,53.18,52.46,52.59,611776.0
2017-07-19 04:00:00,52.65,53.46,52.65,53.39,620758.0
2017-07-20 04:00:00,53.4,53.95,53.32,53.62,672692.0
2017-07-21 04:00:00,53.32,53.81,53.17,53.44,566232.0
2017-07-24 04:00:00,53.46,53.485,53.05,53.35,730169.0
2017-07-25 04:00:00,53.53,54.17,53.47,53.89,1104352.0
2017-07-26 04:00:00,54.0,54.27,53.39,53.48,759574.0
2017-07-27 04:00:00,53.65,53.72,53.12,53.4,663627.0
2017-07-28 04:00:00,53.25,53.96,53.175,53.6,556469.0
2017-07-31 04:00:00,53.5,53.59,52.96,53.44,719521.0
2017-08-01 04:00:00,53.69,53.91,53.27,53.32,784487.0
2017-08-02 04:00:00,53.31,53.31,52.04,52.27,1397813.0
2017-08-03 04:00:00,53.47,57.72,52.9,56.64,3108796.0
2017-08-04 04:00:00,56.97,56.97,56.145,56.19,2902304.0
2017-08-07 04:00:00,56.0,56.45,55.58,56.35,1096900.0
2017-08-08 04:00:00,56.33,57.28,56.19,56.66,1157174.0
2017-08-09 04:00:00,56.52,56.82,56.1,56.18,1159487.0
2017-08-10 04:00:00,57.09,57.17,56.05,56.47,1236335.0
2017-08-11 04:00:00,56.28,57.01,56.2,56.68,965607.0
2017-08-14 04:00:00,57.0,57.76,56.72,57.37,2035419.0
2017-08-15 04:00:00,57.35,57.67,57.3,57.3,977487.0
2017-08-16 04:00:00,57.39,57.53,57.08,57.21,599164.0
2017-08-17 04:00:00,57.04,57.2,55.89,55.94,1054679.0
2017-08-18 04:00:00,55.83,55.9,55.34,55.34,879262.0
2017-08-21 04:00:00,55.32,55.47,55.05,55.31,653366.0
2017-08-22 04:00:00,55.45,55.93,55.25,55.91,613151.0
2017-08-23 04:00:00,55.85,56.4,55.52,56.22,900569.0
2017-08-24 04:00:00,56.33,56.39,55.53,55.55,488533.0
2017-08-25 04:00:00,55.87,56.2495,55.75,55.86,820976.0
2017-08-28 04:00:00,56.06,56.201,55.65,55.9,437094.0
2017-08-29 04:00:00,55.58,56.65,55.58,56.62,684135.0
2017-08-30 04:00:00,56.46,57.51,56.3,57.34,578037.0
2017-08-31 04:00:00,57.64,58.52,57.47,58.32,1103995.0
2017-09-01 04:00:00,58.56,58.94,58.34,58.74,579950.0
2017-09-05 04:00:00,58.66,58.8852,57.43,57.8,935111.0
2017-09-06 04:00:00,57.92,58.19,57.22,57.96,1735495.0
2017-09-07 04:00:00,57.97,58.03,57.56,57.7,431907.0
2017-09-08 04:00:00,57.54,57.64,57.001,57.11,703185.0
2017-09-11 04:00:00,57.65,57.92,57.2945,57.41,917301.0
2017-09-12 04:00:00,57.53,57.82,57.29,57.68,510155.0
2017-09-13 04:00:00,57.52,57.52,57.12,57.14,477586.0
2017-09-14 04:00:00,57.0,57.21,56.31,56.33,1102170.0
2017-09-15 04:00:00,55.99,56.55,55.76,56.4,1473022.0
2017-09-18 04:00:00,56.51,57.46,56.43,57.33,947988.0
2017-09-19 04:00:00,57.4,58.12,57.35,58.02,662090.0
2017-09-20 04:00:00,58.03,58.44,57.91,58.17,1529143.0
2017-09-21 04:00:00,58.25,58.455,58.22,58.27,598028.0
2017-09-22 04:00:00,58.09,59.23,57.93,58.83,769256.0
2017-09-25 04:00:00,58.82,58.96,58.02,58.58,643997.0
2017-09-26 04:00:00,58.8,59.09,58.66,58.73,685400.0
2017-09-27 04:00:00,59.25,59.65,58.88,59.43,612808.0
2017-09-28 04:00:00,59.05,59.49,58.69,58.91,567210.0
2017-09-29 04:00:00,58.9,59.4,58.71,59.22,599328.0
2017-10-02 04:00:00,59.2,60.45,59.2,60.41,740697.0
2017-10-03 04:00:00,60.33,60.72,59.88,59.92,551487.0
2017-10-04 04:00:00,60.14,60.65,59.9316,60.25,584958.0
2017-10-05 04:00:00,60.84,61.9484,60.56,61.53,1117736.0
2017-10-06 04:00:00,61.56,61.77,61.125,61.75,499908.0
2017-10-09 04:00:00,61.81,62.12,61.55,62.0,347259.0
2017-10-10 04:00:00,62.6,62.66,61.93,62.15,510197.0
2017-10-11 04:00:00,62.3,62.42,61.86,62.14,727594.0
2017-10-12 04:00:00,62.14,62.63,61.88,62.32,599437.0
2017-10-13 04:00:00,62.68,63.08,62.62,62.76,1066801.0
2017-10-16 04:00:00,62.63,62.96,62.06,62.08,457719.0
2017-10-17 04:00:00,62.0,62.6,61.73,61.82,464031.0
2017-10-18 04:00:00,61.98,62.14,61.4,61.4,624539.0
2017-10-19 04:00:00,61.23,61.55,61.03,61.52,495708.0
2017-10-20 04:00:00,61.81,62.34,61.63,62.18,939279.0
2017-10-23 04:00:00,62.29,62.5,61.76,61.78,479883.0
2017-10-24 04:00:00,61.78,62.115,61.21,61.24,631859.0
2017-10-25 04:00:00,63.4,63.68,62.36,62.74,1594987.0
2017-10-26 04:00:00,62.98,63.0,62.46,62.47,534790.0
2017-10-27 04:00:00,62.48,62.64,61.72,62.36,541269.0
2017-10-30 04:00:00,62.07,62.65,61.865,61.94,416721.0
2017-10-31 04:00:00,61.93,62.6683,61.93,62.52,1072443.0
2017-11-01 04:00:00,62.84,62.97,62.37,62.83,818975.0
2017-11-02 04:00:00,61.75,64.12,61.05,62.82,1620003.0
2017-11-03 04:00:00,63.2,64.2031,62.62,63.66,897279.0
2017-11-06 05:00:00,63.77,63.92,62.8,62.95,890614.0
2017-11-07 05:00:00,63.15,63.32,62.28,62.58,856837.0
2017-11-08 05:00:00,62.68,62.89,61.78,62.22,1023701.0
2017-11-09 05:00:00,61.92,62.78,61.53,61.65,738567.0
2017-11-10 05:00:00,61.89,61.98,61.38,61.87,866015.0
2017-11-13 05:00:00,61.52,61.76,61.345,61.63,555979.0
2017-11-14 05:00:00,61.53,61.66,61.08,61.38,519557.0
2017-11-15 05:00:00,61.0,61.8,60.44,61.79,832986.0
2017-11-16 05:00:00,62.07,62.46,61.82,61.84,949139.0
2017-11-17 05:00:00,61.64,62.08,61.04,61.09,482542.0
2017-11-20 05:00:00,61.4,61.65,61.12,61.64,479411.0
2017-11-21 05:00:00,61.71,62.01,61.35,61.45,599425.0
2017-11-22 05:00:00,61.45,61.67,61.08,61.1,384663.0
2017-11-24 05:00:00,61.34,61.45,60.86,61.31,177550.0
2017-11-27 05:00:00,61.14,62.17,60.95,61.56,1139493.0
2017-11-28 05:00:00,61.67,62.87,61.61,62.79,630289.0
2017-11-29 05:00:00,62.64,63.11,62.3,62.39,612720.0
2017-11-30 05:00:00,62.49,63.72,62.405,63.57,791349.0
2017-12-01 05:00:00,63.33,63.67,61.76,62.32,812245.0
2017-12-04 05:00:00,62.83,63.54,62.39,63.46,990847.0
2017-12-05 05:00:00,63.46,64.02,63.12,63.34,1162087.0
2017-12-06 05:00:00,63.11,63.73,62.55,62.61,893659.0
2017-12-07 05:00:00,62.54,63.31,62.27,63.18,1140350.0
2017-12-08 05:00:00,63.59,64.24,63.025,64.13,747932.0
2017-12-11 05:00:00,63.99,64.48,63.91,64.29,659364.0
2017-12-12 05:00:00,64.2,64.55,63.78,64.14,384575.0
2017-12-13 05:00:00,64.11,64.54,63.78,64.06,1134597.0
2017-12-14 05:00:00,64.16,64.55,63.54,63.87,564873.0
2017-12-15 05:00:00,63.92,64.85,63.73,64.6,1309883.0
2017-12-18 05:00:00,65.0,65.2605,64.42,65.19,778911.0
2017-12-19 05:00:00,65.02,65.27,64.4,64.74,1121265.0
2017-12-20 05:00:00,65.35,65.37,64.73,65.03,1510173.0
2017-12-21 05:00:00,65.43,65.7,65.04,65.1,550258.0
2017-12-22 05:00:00,65.04,65.32,64.75,65.22,467554.0
2017-12-26 05:00:00,65.21,65.46,64.69,64.79,518433.0
2017-12-27 05:00:00,64.73,64.95,64.51,64.64,709339.0
2017-12-28 05:00:00,64.73,64.8799,64.22,64.82,476694.0
2017-12-29 05:00:00,64.94,65.09,64.54,64.57,507149.0
2018-01-02 05:00:00,64.69,64.87,63.865,64.0,578355.0
2018-01-03 05:00:00,64.0,64.28,63.57,63.92,839522.0
2018-01-04 05:00:00,64.15,64.895,64.1,64.8,693102.0
2018-01-05 05:00:00,64.93,65.23,64.53,64.73,535919.0
2018-01-08 05:00:00,65.02,66.44,64.65,66.38,752100.0
2018-01-09 05:00:00,66.58,66.66,66.17,66.24,537428.0
2018-01-10 05:00:00,66.05,66.61,65.92,66.58,1397935.0
2018-01-11 05:00:00,66.67,67.46,66.39,67.44,1004788.0
2018-01-12 05:00:00,67.45,67.51,66.9,67.03,669706.0
2018-01-16 05:00:00,67.66,67.68,66.32,66.44,862140.0
2018-01-17 05:00:00,66.85,67.15,66.35,66.92,443327.0
2018-01-18 05:00:00,66.92,67.0,66.24,66.33,1335509.0
2018-01-19 05:00:00,66.4,67.16,66.2,67.14,547570.0
2018-01-22 05:00:00,67.03,67.43,66.64,67.13,407440.0
2018-01-23 05:00:00,67.1,67.21,66.55,66.94,623058.0
2018-01-24 05:00:00,67.06,67.22,65.81,65.84,777070.0
2018-01-25 05:00:00,65.95,66.18,65.56,65.92,702851.0
2018-01-26 05:00:00,66.1,66.54,65.41,66.29,1314413.0
2018-01-29 05:00:00,66.32,67.79,66.25,67.7,882586.0
2018-01-30 05:00:00,67.18,67.5539,66.66,66.68,685870.0
2018-01-31 05:00:00,66.99,67.79,66.47,66.6,746350.0
2018-02-01 05:00:00,66.41,68.25,66.3,67.95,718796.0
2018-02-02 05:00:00,67.39,67.67,66.22,66.23,419248.0
2018-02-05 05:00:00,65.62,65.82,62.96,63.13,1468810.0
2018-02-06 05:00:00,62.31,62.86,60.91,61.97,1707407.0
2018-02-07 05:00:00,61.96,64.55,61.7,64.3,1062080.0
2018-02-08 05:00:00,64.4,64.82,62.5,62.56,1450181.0
2018-02-09 05:00:00,63.08,63.3,60.9,62.62,844594.0
2018-02-12 05:00:00,63.18,64.72,63.17,64.34,778066.0
2018-02-13 05:00:00,64.08,64.67,63.5731,64.62,386862.0
2018-02-14 05:00:00,64.38,65.84,64.36,65.73,585523.0
2018-02-15 05:00:00,66.15,66.2,65.44,66.08,796608.0
2018-02-16 05:00:00,66.0,66.85,65.76,66.42,718446.0
2018-02-20 05:00:00,66.14,66.95,65.87,66.23,1333234.0
2018-02-21 05:00:00,66.16,66.21,65.21,65.21,1737678.0
2018-02-22 05:00:00,65.87,66.29,63.13,65.75,1392956.0
2018-02-23 05:00:00,66.32,66.89,65.73,65.83,845803.0
2018-02-26 05:00:00,66.22,67.02,65.64,66.4,960674.0
2018-02-27 05:00:00,66.37,66.56,65.22,65.22,1260954.0
2018-02-28 05:00:00,65.51,65.5922,63.31,63.31,1981948.0
2018-03-01 05:00:00,64.55,65.2805,63.05,63.76,1157011.0
2018-03-02 05:00:00,63.22,65.115,62.98,65.0,670896.0
2018-03-05 05:00:00,64.79,66.21,64.63,65.93,1025064.0
2018-03-06 05:00:00,66.24,66.71,65.44,66.2,637971.0
2018-03-07 05:00:00,65.78,66.72,65.57,66.64,939791.0
2018-03-08 05:00:00,66.98,68.11,66.87,67.91,1563784.0
2018-03-09 05:00:00,68.34,69.51,68.31,69.42,1254292.0
2018-03-12 04:00:00,69.78,69.96,68.69,69.34,1101436.0
2018-03-13 04:00:00,69.78,70.11,69.0564,69.3,2388576.0
2018-03-14 04:00:00,69.35,69.445,68.37,68.53,892979.0
2018-03-15 04:00:00,68.51,68.82,67.73,68.02,639471.0
2018-03-16 04:00:00,68.06,68.27,67.3,67.71,2622903.0
2018-03-19 04:00:00,67.59,67.7,66.31,67.15,770746.0
2018-03-20 04:00:00,67.28,67.85,67.08,67.58,628288.0
2018-03-21 04:00:00,67.6,68.12,67.3,67.55,730901.0
2018-03-22 04:00:00,66.9,67.2,65.95,65.98,595569.0
2018-03-23 04:00:00,65.73,66.37,64.96,65.02,824464.0
2018-03-26 04:00:00,65.87,66.16,64.46,65.63,914787.0
2018-03-27 04:00:00,66.02,66.32,64.12,64.5,792312.0
2018-03-28 04:00:00,64.51,65.03,63.92,64.26,1201582.0
2018-03-29 04:00:00,64.7,65.83,64.19,65.4,1008341.0
2018-04-02 04:00:00,65.19,65.53,64.2,64.88,788492.0
2018-04-03 04:00:00,65.15,65.52,64.72,65.35,1022871.0
2018-04-04 04:00:00,64.38,65.92,64.23,65.77,979411.0
2018-04-05 04:00:00,66.12,66.85,66.1,66.48,810069.0
2018-04-06 04:00:00,65.85,66.1399,64.59,64.86,704195.0
2018-04-09 04:00:00,65.15,65.65,64.69,64.78,1635476.0
2018-04-10 04:00:00,65.59,66.03,65.14,65.83,616850.0
2018-04-11 04:00:00,65.51,65.93,64.9,65.06,556333.0
2018-04-12 04:00:00,65.49,66.0144,65.21,65.69,366565.0
2018-04-13 04:00:00,65.79,65.79,64.92,65.23,1115873.0
2018-04-16 04:00:00,65.56,66.06,65.36,65.92,918016.0
2018-04-17 04:00:00,66.46,66.95,65.9,66.83,827593.0
2018-04-18 04:00:00,66.92,67.46,66.4401,67.19,705009.0
2018-04-19 04:00:00,67.19,67.19,66.4368,66.78,821519.0
2018-04-20 04:00:00,66.66,66.98,65.92,66.13,590546.0
2018-04-23 04:00:00,66.53,66.86,66.02,66.24,623833.0
2018-04-24 04:00:00,67.01,67.27,64.96,65.61,799935.0
2018-04-25 04:00:00,65.54,65.58,64.2,65.52,687740.0
2018-04-26 04:00:00,65.74,65.93,65.35,65.61,753225.0
2018-04-27 04:00:00,65.94,66.04,65.24,65.78,544997.0
2018-04-30 04:00:00,65.92,66.03,64.23,64.23,962579.0
2018-05-01 04:00:00,64.06,64.36,62.92,63.48,1755467.0
2018-05-02 04:00:00,63.15,63.9,61.9,62.04,1434397.0
2018-05-03 04:00:00,59.85,60.47,57.5,60.27,2643247.0
2018-05-04 04:00:00,59.81,60.45,58.54,60.13,1362683.0
2018-05-07 04:00:00,59.69,61.1,59.69,60.83,1392577.0
2018-05-08 04:00:00,60.41,62.03,60.41,61.53,2752386.0
2018-05-09 04:00:00,61.8,62.71,61.43,62.53,1732283.0
2018-05-10 04:00:00,62.56,63.23,62.56,63.08,1011704.0
2018-05-11 04:00:00,63.13,63.78,63.05,63.27,979694.0
2018-05-14 04:00:00,63.53,63.87,62.27,62.3,857567.0
2018-05-15 04:00:00,62.03,62.22,61.26,61.53,687091.0
2018-05-16 04:00:00,61.8,62.07,61.3,61.48,523676.0
2018-05-17 04:00:00,61.36,61.59,60.58,60.76,698416.0
2018-05-18 04:00:00,60.88,61.4,60.8453,61.31,805846.0
2018-05-21 04:00:00,61.71,61.86,61.01,61.4,615066.0
2018-05-22 04:00:00,61.32,61.34,59.77,59.81,864482.0
2018-05-23 04:00:00,59.72,60.65,59.65,60.6,695420.0
2018-05-24 04:00:00,60.71,60.81,60.28,60.34,519275.0
2018-05-25 04:00:00,60.32,60.39,60.05,60.26,652497.0
2018-05-29 04:00:00,59.96,60.39,59.35,59.79,498817.0
2018-05-30 04:00:00,60.03,60.87,60.03,60.59,698068.0
2018-05-31 04:00:00,60.63,60.73,60.01,60.06,823354.0
2018-06-01 04:00:00,60.41,60.93,60.35,60.84,579148.0
2018-06-04 04:00:00,61.12,61.59,60.91,61.59,873940.0
2018-06-05 04:00:00,61.53,62.1,61.48,61.91,1482923.0
2018-06-06 04:00:00,61.92,62.27,61.39,61.94,647450.0
2018-06-07 04:00:00,62.01,62.08,60.83,61.04,429557.0
2018-06-08 04:00:00,61.02,61.33,60.8,61.29,834933.0
2018-06-11 04:00:00,61.4,61.77,61.19,61.59,828735.0
2018-06-12 04:00:00,61.8,62.23,61.27,61.88,1323270.0
2018-06-13 04:00:00,61.9,62.14,61.67,61.76,795322.0
2018-06-14 04:00:00,61.38,61.66,60.73,60.75,1127515.0
2018-06-15 04:00:00,60.61,60.61,59.71,60.18,1730567.0
2018-06-18 04:00:00,58.69,59.89,57.62,59.5,1974818.0
2018-06-19 04:00:00,59.1,59.63,58.925,59.5,1334093.0
2018-06-20 04:00:00,59.49,59.66,58.19,58.35,1157961.0
2018-06-21 04:00:00,58.22,58.43,57.62,57.92,1625512.0
2018-06-22 04:00:00,57.99,58.72,57.81,58.5,1363289.0
2018-06-25 04:00:00,58.53,59.16,58.07,58.85,1269543.0
2018-06-26 04:00:00,59.0,59.79,58.96,59.65,1600197.0
2018-06-27 04:00:00,59.84,60.09,58.54,58.55,984436.0
2018-06-28 04:00:00,58.42,58.82,58.19,58.65,1321748.0
2018-06-29 04:00:00,58.65,59.59,58.65,59.0,1324295.0
2018-07-02 04:00:00,58.59,59.48,58.59,59.38,1090339.0
2018-07-03 04:00:00,59.6,59.83,59.16,59.22,453864.0
2018-07-05 04:00:00,59.46,59.65,58.87,59.62,698356.0
2018-07-06 04:00:00,59.66,60.49,59.59,60.18,1143860.0
2018-07-09 04:00:00,60.42,61.4,60.14,61.34,686963.0
2018-07-10 04:00:00,61.34,61.76,61.09,61.27,814762.0
2018-07-11 04:00:00,60.81,61.69,60.77,61.44,671306.0
2018-07-12 04:00:00,61.51,62.54,61.5,62.46,695237.0
2018-07-13 04:00:00,62.22,62.57,62.16,62.43,452616.0
2018-07-16 04:00:00,62.57,62.9,62.3,62.49,348599.0
2018-07-17 04:00:00,62.04,63.805,62.0,63.58,1374103.0
2018-07-18 04:00:00,63.49,63.79,63.01,63.51,754831.0
2018-07-19 04:00:00,63.3,64.4,63.3,64.05,843520.0
2018-07-20 04:00:00,64.08,64.6,63.75,64.34,594344.0
2018-07-23 04:00:00,64.25,64.78,63.61,64.53,978582.0
2018-07-24 04:00:00,64.86,64.99,62.66,63.22,1217893.0
2018-07-25 04:00:00,63.16,63.92,62.92,63.75,1128733.0
2018-07-26 04:00:00,63.5,69.29,63.08,68.21,2926363.0
2018-07-27 04:00:00,68.61,68.66,67.73,68.47,1177934.0
2018-07-30 04:00:00,68.77,69.0,66.96,67.57,1157740.0
2018-07-31 04:00:00,67.83,68.6,67.35,68.42,1047585.0
2018-08-01 04:00:00,68.54,68.6697,68.01,68.62,967061.0
2018-08-02 04:00:00,67.94,69.3499,67.72,69.2,800504.0
2018-08-03 04:00:00,68.85,69.69,68.6,69.59,672652.0
2018-08-06 04:00:00,69.61,70.17,69.2,69.68,750214.0
2018-08-07 04:00:00,70.0,70.0,69.45,69.78,676675.0
2018-08-08 04:00:00,69.95,71.0897,69.47,70.93,785142.0
2018-08-09 04:00:00,70.89,71.18,70.54,70.64,955217.0
2018-08-10 04:00:00,70.34,70.78,70.01,70.55,433538.0
2018-08-13 04:00:00,70.73,71.13,70.17,70.28,790338.0
2018-08-14 04:00:00,70.5,71.5,70.48,71.06,546943.0
2018-08-15 04:00:00,70.88,71.05,70.32,70.62,561800.0
2018-08-16 04:00:00,71.09,71.35,70.71,70.8,651726.0
2018-08-17 04:00:00,70.91,71.82,70.64,71.72,892252.0
2018-08-20 04:00:00,71.79,72.17,71.39,71.52,767546.0
2018-08-21 04:00:00,71.76,72.3,71.52,71.99,770171.0
2018-08-22 04:00:00,71.65,72.0399,71.27,71.35,887386.0
2018-08-23 04:00:00,71.33,71.33,69.26,69.53,2128741.0
2018-08-24 04:00:00,69.56,70.42,69.11,70.2,1037883.0
2018-08-27 04:00:00,70.44,71.0,70.31,70.89,559139.0
2018-08-28 04:00:00,71.1,71.1,70.29,70.4,525757.0
2018-08-29 04:00:00,70.44,71.4707,70.2,71.13,564807.0
2018-08-30 04:00:00,70.92,71.28,70.72,71.01,641857.0
2018-08-31 04:00:00,70.9,71.31,70.4,70.77,967331.0
2018-09-04 04:00:00,70.8,71.35,70.29,71.23,925266.0
2018-09-05 04:00:00,71.14,71.2,70.64,70.73,877756.0
2018-09-06 04:00:00,70.64,71.16,70.26,70.95,479033.0
2018-09-07 04:00:00,70.82,70.82,69.57,69.83,963024.0
2018-09-10 04:00:00,70.28,70.54,69.48,70.0,825842.0
2018-09-11 04:00:00,69.77,70.68,69.64,70.21,818359.0
2018-09-12 04:00:00,70.15,70.585,69.91,70.21,763880.0
2018-09-13 04:00:00,70.36,70.99,70.25,70.88,849586.0
2018-09-14 04:00:00,70.69,71.34,70.57,71.17,1217074.0
2018-09-17 04:00:00,71.24,71.45,70.4,70.58,1219117.0
2018-09-18 04:00:00,70.52,70.9,70.02,70.24,686975.0
2018-09-19 04:00:00,70.31,70.39,68.04,68.44,834433.0
2018-09-20 04:00:00,68.65,68.96,67.74,68.75,1558883.0
2018-09-21 04:00:00,68.94,69.85,68.78,69.76,3340282.0
2018-09-24 04:00:00,69.49,69.77,67.83,68.0,1264218.0
2018-09-25 04:00:00,68.42,68.86,67.93,68.84,1194130.0
2018-09-26 04:00:00,68.92,69.47,67.85,67.94,793229.0
2018-09-27 04:00:00,67.83,68.66,67.76,68.43,856810.0
2018-09-28 04:00:00,68.34,69.3,68.19,69.16,1153708.0
2018-10-01 04:00:00,69.54,69.54,67.71,67.86,773070.0
2018-10-02 04:00:00,67.86,68.63,67.59,68.53,563577.0
2018-10-03 04:00:00,68.57,68.85,67.65,67.72,359730.0
2018-10-04 04:00:00,67.53,67.78,67.0916,67.7,477046.0
2018-10-05 04:00:00,67.77,68.56,67.25,67.51,478068.0
2018-10-08 04:00:00,67.39,67.495,66.645,67.19,347519.0
2018-10-09 04:00:00,66.88,67.59,66.73,67.2,514837.0
2018-10-10 04:00:00,66.87,67.33,66.0,66.03,1314247.0
2018-10-11 04:00:00,65.73,66.08,64.64,64.75,994638.0
2018-10-12 04:00:00,65.9,65.9,63.96,65.08,866319.0
2018-10-15 04:00:00,64.45,66.29,64.45,65.89,688861.0
2018-10-16 04:00:00,66.38,67.69,65.78,67.63,557616.0
2018-10-17 04:00:00,67.57,67.9,67.05,67.7,1129151.0
2018-10-18 04:00:00,67.6,67.95,66.5,66.71,1057254.0
2018-10-19 04:00:00,66.95,68.1,66.95,67.57,765125.0
2018-10-22 04:00:00,67.62,68.02,66.85,67.14,1223659.0
2018-10-23 04:00:00,66.2,66.965,65.04,66.46,1050932.0
2018-10-24 04:00:00,66.3,66.34,62.61,62.61,1592038.0
2018-10-25 04:00:00,62.47,63.69,59.61,61.22,1876211.0
2018-10-26 04:00:00,60.22,61.6,59.42,61.23,1421297.0
2018-10-29 04:00:00,61.98,63.85,61.25,61.83,1903765.0
2018-10-30 04:00:00,61.86,63.18,61.71,63.12,900031.0
2018-10-31 04:00:00,63.73,65.34,63.66,64.78,1103003.0
2018-11-01 04:00:00,65.0,65.23,63.21,63.36,1442446.0
2018-11-02 04:00:00,63.71,63.99,62.11,62.4,1157925.0
2018-11-05 05:00:00,62.51,63.05,61.94,62.57,985914.0
2018-11-06 05:00:00,62.75,64.225,62.22,63.51,1000053.0
2018-11-07 05:00:00,64.23,65.73,63.82,65.65,900584.0
2018-11-08 05:00:00,65.48,66.0675,65.175,65.83,1000476.0
2018-11-09 05:00:00,65.61,66.17,65.17,65.23,739477.0
2018-11-12 05:00:00,65.1,65.775,64.15,64.38,1059086.0
2018-11-13 05:00:00,64.66,64.92,64.15,64.46,817750.0
2018-11-14 05:00:00,64.89,65.22,63.21,63.29,879764.0
2018-11-15 05:00:00,63.0,64.59,63.0,64.35,983145.0
2018-11-16 05:00:00,64.01,65.03,63.92,64.69,957984.0
2018-11-19 05:00:00,64.43,64.5,63.48,63.91,1027284.0
2018-11-20 05:00:00,62.95,63.66,62.41,62.44,1019079.0
2018-11-21 05:00:00,62.61,63.76,62.42,63.04,667311.0
2018-11-23 05:00:00,62.52,63.64,62.44,62.9,182778.0
2018-11-26 05:00:00,63.39,63.97,62.87,63.8,1403336.0
2018-11-27 05:00:00,63.61,63.75,62.75,62.75,938681.0
2018-11-28 05:00:00,63.12,63.45,62.39,63.22,1212177.0
2018-11-29 05:00:00,62.97,63.3,62.02,62.08,1211130.0
2018-11-30 05:00:00,62.09,63.03,62.02,63.0,1831569.0
2018-12-03 05:00:00,63.83,63.97,62.125,62.58,1138793.0
2018-12-04 05:00:00,62.45,62.47,58.79,58.95,1450941.0
2018-12-06 05:00:00,58.27,60.285,57.6847,60.26,1267842.0
2018-12-07 05:00:00,59.95,60.34,58.5627,58.87,638312.0
2018-12-10 05:00:00,59.33,60.06,58.55,59.48,694383.0
2018-12-11 05:00:00,60.24,60.45,58.13,58.58,716952.0
2018-12-12 05:00:00,59.46,60.27,59.2,59.48,935151.0
2018-12-13 05:00:00,59.66,59.7131,58.29,58.44,710873.0
2018-12-14 05:00:00,57.76,57.98,56.73,57.05,1033330.0
2018-12-17 05:00:00,56.75,57.25,55.26,55.51,1203478.0
2018-12-18 05:00:00,55.93,56.15,55.245,55.45,1389912.0
2018-12-19 05:00:00,55.44,55.99,54.13,54.49,860873.0
2018-12-20 05:00:00,54.28,54.925,53.12,53.63,1182752.0
2018-12-21 05:00:00,53.57,53.98,50.85,51.41,3625899.0
2018-12-24 05:00:00,50.87,51.41,50.375,50.54,656728.0
2018-12-26 05:00:00,50.9,52.44,50.33,52.39,762931.0
2018-12-27 05:00:00,51.69,52.57,50.97,52.56,1510077.0
2018-12-28 05:00:00,52.65,53.07,51.85,52.4,868299.0
2018-12-31 05:00:00,52.7,52.97,51.78,52.72,776862.0
2019-01-02 05:00:00,51.97,52.7,51.29,52.05,584129.0
2019-01-03 05:00:00,51.5,51.78,50.66,51.33,1005950.0
2019-01-04 05:00:00,52.17,53.88,52.17,53.38,1456300.0
2019-01-07 05:00:00,53.52,53.785,52.95,53.5,1376933.0
2019-01-08 05:00:00,54.04,54.37,53.3,53.91,577768.0
2019-01-09 05:00:00,54.24,54.95,53.4,54.57,935957.0
2019-01-10 05:00:00,54.4,54.92,54.08,54.91,406569.0
2019-01-11 05:00:00,54.58,55.54,54.3,55.42,510202.0
2019-01-14 05:00:00,54.99,55.75,54.78,55.33,820321.0
2019-01-15 05:00:00,55.33,55.655,55.07,55.39,452987.0
2019-01-16 05:00:00,55.6,56.2,55.1,55.28,613650.0
2019-01-17 05:00:00,55.27,56.6,54.99,56.08,739750.0
2019-01-18 05:00:00,56.69,57.28,56.31,56.88,1011377.0
2019-01-22 05:00:00,56.51,56.8026,55.72,56.12,546246.0
2019-01-23 05:00:00,56.41,56.645,55.61,56.15,547926.0
2019-01-24 05:00:00,56.25,56.78,56.08,56.37,405576.0
2019-01-25 05:00:00,56.63,57.43,56.52,57.05,497338.0
2019-01-28 05:00:00,56.65,57.42,56.62,57.09,406535.0
2019-01-29 05:00:00,57.17,57.771,57.145,57.51,600057.0
2019-01-30 05:00:00,57.85,58.69,57.33,58.19,605087.0
2019-01-31 05:00:00,58.03,58.525,57.75,58.0,1162023.0
2019-02-01 05:00:00,58.2,59.28,57.87,59.14,972350.0
2019-02-04 05:00:00,59.16,60.73,59.16,60.72,1165227.0
2019-02-05 05:00:00,60.76,61.39,60.65,61.28,872913.0
2019-02-06 05:00:00,61.15,61.76,60.885,61.46,1316083.0
2019-02-07 05:00:00,61.21,62.835,60.87,62.72,1020522.0
2019-02-08 05:00:00,62.18,63.03,61.78,62.08,1077766.0
2019-02-11 05:00:00,62.27,62.45,61.78,61.94,1180004.0
2019-02-12 05:00:00,62.3,62.3,61.75,62.02,1073435.0
2019-02-13 05:00:00,62.28,62.605,62.01,62.22,1230582.0
2019-02-14 05:00:00,62.22,62.63,61.7,62.33,844980.0
2019-02-15 05:00:00,62.75,63.64,62.6,63.37,1653717.0
2019-02-19 05:00:00,61.9,62.81,59.732,62.31,2484332.0
2019-02-20 05:00:00,62.1,62.28,60.695,61.68,1579279.0
2019-02-21 05:00:00,61.82,63.68,61.68,62.95,1962642.0
2019-02-22 05:00:00,63.41,64.6,62.89,64.49,1255275.0
2019-02-25 05:00:00,64.9,65.2,64.55,64.66,1009861.0
2019-02-26 05:00:00,64.65,64.86,63.53,63.55,896880.0
2019-02-27 05:00:00,63.51,64.18,63.24,63.92,970566.0
2019-02-28 05:00:00,63.93,64.705,63.8,64.59,1076158.0
2019-03-01 05:00:00,64.93,65.24,64.23,64.98,1048014.0
2019-03-04 05:00:00,65.0,65.27,63.55,64.1,1192397.0
2019-03-05 05:00:00,63.98,64.175,63.42,63.58,857803.0
2019-03-06 05:00:00,63.46,63.6,62.91,63.03,1088559.0
2019-03-07 05:00:00,62.8,62.88,61.83,62.43,967087.0
2019-03-08 05:00:00,61.84,62.5,61.74,62.44,923110.0
2019-03-11 04:00:00,62.63,63.35,62.54,63.18,717381.0
2019-03-12 04:00:00,63.18,63.45,62.95,63.03,488209.0
2019-03-13 04:00:00,63.56,63.57,62.78,63.35,1149475.0
2019-03-14 04:00:00,63.15,63.33,62.7,62.74,653220.0
2019-03-15 04:00:00,62.75,63.19,62.63,62.83,1465663.0
2019-03-18 04:00:00,63.03,63.58,62.88,63.49,834002.0
2019-03-19 04:00:00,63.66,63.795,63.18,63.3,454864.0
2019-03-20 04:00:00,63.22,63.77,62.75,63.26,753719.0
2019-03-21 04:00:00,62.77,64.09,62.68,63.75,418727.0
2019-03-22 04:00:00,63.5,63.71,62.14,62.99,1012435.0
2019-03-25 04:00:00,62.73,63.17,62.34,62.63,714142.0
2019-03-26 04:00:00,62.72,63.67,62.65,63.37,848917.0
2019-03-27 04:00:00,63.45,63.86,62.88,63.27,1564864.0
2019-03-28 04:00:00,63.49,63.88,63.18,63.73,415359.0
2019-03-29 04:00:00,64.05,64.47,63.78,64.09,779905.0
2019-04-01 04:00:00,64.5,64.96,64.16,64.89,929167.0
2019-04-02 04:00:00,64.85,64.96,63.59,63.64,993885.0
2019-04-03 04:00:00,64.08,64.33,63.47,63.68,1106228.0
2019-04-04 04:00:00,63.81,64.21,63.63,63.98,789625.0
2019-04-05 04:00:00,64.24,64.71,63.98,64.6,740545.0
2019-04-08 04:00:00,64.38,64.84,63.87,64.8,477380.0
2019-04-09 04:00:00,64.51,64.78,63.755,64.0,551180.0
2019-04-10 04:00:00,64.0,64.76,63.63,64.62,675531.0
2019-04-11 04:00:00,64.84,65.48,64.67,65.25,659129.0
2019-04-12 04:00:00,65.39,65.5,64.83,65.34,791664.0
2019-04-15 04:00:00,65.34,65.55,64.74,64.96,641512.0
2019-04-16 04:00:00,65.1,65.24,64.69,65.13,413222.0
2019-04-17 04:00:00,65.21,65.42,64.76,65.1,883658.0
2019-04-18 04:00:00,65.32,65.64,64.87,65.25,1267727.0
2019-04-22 04:00:00,65.0,65.63,64.85,65.4,880641.0
2019-04-23 04:00:00,65.64,67.2,65.494,66.51,815602.0
2019-04-24 04:00:00,66.6,66.9628,66.49,66.53,565554.0
2019-04-25 04:00:00,66.69,66.94,66.16,66.39,904641.0
2019-04-26 04:00:00,66.41,66.78,66.39,66.55,718127.0
2019-04-29 04:00:00,66.84,67.25,66.6001,66.87,1537055.0
2019-04-30 04:00:00,67.65,73.69,67.6,73.48,3289694.0
2019-05-01 04:00:00,74.11,74.36,72.85,72.85,1378937.0
2019-05-02 04:00:00,72.67,73.64,72.29,73.14,1365581.0
2019-05-03 04:00:00,73.14,74.63,72.8419,74.45,904107.0
2019-05-06 04:00:00,73.21,74.305,73.07,74.11,1532174.0
2019-05-07 04:00:00,73.61,74.19,73.15,73.53,1473457.0
2019-05-08 04:00:00,73.44,74.55,73.19,74.17,1113454.0
2019-05-09 04:00:00,73.67,75.14,73.42,75.02,984162.0
2019-05-10 04:00:00,74.62,75.795,74.2475,75.48,638908.0
2019-05-13 04:00:00,74.21,74.52,73.32,73.77,773767.0
2019-05-14 04:00:00,73.9,74.8,73.05,74.3,925487.0
2019-05-15 04:00:00,74.35,75.465,74.06,75.05,992424.0
2019-05-16 04:00:00,75.53,76.34,75.07,76.29,942490.0
2019-05-17 04:00:00,75.71,76.75,75.6,75.99,739689.0
2019-05-20 04:00:00,75.44,76.42,75.12,75.27,1009682.0
2019-05-21 04:00:00,75.84,76.79,75.58,76.73,1271803.0
2019-05-22 04:00:00,76.21,77.35,76.01,76.97,1342251.0
2019-05-23 04:00:00,76.45,76.59,75.66,76.13,1290114.0
2019-05-24 04:00:00,76.74,76.87,76.2,76.27,893542.0
2019-05-28 04:00:00,76.08,76.815,74.79,74.98,1552641.0
2019-05-29 04:00:00,74.85,75.3,74.26,74.8,1798679.0
2019-05-30 04:00:00,74.93,75.23,74.2496,74.83,1571237.0
2019-05-31 04:00:00,74.14,75.5,73.95,75.33,1403749.0
2019-06-03 04:00:00,75.33,76.28,75.0,75.92,1721803.0
2019-06-04 04:00:00,76.58,78.09,76.29,78.0,1873849.0
2019-06-05 04:00:00,78.47,78.96,77.82,78.12,1057210.0
2019-06-06 04:00:00,77.92,78.8,77.76,78.7,1114789.0
2019-06-07 04:00:00,79.0,79.67,78.72,79.42,772135.0
2019-06-10 04:00:00,79.8,80.0,78.98,79.17,1232797.0
2019-06-11 04:00:00,79.54,79.74,78.2,78.33,1235027.0
2019-06-12 04:00:00,78.4,79.25,78.04,79.25,861524.0
2019-06-13 04:00:00,79.35,79.44,77.86,78.42,887371.0
2019-06-14 04:00:00,78.24,79.02,77.78,78.84,1068824.0
2019-06-17 04:00:00,78.8,79.29,77.98,78.25,1304195.0
2019-06-18 04:00:00,78.55,79.31,78.2,78.63,1134658.0
2019-06-19 04:00:00,78.59,78.87,78.0,78.63,1316546.0
2019-06-20 04:00:00,79.29,79.735,78.82,79.66,981074.0
2019-06-21 04:00:00,79.13,79.66,78.47,78.92,1802224.0
2019-06-24 04:00:00,78.98,79.57,78.73,78.96,1159712.0
2019-06-25 04:00:00,79.24,79.51,78.91,79.13,1065297.0
2019-06-26 04:00:00,79.37,79.53,78.35,78.51,1192357.0
2019-06-27 04:00:00,78.81,79.7,78.73,79.39,811946.0
2019-06-28 04:00:00,79.55,80.13,79.27,79.85,1897514.0
2019-07-01 04:00:00,80.63,80.855,79.46,80.17,972187.0
2019-07-02 04:00:00,80.1,80.4045,79.73,80.14,587107.0
2019-07-03 04:00:00,80.44,81.48,80.16,81.4,428227.0
2019-07-05 04:00:00,81.02,82.02,80.57,82.02,598114.0
2019-07-08 04:00:00,81.83,81.83,81.04,81.41,542101.0
2019-07-09 04:00:00,80.38,81.65,80.06,81.52,809507.0
2019-07-10 04:00:00,81.96,82.5,81.06,81.5,849536.0
2019-07-11 04:00:00,81.64,82.0,80.941,81.94,756902.0
2019-07-12 04:00:00,82.13,82.46,81.52,82.43,686894.0
2019-07-15 04:00:00,82.75,82.75,82.05,82.34,438300.0
2019-07-16 04:00:00,82.23,82.66,81.75,82.04,634745.0
2019-07-17 04:00:00,82.11,82.3226,80.73,80.77,615553.0
2019-07-18 04:00:00,80.67,81.26,80.155,80.96,798350.0
2019-07-19 04:00:00,81.36,81.57,79.55,79.59,959766.0
2019-07-22 04:00:00,79.85,80.2,79.505,79.58,737154.0
2019-07-23 04:00:00,80.12,80.86,79.58,80.83,690752.0
2019-07-24 04:00:00,80.65,81.82,80.54,81.6,752185.0
2019-07-25 04:00:00,81.71,81.71,81.06,81.15,940288.0
2019-07-26 04:00:00,81.24,82.49,81.24,82.43,951865.0
2019-07-29 04:00:00,82.57,84.32,82.23,83.32,1157901.0
2019-07-30 04:00:00,80.66,84.97,80.0,84.38,1467771.0
2019-07-31 04:00:00,84.39,84.76,81.16,82.1,1715968.0
2019-08-01 04:00:00,82.48,85.47,82.4,83.41,1446219.0
2019-08-02 04:00:00,81.6,82.27,80.04,81.86,3358459.0
2019-08-05 04:00:00,80.62,81.02,78.34,78.98,2005990.0
2019-08-06 04:00:00,79.49,80.26,78.48,80.04,1938332.0
2019-08-07 04:00:00,79.5,81.18,78.56,80.57,2046713.0
2019-08-08 04:00:00,81.28,84.05,81.2,83.9,34119511.0
2019-08-09 04:00:00,83.06,83.7,82.03,83.06,1565707.0
2019-08-12 04:00:00,83.2,84.395,82.585,83.03,1405292.0
2019-08-13 04:00:00,82.84,84.5,82.74,84.27,1750871.0
2019-08-14 04:00:00,83.42,84.05,82.33,82.82,1738411.0
2019-08-15 04:00:00,83.0,83.45,82.41,82.91,1017201.0
2019-08-16 04:00:00,83.56,84.14,83.49,83.82,1392352.0
2019-08-19 04:00:00,85.0,85.62,84.71,85.08,1551595.0
2019-08-20 04:00:00,85.13,85.56,84.4,84.47,1345536.0
2019-08-21 04:00:00,85.47,85.54,84.88,85.54,827018.0
2019-08-22 04:00:00,85.86,85.86,84.61,85.56,1100290.0
2019-08-23 04:00:00,85.17,85.85,83.07,83.41,1349939.0
2019-08-26 04:00:00,83.84,84.33,83.22,84.3,1509389.0
2019-08-27 04:00:00,84.87,85.16,84.14,85.03,1460363.0
2019-08-28 04:00:00,84.57,85.93,84.14,85.72,1590046.0
2019-08-29 04:00:00,86.31,87.53,86.31,87.2,1226581.0
2019-08-30 04:00:00,87.83,88.29,86.89,87.36,1164591.0
2019-09-03 04:00:00,86.81,87.23,85.99,86.35,1644289.0
2019-09-04 04:00:00,87.12,87.86,87.02,87.62,698272.0
2019-09-05 04:00:00,88.58,88.98,88.03,88.82,1260682.0
2019-09-06 04:00:00,88.99,89.0,87.46,87.62,967266.0
2019-09-09 04:00:00,87.78,88.03,84.16,84.92,1702228.0
2019-09-10 04:00:00,84.63,84.63,83.3,83.99,1725557.0
2019-09-11 04:00:00,83.9,85.24,83.33,85.24,1290363.0
2019-09-12 04:00:00,85.89,87.05,85.59,86.35,1132336.0
2019-09-13 04:00:00,86.27,86.79,85.63,85.82,1029411.0
2019-09-16 04:00:00,85.53,86.64,85.3169,86.3,849339.0
2019-09-17 04:00:00,86.47,87.01,86.05,86.7,1007769.0
2019-09-18 04:00:00,86.57,87.65,86.4,87.6,733340.0
2019-09-19 04:00:00,87.8,88.25,87.19,87.37,943941.0
2019-09-20 04:00:00,87.74,88.12,86.24,86.33,3855522.0
2019-09-23 04:00:00,85.98,86.29,85.0,85.69,1237572.0
2019-09-24 04:00:00,86.31,86.96,85.33,86.01,1190245.0
2019-09-25 04:00:00,86.17,87.1993,85.46,87.04,1123286.0
2019-09-26 04:00:00,87.11,87.44,86.23,87.13,763750.0
2019-09-27 04:00:00,87.52,87.52,84.33,85.02,880466.0
2019-09-30 04:00:00,85.02,86.32,84.98,85.88,912307.0
2019-10-01 04:00:00,86.12,86.355,84.5,84.78,698889.0
2019-10-02 04:00:00,84.0,84.08,82.11,82.96,1231029.0
2019-10-03 04:00:00,83.02,83.45,82.12,83.0,700176.0
2019-10-04 04:00:00,83.45,83.82,82.75,83.63,2939648.0
2019-10-07 04:00:00,83.63,84.48,83.47,83.8,1085895.0
2019-10-08 04:00:00,83.14,83.14,81.83,81.84,1116223.0
2019-10-09 04:00:00,82.46,82.845,81.72,82.7,1022866.0
2019-10-10 04:00:00,82.77,83.68,82.75,83.05,1406169.0
2019-10-11 04:00:00,83.71,84.28,83.12,83.16,1071699.0
2019-10-14 04:00:00,83.47,83.63,82.265,82.46,721280.0
2019-10-15 04:00:00,82.6,83.56,82.21,82.23,1329953.0
2019-10-16 04:00:00,81.76,82.29,81.08,81.34,1372961.0
2019-10-17 04:00:00,81.64,81.895,80.9,81.71,1239938.0
2019-10-18 04:00:00,81.53,81.8,80.91,81.62,1323452.0
2019-10-21 04:00:00,81.75,81.75,80.6,80.84,1247828.0
2019-10-22 04:00:00,80.88,81.1065,79.08,79.29,1061086.0
2019-10-23 04:00:00,79.1,80.14,78.99,79.24,816800.0
2019-10-24 04:00:00,79.42,80.08,78.8,80.04,725101.0
2019-10-25 04:00:00,79.78,80.31,79.345,79.98,775876.0
2019-10-28 04:00:00,80.42,81.02,80.22,80.81,1155395.0
2019-10-29 04:00:00,83.6,86.75,82.71,86.39,3129879.0
2019-10-30 04:00:00,86.91,87.32,86.305,86.69,1210273.0
2019-10-31 04:00:00,86.82,87.952,86.12,86.23,1196196.0
2019-11-01 04:00:00,86.24,87.07,85.22,85.33,948131.0
2019-11-04 05:00:00,85.49,86.0,84.97,85.78,1245319.0
2019-11-05 05:00:00,85.85,86.23,82.76,83.18,1403448.0
2019-11-06 05:00:00,83.11,85.3,82.68,85.13,1309366.0
2019-11-07 05:00:00,85.67,86.31,85.28,86.0,945250.0
2019-11-08 05:00:00,85.77,87.2,85.71,87.2,966300.0
2019-11-11 05:00:00,86.4,88.0,86.4,87.67,1140861.0
2019-11-12 05:00:00,87.49,89.08,87.49,89.01,962553.0
2019-11-13 05:00:00,88.93,90.19,88.6,89.49,892428.0
2019-11-14 05:00:00,89.62,90.48,89.2791,90.44,499410.0
2019-11-15 05:00:00,90.86,91.46,90.416,91.03,837639.0
2019-11-18 05:00:00,90.56,92.42,90.56,91.39,858541.0
2019-11-19 05:00:00,91.75,92.42,91.61,91.71,1005327.0
2019-11-20 05:00:00,91.36,91.87,90.76,91.66,696644.0
2019-11-21 05:00:00,91.66,91.99,90.02,90.05,777873.0
2019-11-22 05:00:00,90.08,90.35,87.92,88.5,1139566.0
2019-11-25 05:00:00,88.68,90.11,88.58,90.03,1051245.0
2019-11-26 05:00:00,90.02,90.76,90.0,90.71,927890.0
2019-11-27 05:00:00,90.98,91.05,90.25,90.98,535606.0
2019-11-29 05:00:00,90.93,91.19,90.375,90.84,278810.0
2019-12-02 05:00:00,90.64,90.725,88.81,89.85,778413.0
2019-12-03 05:00:00,88.72,89.805,88.39,89.66,1150369.0
2019-12-04 05:00:00,89.79,90.76,89.12,89.74,832255.0
2019-12-05 05:00:00,89.92,90.17,89.41,89.95,527860.0
2019-12-06 05:00:00,90.47,90.845,89.33,90.68,737777.0
2019-12-09 05:00:00,90.59,91.07,90.08,90.1,942558.0
2019-12-10 05:00:00,90.22,90.49,89.5,89.64,478651.0
2019-12-11 05:00:00,91.11,92.13,89.1172,92.08,1405956.0
2019-12-12 05:00:00,91.9,91.9,90.42,91.19,1229156.0
2019-12-13 05:00:00,90.6,92.04,90.03,91.84,579435.0
2019-12-16 05:00:00,92.44,92.5,91.395,91.64,1415890.0
2019-12-17 05:00:00,91.62,92.04,90.99,91.53,591815.0
2019-12-18 05:00:00,93.46,96.1,93.36,95.68,1967478.0
2019-12-19 05:00:00,95.44,96.55,94.36,96.28,1349542.0
2019-12-20 05:00:00,97.24,98.03,96.27,98.01,2325098.0
2019-12-23 05:00:00,98.39,98.655,97.23,97.82,740558.0
2019-12-24 05:00:00,97.57,98.34,97.57,98.03,249538.0
2019-12-26 05:00:00,97.95,98.76,97.95,98.53,515903.0
2019-12-27 05:00:00,98.71,98.715,97.57,98.23,603665.0
2019-12-30 05:00:00,98.13,98.22,97.13,98.07,614627.0
2019-12-31 05:00:00,97.71,98.71,97.565,97.89,634008.0
2020-01-02 05:00:00,98.44,98.6432,97.82,98.62,803510.0
2020-01-03 05:00:00,97.54,99.87,97.41,99.48,1042605.0
2020-01-06 05:00:00,99.0,100.44,98.682,100.36,810776.0
2020-01-07 05:00:00,99.91,100.77,99.7,99.99,501255.0
2020-01-08 05:00:00,99.99,101.08,99.81,99.87,1068571.0
2020-01-09 05:00:00,99.85,101.46,99.75,101.08,778134.0
2020-01-10 05:00:00,101.47,101.63,100.93,101.02,540673.0
2020-01-13 05:00:00,101.41,101.82,100.83,101.15,878873.0
2020-01-14 05:00:00,101.45,101.57,100.73,100.79,615009.0
2020-01-15 05:00:00,101.12,102.42,100.76,102.14,910373.0
2020-01-16 05:00:00,102.61,102.68,101.56,102.29,606862.0
2020-01-17 05:00:00,102.41,103.47,102.11,103.39,746094.0
2020-01-21 05:00:00,102.93,103.69,102.85,103.27,644887.0
2020-01-22 05:00:00,104.01,104.36,102.1511,102.47,947416.0
2020-01-23 05:00:00,102.55,102.83,101.57,102.63,799166.0
2020-01-24 05:00:00,102.79,102.9483,101.18,101.62,635829.0
2020-01-27 05:00:00,100.15,101.369,99.3,100.77,617918.0
2020-01-28 05:00:00,101.27,102.81,100.96,102.31,518825.0
2020-01-29 05:00:00,102.65,102.87,101.68,101.83,556694.0
2020-01-30 05:00:00,101.27,102.7,100.53,102.58,541671.0
2020-01-31 05:00:00,102.57,102.74,100.38,100.47,911801.0
2020-02-03 05:00:00,101.67,103.29,101.23,102.46,961052.0
2020-02-04 05:00:00,103.19,106.245,103.19,105.31,927041.0
2020-02-05 05:00:00,105.54,106.75,104.92,106.63,838874.0
2020-02-06 05:00:00,113.2,113.2,109.72,109.96,1199067.0
2020-02-07 05:00:00,109.47,110.96,109.11,110.11,996648.0
2020-02-10 05:00:00,110.02,111.04,109.845,110.6,818594.0
2020-02-11 05:00:00,111.03,112.41,110.955,112.14,721855.0
2020-02-12 05:00:00,112.12,112.32,110.09,111.0,1088216.0
2020-02-13 05:00:00,110.48,113.16,110.48,113.1,887856.0
2020-02-14 05:00:00,113.65,113.75,112.34,112.81,1166678.0
2020-02-18 05:00:00,116.9,125.84,116.89,123.22,2248368.0
2020-02-19 05:00:00,124.0,124.35,119.71,120.33,1623294.0
2020-02-20 05:00:00,120.48,122.25,118.21,119.27,1088908.0
2020-02-21 05:00:00,118.79,118.95,115.51,117.22,1165775.0
2020-02-24 05:00:00,114.11,115.36,112.6,113.83,1260803.0
2020-02-25 05:00:00,113.93,114.47,109.0,109.15,1302993.0
2020-02-26 05:00:00,110.0,111.83,109.31,110.82,1249637.0
2020-02-27 05:00:00,108.68,108.97,105.03,105.11,1777281.0
2020-02-28 05:00:00,103.04,103.3,100.14,102.65,1716386.0
2020-03-02 05:00:00,104.28,110.07,102.93,110.06,1464583.0
2020-03-03 05:00:00,112.63,113.71,108.98,109.33,1776259.0
2020-03-04 05:00:00,111.15,112.8,108.42,112.33,1040851.0
2020-03-05 05:00:00,109.67,111.0,106.7,107.57,910217.0
2020-03-06 05:00:00,103.74,106.37,101.7037,105.68,1263969.0
2020-03-09 04:00:00,98.58,102.57,96.47,97.53,1844048.0
2020-03-10 04:00:00,100.41,102.84,94.91,102.79,1501086.0
2020-03-11 04:00:00,99.72,100.3186,95.34,97.97,1446729.0
2020-03-12 04:00:00,90.87,94.93,85.41,85.8,1762972.0
2020-03-13 04:00:00,90.14,90.78,80.0,90.31,1890434.0
2020-03-16 04:00:00,78.8,86.66,76.31,78.0,2061719.0
2020-03-17 04:00:00,79.57,84.295,77.32,81.38,2570853.0
2020-03-18 04:00:00,75.21,80.21,68.5,77.76,1933230.0
2020-03-19 04:00:00,76.39,78.8,73.83,75.91,1365773.0
2020-03-20 04:00:00,77.18,77.64,71.13,72.51,1759612.0
2020-03-23 04:00:00,71.43,74.79,68.0,70.83,1515223.0
2020-03-24 04:00:00,75.36,78.96,73.86,78.46,1119353.0
2020-03-25 04:00:00,79.38,88.8,77.82,86.12,1532740.0
2020-03-26 04:00:00,87.36,92.94,87.02,92.56,1205398.0
2020-03-27 04:00:00,89.25,95.86,89.1142,93.44,1390593.0
2020-03-30 04:00:00,93.52,94.83,90.6345,93.43,1358997.0
2020-03-31 04:00:00,93.12,96.45,91.2,91.65,1814429.0
2020-04-01 04:00:00,88.1,89.59,86.02,87.15,1070519.0
2020-04-02 04:00:00,86.51,89.095,85.62,88.63,2449187.0
2020-04-03 04:00:00,88.0,88.81,86.08,87.94,1884630.0
2020-04-06 04:00:00,92.33,95.87,90.93,94.89,1161186.0
2020-04-07 04:00:00,99.19,99.87,92.57,92.6,1182281.0
2020-04-08 04:00:00,93.11,96.2,92.65,95.44,1000928.0
2020-04-09 04:00:00,96.22,98.23,94.75,95.46,1101371.0
2020-04-13 04:00:00,94.67,94.719,90.97,92.08,1139353.0
2020-04-14 04:00:00,93.8,95.77,92.615,95.57,1609267.0
2020-04-15 04:00:00,93.01,93.87,90.96,92.71,1089415.0
2020-04-16 04:00:00,92.85,93.25,89.63,92.85,1437756.0
2020-04-17 04:00:00,94.85,99.36,94.26,99.28,1576018.0
2020-04-20 04:00:00,98.69,101.09,97.53,98.6,1020094.0
2020-04-21 04:00:00,96.18,96.87,93.8,94.56,776578.0
2020-04-22 04:00:00,96.54,98.63,95.3,97.61,927651.0
2020-04-23 04:00:00,98.15,100.46,97.55,98.86,1470710.0
2020-04-24 04:00:00,99.52,102.34,98.02,101.95,1591989.0
2020-04-27 04:00:00,102.79,103.88,100.57,102.8,846767.0
2020-04-28 04:00:00,103.82,104.42,102.06,102.32,887032.0
2020-04-29 04:00:00,104.14,104.63,102.83,102.96,1075968.0
2020-04-30 04:00:00,101.82,101.82,98.55,98.81,1073212.0
2020-05-01 04:00:00,97.03,98.27,96.0,97.89,784524.0
2020-05-04 04:00:00,97.89,99.9,96.605,98.91,1095051.0
2020-05-05 04:00:00,95.0,99.69,94.18,98.44,1547056.0
2020-05-06 04:00:00,98.44,98.83,96.45,97.18,1014133.0
2020-05-07 04:00:00,98.45,101.14,97.6,100.38,916587.0
2020-05-08 04:00:00,101.75,103.1,100.915,102.7,903580.0
2020-05-11 04:00:00,101.61,103.2519,101.08,102.07,1229565.0
2020-05-12 04:00:00,102.35,102.73,99.91,99.91,1327542.0
2020-05-13 04:00:00,98.92,99.46,94.35,95.51,1185251.0
2020-05-14 04:00:00,93.85,95.885,91.67,95.83,951184.0
2020-05-15 04:00:00,95.17,97.705,94.47,96.82,613030.0
2020-05-18 04:00:00,98.9,99.83,98.43,98.73,712450.0
2020-05-19 04:00:00,98.74,99.65,97.66,97.82,880145.0
2020-05-20 04:00:00,98.37,99.4,97.9,98.91,972037.0
2020-05-21 04:00:00,98.52,99.62,97.7417,99.4,547821.0
2020-05-22 04:00:00,99.89,101.12,98.35,100.96,610595.0
2020-05-26 04:00:00,102.93,103.52,102.08,102.25,1638404.0
2020-05-27 04:00:00,102.47,103.14,100.8,102.76,1052358.0
2020-05-28 04:00:00,103.59,105.71,102.05,104.36,928920.0
2020-05-29 04:00:00,104.46,105.64,103.555,105.29,1030761.0
2020-06-01 04:00:00,105.19,106.94,104.89,105.98,636868.0
2020-06-02 04:00:00,106.04,106.215,102.74,104.53,1027620.0
2020-06-03 04:00:00,104.81,107.96,104.78,107.26,758963.0
2020-06-04 04:00:00,106.46,108.1,105.19,105.97,1058854.0
2020-06-05 04:00:00,107.6,108.48,105.78,106.05,836415.0
2020-06-08 04:00:00,105.26,106.54,103.86,106.54,947317.0
2020-06-09 04:00:00,105.98,106.23,104.24,105.69,635686.0
2020-06-10 04:00:00,105.96,106.133,103.03,104.77,823842.0
2020-06-11 04:00:00,103.68,103.794,100.34,100.37,1094880.0
2020-06-12 04:00:00,102.56,103.59,97.69,98.91,1100914.0
2020-06-15 04:00:00,96.98,99.12,94.7133,98.62,991526.0
2020-06-16 04:00:00,101.38,102.03,99.19,100.29,1029444.0
2020-06-17 04:00:00,101.01,101.7,99.79,100.19,1081025.0
2020-06-18 04:00:00,99.48,100.23,97.91,99.33,1015388.0
2020-06-19 04:00:00,101.42,101.42,96.53,96.7,1861922.0
2020-06-22 04:00:00,96.29,97.92,96.05,96.89,1074902.0
2020-06-23 04:00:00,98.2,98.29,96.14,96.17,1298190.0
2020-06-24 04:00:00,95.72,95.97,92.935,93.25,1384824.0
2020-06-25 04:00:00,92.6,92.76,90.56,92.72,1010423.0
2020-06-26 04:00:00,92.28,92.52,89.56,89.78,2315209.0
2020-06-29 04:00:00,90.1,92.26,89.87,92.2,903516.0
2020-06-30 04:00:00,92.07,93.92,91.95,93.67,1075951.0
2020-07-01 04:00:00,93.73,94.3,92.46,93.31,1754029.0
2020-07-02 04:00:00,94.62,95.275,93.51,93.64,770538.0
2020-07-06 04:00:00,94.78,94.78,88.1481,88.45,1668535.0
2020-07-07 04:00:00,87.88,89.49,87.61,87.89,1733970.0
2020-07-08 04:00:00,88.13,88.28,86.09,88.06,1382092.0
2020-07-09 04:00:00,88.0,88.215,85.66,86.41,1563529.0
2020-07-10 04:00:00,86.58,88.1,86.51,87.91,995266.0
2020-07-13 04:00:00,88.55,88.96,84.78,85.04,1169948.0
2020-07-14 04:00:00,84.66,86.23,84.05,86.2,1435172.0
2020-07-15 04:00:00,87.71,88.57,87.42,87.82,759049.0
2020-07-16 04:00:00,87.13,87.37,85.88,86.58,814798.0
2020-07-17 04:00:00,87.15,88.59,86.63,88.17,1145832.0
2020-07-20 04:00:00,87.7,88.73,87.51,88.64,775379.0
2020-07-21 04:00:00,88.71,90.54,88.63,89.11,1007212.0
2020-07-22 04:00:00,89.08,91.65,88.99,91.37,631851.0
2020-07-23 04:00:00,91.33,92.2,90.39,90.67,655084.0
2020-07-24 04:00:00,90.36,91.32,90.11,91.07,767233.0
2020-07-27 04:00:00,90.66,91.0332,89.65,90.16,870952.0
2020-07-28 04:00:00,90.0,91.47,89.85,90.18,929853.0
2020-07-29 04:00:00,90.86,92.19,90.59,91.97,976364.0
2020-07-30 04:00:00,91.01,92.54,90.81,92.36,639786.0
2020-07-31 04:00:00,92.37,95.19,91.52,95.16,1127405.0
2020-08-03 04:00:00,95.36,98.59,94.9,98.3,1207959.0
2020-08-04 04:00:00,98.41,99.88,91.34,92.27,2484380.0
2020-08-05 04:00:00,92.11,92.735,89.33,89.73,1247992.0
2020-08-06 04:00:00,89.95,91.58,89.555,91.01,1250297.0
2020-08-07 04:00:00,91.21,93.82,90.68,93.21,1518837.0
2020-08-10 04:00:00,92.87,95.28,92.87,94.42,1151868.0
2020-08-11 04:00:00,94.86,96.7,94.71,95.95,1455657.0
2020-08-12 04:00:00,96.21,96.7399,93.14,94.41,1299696.0
2020-08-13 04:00:00,94.0,95.5231,94.0,94.39,1006095.0
2020-08-14 04:00:00,94.33,95.34,94.21,94.72,627331.0
2020-08-17 04:00:00,94.79,95.2,91.97,92.24,907846.0
2020-08-18 04:00:00,92.25,92.78,91.51,91.81,871696.0
2020-08-19 04:00:00,91.83,93.23,91.59,92.6,872073.0
2020-08-20 04:00:00,91.88,92.04,90.805,91.02,801785.0
2020-08-21 04:00:00,91.2,91.37,88.9432,89.17,1072217.0
2020-08-24 04:00:00,89.59,90.82,89.1,90.81,845052.0
2020-08-25 04:00:00,90.96,91.9348,90.4,90.62,604767.0
2020-08-26 04:00:00,90.45,90.8,89.05,90.54,815290.0
2020-08-27 04:00:00,90.85,91.87,90.43,91.68,649297.0
2020-08-28 04:00:00,92.22,92.22,90.73,91.31,573523.0
2020-08-31 04:00:00,90.83,90.87,88.96,90.49,1511355.0
2020-09-01 04:00:00,90.06,90.37,88.2,89.7,950867.0
2020-09-02 04:00:00,89.82,91.88,89.5,91.64,919139.0
2020-09-03 04:00:00,91.75,91.75,88.22,89.01,1163047.0
2020-09-04 04:00:00,89.26,90.47,86.96,88.49,1064859.0
2020-09-08 04:00:00,87.13,87.9,85.63,86.55,1187999.0
2020-09-09 04:00:00,87.43,87.89,86.3,87.17,812561.0
2020-09-10 04:00:00,87.59,88.0699,85.6041,85.9,979994.0
2020-09-11 04:00:00,86.76,87.39,86.33,87.17,631473.0
2020-09-14 04:00:00,87.66,89.48,87.61,88.34,722506.0
2020-09-15 04:00:00,88.72,89.79,88.45,88.74,1095231.0
2020-09-16 04:00:00,88.97,90.09,88.97,89.1,944249.0
2020-09-17 04:00:00,88.8,90.44,88.12,90.23,651297.0
2020-09-18 04:00:00,90.03,90.6,89.39,90.06,1806382.0
2020-09-21 04:00:00,88.29,88.7599,87.21,88.43,1398898.0
2020-09-22 04:00:00,90.04,91.86,88.6,91.6,903686.0
2020-09-23 04:00:00,93.02,94.42,89.73,90.0,1080766.0
2020-09-24 04:00:00,89.12,89.65,87.56,88.03,1112656.0
2020-09-25 04:00:00,87.78,92.14,87.36,91.98,791353.0
2020-09-28 04:00:00,92.55,93.13,91.44,91.57,722938.0
2020-09-29 04:00:00,91.54,91.76,89.99,90.57,451909.0
2020-09-30 04:00:00,90.58,90.89,88.71,89.15,722977.0
2020-10-01 04:00:00,89.83,90.51,87.98,90.42,824313.0
2020-10-02 04:00:00,88.85,90.94,88.67,90.39,811694.0
2020-10-05 04:00:00,90.64,90.92,88.96,89.82,572561.0
2020-10-06 04:00:00,89.98,91.71,88.83,89.01,644189.0
2020-10-07 04:00:00,89.35,89.85,87.7,88.48,951006.0
2020-10-08 04:00:00,89.16,90.575,88.84,89.19,602215.0
2020-10-09 04:00:00,90.11,91.28,89.78,90.87,979096.0
2020-10-12 04:00:00,91.14,91.14,89.24,89.71,708041.0
2020-10-13 04:00:00,89.5,90.08,87.36,88.19,844182.0
2020-10-14 04:00:00,88.27,90.16,87.72,88.49,614568.0
2020-10-15 04:00:00,87.73,89.0,87.05,87.78,649131.0
2020-10-16 04:00:00,88.33,89.1,87.74,87.83,716153.0
2020-10-19 04:00:00,88.02,88.31,85.93,86.36,627314.0
2020-10-20 04:00:00,86.78,86.92,85.65,86.13,476045.0
2020-10-21 04:00:00,85.61,86.52,84.52,84.56,1051090.0
2020-10-22 04:00:00,84.88,85.99,84.6901,85.81,754736.0
2020-10-23 04:00:00,86.46,86.93,85.34,85.8,648752.0
2020-10-26 04:00:00,85.13,85.23,82.73,83.44,716467.0
2020-10-27 04:00:00,83.58,83.9,82.25,82.7,588584.0
2020-10-28 04:00:00,81.18,81.63,79.15,79.34,736403.0
2020-10-29 04:00:00,79.4,81.65,79.21,81.25,1006997.0
2020-10-30 04:00:00,81.28,83.37,81.28,83.0,1487760.0
2020-11-02 05:00:00,84.95,87.43,84.16,85.73,1367790.0
2020-11-03 05:00:00,86.13,88.48,85.98,87.96,1064161.0
2020-11-04 05:00:00,88.69,93.7,88.69,92.32,1815436.0
2020-11-05 05:00:00,92.95,93.35,91.225,91.4,1059420.0
2020-11-06 05:00:00,90.91,90.91,89.1,90.47,816903.0
2020-11-09 05:00:00,94.37,97.5,94.065,94.63,1078356.0
2020-11-10 05:00:00,94.43,96.05,93.92,94.94,655891.0
2020-11-11 05:00:00,95.58,96.25,94.01,94.99,596509.0
2020-11-12 05:00:00,94.37,94.79,93.42,94.16,631064.0
2020-11-13 05:00:00,95.07,98.665,94.875,98.47,797526.0
2020-11-16 05:00:00,99.2,100.91,98.86,100.63,1359082.0
2020-11-17 05:00:00,99.77,100.76,97.88,100.28,1475148.0
2020-11-18 05:00:00,100.16,102.53,99.28,99.53,1104034.0
2020-11-19 05:00:00,99.34,100.59,98.52,100.34,872027.0
2020-11-20 05:00:00,100.39,101.76,98.87,100.37,1051219.0
2020-11-23 05:00:00,100.28,102.591,99.9146,102.38,748227.0
2020-11-24 05:00:00,102.68,103.52,101.97,102.57,718091.0
2020-11-25 05:00:00,102.8,102.99,101.12,102.64,537464.0
2020-11-27 05:00:00,102.34,103.18,102.045,102.28,282790.0
2020-11-30 05:00:00,101.68,101.71,100.22,100.7,1794051.0
2020-12-01 05:00:00,101.14,102.65,100.55,101.64,926612.0
2020-12-02 05:00:00,101.53,103.13,101.06,103.1,523305.0
2020-12-03 05:00:00,102.5,103.5,101.69,102.89,799857.0
2020-12-04 05:00:00,103.0,104.88,102.775,104.81,395760.0
2020-12-07 05:00:00,103.78,104.7,103.31,103.5,660239.0
2020-12-08 05:00:00,102.89,104.215,102.84,103.95,535326.0
2020-12-09 05:00:00,103.96,104.5,102.88,104.11,703378.0
2020-12-10 05:00:00,103.2,105.425,103.2,104.82,1016759.0
2020-12-11 05:00:00,104.03,106.57,103.46,105.42,857433.0
2020-12-14 05:00:00,105.49,106.66,104.13,104.13,868092.0
2020-12-15 05:00:00,104.73,104.87,103.07,104.84,1035926.0
2020-12-16 05:00:00,105.3,106.64,104.755,105.09,967394.0
2020-12-17 05:00:00,105.14,105.71,104.15,104.83,778516.0
2020-12-18 05:00:00,104.94,106.667,104.17,105.67,2229067.0
2020-12-21 05:00:00,104.23,104.36,101.59,103.13,798209.0
2020-12-22 05:00:00,102.65,103.22,101.34,102.35,816290.0
2020-12-23 05:00:00,103.05,105.36,103.05,104.61,653215.0
2020-12-24 05:00:00,105.09,105.12,103.4,104.24,198163.0
2020-12-28 05:00:00,104.91,105.41,103.86,104.78,418955.0
2020-12-29 05:00:00,105.42,105.55,103.47,103.59,375601.0
2020-12-30 05:00:00,103.67,104.99,103.67,103.98,287924.0
2020-12-31 05:00:00,103.85,105.23,103.265,105.12,350367.0
2021-01-04 05:00:00,105.05,105.38,101.7,102.44,678693.0
2021-01-05 05:00:00,102.5,103.27,101.11,102.49,706026.0
2021-01-06 05:00:00,102.02,105.145,101.68,103.99,1134277.0
2021-01-07 05:00:00,103.82,104.62,103.11,104.18,707418.0
2021-01-08 05:00:00,104.42,105.84,103.62,104.66,589863.0
2021-01-11 05:00:00,105.5,106.28,103.78,103.99,696174.0
2021-01-12 05:00:00,103.61,105.53,102.95,105.38,588821.0
2021-01-13 05:00:00,105.57,106.55,104.5,105.59,673873.0
2021-01-14 05:00:00,105.49,108.22,104.67,106.27,621720.0
2021-01-15 05:00:00,105.92,107.625,105.32,107.16,653283.0
2021-01-19 05:00:00,107.9,111.6,107.665,109.09,852911.0
2021-01-20 05:00:00,109.36,110.525,108.5053,109.64,498262.0
2021-01-21 05:00:00,109.33,110.5,108.68,109.31,566053.0
2021-01-22 05:00:00,109.0,112.57,108.5205,112.05,736290.0
2021-01-25 05:00:00,111.81,113.75,110.89,112.7,810940.0
2021-01-26 05:00:00,113.36,113.63,111.78,111.78,423251.0
2021-01-27 05:00:00,110.11,112.28,109.33,111.37,903701.0
2021-01-28 05:00:00,111.79,112.735,108.27,108.56,779005.0
2021-01-29 05:00:00,107.47,108.45,105.905,106.06,993217.0
2021-02-01 05:00:00,107.05,107.12,102.59,105.06,1044648.0
2021-02-02 05:00:00,105.82,106.42,103.96,105.82,755013.0
2021-02-03 05:00:00,105.19,105.77,103.3,103.47,863260.0
2021-02-04 05:00:00,105.5,107.27,104.24,107.27,869509.0
2021-02-05 05:00:00,106.95,108.225,106.4,106.76,732235.0
2021-02-08 05:00:00,107.36,109.02,106.91,108.09,630439.0
2021-02-09 05:00:00,108.36,110.03,107.77,109.74,548527.0
2021-02-10 05:00:00,110.02,110.485,108.46,109.35,462158.0
2021-02-11 05:00:00,108.885,110.38,108.885,109.78,545686.0
2021-02-12 05:00:00,109.23,109.62,107.47,107.8,736480.0
2021-02-16 05:00:00,108.63,108.63,103.59,105.22,1448081.0
2021-02-17 05:00:00,104.34,105.9,103.62,105.48,668478.0
2021-02-18 05:00:00,105.0,105.89,104.03,105.03,715352.0
2021-02-19 05:00:00,105.45,105.45,102.75,103.76,1083526.0
2021-02-22 05:00:00,103.55,104.76,101.88,103.8,1341127.0
2021-02-23 05:00:00,97.915,98.83,91.55,93.51,3150177.0
2021-02-24 05:00:00,92.33,92.62,89.73,90.38,1632870.0
2021-02-25 05:00:00,90.0,90.25,87.97,89.13,1724751.0
2021-02-26 05:00:00,89.05,91.25,88.43,88.45,4641585.0
2021-03-01 05:00:00,89.69,93.18,89.28,92.44,1606228.0
2021-03-02 05:00:00,91.89,92.84,90.04,90.04,1231710.0
2021-03-03 05:00:00,90.45,91.71,89.2,90.27,1330928.0
2021-03-04 05:00:00,90.27,91.1,88.17,89.08,1396728.0
2021-03-05 05:00:00,89.9,91.26,88.8471,90.72,1461349.0
2021-03-08 05:00:00,90.81,93.72,90.12,92.0,744262.0
2021-03-09 05:00:00,92.64,94.96,92.61,93.26,933169.0
2021-03-10 05:00:00,93.9,95.23,93.11,94.47,592749.0
2021-03-11 05:00:00,94.67,95.77,94.07,94.63,819676.0
2021-03-12 05:00:00,94.23,95.02,93.88,94.93,670528.0
2021-03-15 04:00:00,94.92,95.96,94.52,95.28,784206.0
2021-03-16 04:00:00,94.9,95.7298,93.54,94.65,972710.0
2021-03-17 04:00:00,95.22,97.67,94.24,97.29,794958.0
2021-03-18 04:00:00,97.0,98.55,96.35,97.01,924586.0
2021-03-19 04:00:00,97.51,97.51,94.95,94.95,1630780.0
2021-03-22 04:00:00,94.6,95.62,93.23,95.47,815479.0
2021-03-23 04:00:00,95.04,96.04,93.675,94.24,700457.0
2021-03-24 04:00:00,94.58,95.94,94.512,94.88,588843.0
2021-03-25 04:00:00,95.12,96.4,94.12,96.26,579014.0
2021-03-26 04:00:00,95.98,96.3,93.5,96.2,1156090.0
2021-03-29 04:00:00,96.19,98.59,96.0,98.18,837100.0
2021-03-30 04:00:00,97.91,98.1,95.14,96.67,695921.0
2021-03-31 04:00:00,96.57,97.08,95.54,96.28,822062.0
2021-04-01 04:00:00,96.78,97.21,95.8,96.45,613861.0
2021-04-05 04:00:00,99.18,100.35,98.31,99.92,747113.0
2021-04-06 04:00:00,99.14,100.4799,98.62,99.72,900413.0
2021-04-07 04:00:00,99.87,100.6,98.4,98.53,493747.0
2021-04-08 04:00:00,98.97,100.79,98.73,100.34,653561.0
2021-04-09 04:00:00,100.51,100.84,100.0,100.66,667047.0
2021-04-12 04:00:00,100.66,101.0,100.21,100.56,988649.0
2021-04-13 04:00:00,100.2,100.77,99.43,99.55,938226.0
2021-04-14 04:00:00,99.65,101.19,99.65,100.11,940260.0
2021-04-15 04:00:00,100.5,101.76,100.0,101.12,1077035.0
2021-04-16 04:00:00,101.34,103.25,101.11,101.21,1430285.0
2021-04-19 04:00:00,101.48,101.73,100.41,101.49,809045.0
2021-04-20 04:00:00,101.68,101.79,99.81,101.53,941998.0
2021-04-21 04:00:00,101.74,101.93,101.28,101.41,462934.0
2021-04-22 04:00:00,101.35,102.07,100.67,101.29,789683.0
2021-04-23 04:00:00,101.72,101.72,100.2,100.66,996650.0
2021-04-26 04:00:00,100.86,100.895,99.79,99.86,1026508.0
2021-04-27 04:00:00,100.05,100.91,99.7,100.27,771926.0
2021-04-28 04:00:00,100.4,100.68,98.84,99.16,810669.0
2021-04-29 04:00:00,100.11,101.75,100.06,100.82,1424757.0
2021-04-30 04:00:00,100.7,101.469,100.0,101.28,955097.0
2021-05-03 04:00:00,101.81,104.26,101.43,103.7,842206.0
2021-05-04 04:00:00,102.84,104.87,101.05,104.8,1209859.0
2021-05-05 04:00:00,105.0,105.0,102.05,103.71,888518.0
2021-05-06 04:00:00,104.38,104.78,103.28,103.9,724046.0
2021-05-07 04:00:00,103.39,104.78,103.17,104.03,650365.0
2021-05-10 04:00:00,104.46,105.98,104.46,104.48,548569.0
2021-05-11 04:00:00,103.69,105.4,102.33,104.68,1139349.0
2021-05-12 04:00:00,104.13,104.27,101.01,101.47,946722.0
2021-05-13 04:00:00,101.99,103.92,101.91,103.45,410913.0
2021-05-14 04:00:00,103.63,104.05,102.97,103.38,502997.0
2021-05-17 04:00:00,102.82,103.74,102.58,103.38,391785.0
2021-05-18 04:00:00,103.18,103.71,102.77,103.01,437770.0
2021-05-19 04:00:00,102.77,102.95,101.23,102.09,815413.0
2021-05-20 04:00:00,102.35,103.19,102.1,102.74,374892.0
2021-05-21 04:00:00,103.42,103.93,102.32,102.74,493588.0
2021-05-24 04:00:00,103.02,103.6599,102.88,102.95,349937.0
2021-05-25 04:00:00,103.17,103.17,101.96,102.36,344335.0
2021-05-26 04:00:00,102.7,103.19,102.05,102.59,581695.0
2021-05-27 04:00:00,103.45,103.52,102.765,102.91,667342.0
2021-05-28 04:00:00,103.35,103.51,102.26,102.75,750434.0
2021-06-01 04:00:00,103.59,103.76,102.78,103.2,390334.0
2021-06-02 04:00:00,103.54,104.14,103.16,103.7,539975.0
2021-06-03 04:00:00,103.4,103.84,102.92,103.54,413740.0
2021-06-04 04:00:00,103.93,104.64,103.6,104.27,515986.0
2021-06-07 04:00:00,104.39,104.89,103.78,104.43,397814.0
2021-06-08 04:00:00,105.0,105.24,104.27,104.91,643050.0
2021-06-09 04:00:00,105.18,105.43,104.4,104.93,640274.0
2021-06-10 04:00:00,105.55,106.75,105.14,106.68,360978.0
2021-06-11 04:00:00,107.06,107.06,105.79,106.89,609226.0
2021-06-14 04:00:00,106.34,106.7,105.63,106.7,430907.0
2021-06-15 04:00:00,107.0,107.61,106.31,107.16,618004.0
2021-06-16 04:00:00,107.09,107.33,105.81,105.89,580727.0
2021-06-17 04:00:00,106.61,106.7,105.18,105.9,527649.0
2021-06-18 04:00:00,104.81,105.62,103.41,103.44,1872029.0
2021-06-21 04:00:00,104.17,106.05,103.7,105.81,529776.0
2021-06-22 04:00:00,105.79,106.17,105.15,105.44,679270.0
2021-06-23 04:00:00,105.33,105.6,103.45,103.54,732317.0
2021-06-24 04:00:00,103.77,103.9,101.92,103.07,764682.0
2021-06-25 04:00:00,103.25,103.585,102.59,103.21,1271957.0
2021-06-28 04:00:00,103.35,103.69,101.5,102.11,453642.0
2021-06-29 04:00:00,101.88,102.43,100.85,100.93,473993.0
2021-06-30 04:00:00,101.66,102.0,100.63,101.1,538341.0
2021-07-01 04:00:00,101.45,103.07,101.26,103.03,517370.0
2021-07-02 04:00:00,103.3,103.305,102.45,102.56,346829.0
2021-07-06 04:00:00,102.16,102.16,99.35,101.39,775591.0
2021-07-07 04:00:00,101.51,104.05,101.51,103.99,583375.0
2021-07-08 04:00:00,103.14,104.73,102.88,103.73,754156.0
2021-07-09 04:00:00,104.64,105.72,104.16,104.84,525541.0
2021-07-12 04:00:00,104.17,105.44,104.17,105.09,750830.0
2021-07-13 04:00:00,105.32,106.18,104.56,104.73,819893.0
2021-07-14 04:00:00,104.51,104.85,102.74,104.54,416884.0
2021-07-15 04:00:00,104.13,105.72,104.13,105.45,457447.0
2021-07-16 04:00:00,105.72,106.72,105.67,106.28,512997.0
2021-07-19 04:00:00,105.47,105.71,102.05,103.25,918167.0
2021-07-20 04:00:00,103.89,105.79,103.4083,104.95,621867.0
2021-07-21 04:00:00,105.27,106.32,105.08,105.65,351997.0
2021-07-22 04:00:00,105.39,105.735,104.85,105.21,288029.0
2021-07-23 04:00:00,105.95,106.42,105.44,106.42,456775.0
2021-07-26 04:00:00,106.0,107.0979,105.795,106.46,507230.0
2021-07-27 04:00:00,106.06,107.37,105.7,106.76,569394.0
2021-07-28 04:00:00,106.37,107.23,105.58,106.53,601344.0
2021-07-29 04:00:00,107.51,107.945,106.74,106.97,822186.0
2021-07-30 04:00:00,106.85,107.76,106.13,106.42,576805.0
2021-08-02 04:00:00,106.88,108.83,106.7,107.11,564898.0
2021-08-03 04:00:00,103.99,104.0,94.23,95.39,3012265.0
2021-08-04 04:00:00,95.01,98.215,94.28,94.48,1644277.0
2021-08-05 04:00:00,95.01,95.42,93.05,94.25,1245281.0
2021-08-06 04:00:00,94.39,95.41,94.2,94.38,598234.0
2021-08-09 04:00:00,94.02,94.3145,93.44,93.71,557730.0
2021-08-10 04:00:00,93.49,94.58,92.69,94.57,862176.0
2021-08-11 04:00:00,95.0,96.77,94.7541,96.37,853113.0
2021-08-12 04:00:00,96.3,97.14,95.6,95.89,534136.0
2021-08-13 04:00:00,95.69,96.39,95.25,95.64,739563.0
2021-08-16 04:00:00,96.22,97.92,95.26,97.89,949029.0
2021-08-17 04:00:00,97.69,98.94,97.16,98.84,830367.0
2021-08-18 04:00:00,98.5,98.95,96.47,96.63,529722.0
2021-08-19 04:00:00,96.17,97.31,95.8712,96.67,499641.0
2021-08-20 04:00:00,95.66,96.63,95.301,96.31,542314.0
2021-08-23 04:00:00,96.4,96.75,95.985,96.35,420632.0
2021-08-24 04:00:00,96.3,97.27,96.13,96.74,479790.0
2021-08-25 04:00:00,96.525,97.96,96.415,97.61,604753.0
2021-08-26 04:00:00,97.46,98.04,97.0592,97.89,635533.0
2021-08-27 04:00:00,98.32,98.705,97.74,98.21,470536.0
2021-08-30 04:00:00,98.22,98.98,98.0,98.06,556104.0
2021-08-31 04:00:00,97.82,98.3,97.2,98.11,1078399.0
2021-09-01 04:00:00,98.54,98.54,96.735,97.76,467530.0
2021-09-02 04:00:00,98.07,99.48,97.62,99.16,493906.0
2021-09-03 04:00:00,99.29,99.74,98.46,99.02,599748.0
2021-09-07 04:00:00,98.62,99.0,97.07,97.7,905416.0
2021-09-08 04:00:00,97.7,99.24,97.12,98.91,773547.0
2021-09-09 04:00:00,98.96,99.42,98.59,99.06,637877.0
2021-09-10 04:00:00,99.12,99.22,97.2,97.24,676706.0
2021-09-13 04:00:00,97.55,99.52,97.55,98.24,1110612.0
2021-09-14 04:00:00,98.39,98.39,94.33,94.61,1134766.0
2021-09-15 04:00:00,94.33,95.85,93.96,94.14,1013119.0
2021-09-16 04:00:00,94.05,94.72,91.83,92.0,959517.0
2021-09-17 04:00:00,91.44,92.7,91.0338,91.81,3231076.0
2021-09-20 04:00:00,90.5,92.7,90.3277,92.23,753022.0
2021-09-21 04:00:00,92.67,92.67,90.28,90.9,653122.0
2021-09-22 04:00:00,91.8,92.78,91.655,92.21,512022.0
2021-09-23 04:00:00,92.33,93.62,92.33,93.03,462009.0
2021-09-24 04:00:00,93.42,95.02,93.045,94.75,525821.0
2021-09-27 04:00:00,94.86,96.845,94.85,96.61,859421.0
2021-09-28 04:00:00,96.84,97.18,95.76,96.56,806037.0
2021-09-29 04:00:00,96.75,98.75,96.38,97.95,892589.0
2021-09-30 04:00:00,98.66,98.77,96.12,96.13,992147.0
2021-10-01 04:00:00,96.88,97.9,95.61,97.43,513313.0
2021-10-04 04:00:00,97.03,98.62,96.3,97.86,800067.0
2021-10-05 04:00:00,97.96,97.96,95.94,96.42,903692.0
2021-10-06 04:00:00,96.12,96.99,94.57,96.94,677427.0
2021-10-07 04:00:00,97.56,98.42,95.57,97.48,932353.0
2021-10-08 04:00:00,97.42,99.19,97.04,98.88,650933.0
2021-10-11 04:00:00,99.09,99.4,97.63,97.69,592380.0
2021-10-12 04:00:00,97.43,98.77,97.17,98.26,613864.0
2021-10-13 04:00:00,98.02,98.825,96.72,98.22,480025.0
2021-10-14 04:00:00,97.78,99.69,97.77,99.48,573422.0
2021-10-15 04:00:00,100.0,101.175,99.97,100.29,604107.0
2021-10-18 04:00:00,99.38,100.27,98.69,99.69,445827.0
2021-10-19 04:00:00,100.42,100.42,99.14,99.69,370957.0
2021-10-20 04:00:00,99.56,100.98,99.21,100.31,554111.0
2021-10-21 04:00:00,100.38,101.53,99.421,101.43,520967.0
2021-10-22 04:00:00,101.68,102.68,101.61,102.04,250901.0
2021-10-25 04:00:00,102.13,102.645,101.54,101.85,545632.0
2021-10-26 04:00:00,101.37,101.8162,100.42,101.0,517380.0
2021-10-27 04:00:00,101.31,101.31,98.93,98.97,894395.0
2021-10-28 04:00:00,98.81,100.19,97.24,98.52,447234.0
2021-10-29 04:00:00,98.5,100.22,98.35,99.98,700634.0
2021-11-01 04:00:00,100.06,101.41,99.24,101.15,683550.0
2021-11-02 04:00:00,101.4,101.82,95.86,98.17,1357525.0
2021-11-03 04:00:00,97.61,98.7199,94.72,95.07,1067025.0
2021-11-04 04:00:00,94.91,95.9,94.19,94.77,774411.0
2021-11-05 04:00:00,95.28,96.8,94.64,94.69,539798.0
2021-11-08 05:00:00,94.84,96.16,94.6,95.82,699452.0
2021-11-09 05:00:00,95.75,95.75,94.26,94.38,542458.0
2021-11-10 05:00:00,94.84,95.39,93.611,94.02,516883.0
2021-11-11 05:00:00,93.75,93.8999,92.01,92.47,602743.0
2021-11-12 05:00:00,92.45,93.94,92.2,93.57,620347.0
2021-11-15 05:00:00,93.84,94.64,93.47,94.28,429367.0
2021-11-16 05:00:00,94.26,95.08,93.79,93.86,542277.0
2021-11-17 05:00:00,93.59,94.24,92.98,93.76,557126.0
2021-11-18 05:00:00,93.96,94.06,91.03,91.17,489102.0
2021-11-19 05:00:00,91.34,92.24,90.9,92.04,609665.0
2021-11-22 05:00:00,92.24,94.73,91.91,93.39,719759.0
2021-11-23 05:00:00,93.7,93.77,92.915,93.29,679772.0
2021-11-24 05:00:00,93.5,94.73,92.78,93.1,575217.0
2021-11-26 05:00:00,92.15,92.84,90.78,91.16,345696.0
2021-11-29 05:00:00,91.88,92.19,90.34,90.55,468261.0
2021-11-30 05:00:00,90.01,90.63,87.81,87.91,1052947.0
2021-12-01 05:00:00,88.84,90.13,87.45,87.46,744072.0
2021-12-02 05:00:00,87.84,89.955,87.84,89.58,682825.0
2021-12-03 05:00:00,90.07,90.38,87.87,88.6,818646.0
2021-12-06 05:00:00,89.9,91.59,89.44,90.38,1064921.0
2021-12-07 05:00:00,91.05,91.215,89.625,89.82,667875.0
2021-12-08 05:00:00,89.58,90.93,89.34,90.48,859437.0
2021-12-09 05:00:00,90.41,90.41,88.4,88.56,783626.0
2021-12-10 05:00:00,89.0,89.64,88.01,88.1,736811.0
2021-12-13 05:00:00,88.12,90.17,88.12,89.65,1196271.0
2021-12-14 05:00:00,88.92,90.24,88.17,88.27,976614.0
2021-12-15 05:00:00,87.97,88.61,87.03,87.76,878045.0
2021-12-16 05:00:00,87.85,89.89,87.8,89.02,1177212.0
2021-12-17 05:00:00,88.7,89.355,86.63,86.73,2296785.0
2021-12-20 05:00:00,85.82,86.2,82.75,84.44,926080.0
2021-12-21 05:00:00,84.86,86.87,84.71,86.43,1325669.0
2021-12-22 05:00:00,86.49,87.27,85.88,86.41,516234.0
2021-12-23 05:00:00,86.46,87.86,86.16,87.35,708709.0
2021-12-27 05:00:00,87.5,88.55,86.93,87.87,498776.0
2021-12-28 05:00:00,87.76,88.99,87.5,88.26,391719.0
2021-12-29 05:00:00,88.26,88.67,87.58,88.36,639254.0
2021-12-30 05:00:00,88.59,89.49,88.19,88.86,450991.0
2021-12-31 05:00:00,88.51,89.28,87.892,88.9,699878.0
2022-01-03 05:00:00,89.29,91.15,89.02,90.26,914109.0
2022-01-04 05:00:00,90.55,92.38,90.41,91.88,891120.0
2022-01-05 05:00:00,92.37,93.03,91.42,91.56,794688.0
2022-01-06 05:00:00,92.24,92.94,90.97,90.97,617481.0
2022-01-07 05:00:00,91.02,92.195,90.8,91.51,868965.0
2022-01-10 05:00:00,91.73,91.73,89.0301,89.71,687611.0
2022-01-11 05:00:00,89.92,91.02,89.1854,90.81,680856.0
2022-01-12 05:00:00,90.37,90.89,89.54,89.81,864951.0
2022-01-13 05:00:00,90.0,93.2,89.8,92.48,948656.0
2022-01-14 05:00:00,91.89,94.235,91.4,94.07,840116.0
2022-01-18 05:00:00,93.05,93.95,91.56,93.22,1291775.0
2022-01-19 05:00:00,93.35,94.79,92.92,93.63,876340.0
2022-01-20 05:00:00,94.01,94.54,92.85,93.06,781625.0
2022-01-21 05:00:00,93.1,93.34,91.8728,92.18,704287.0
2022-01-24 05:00:00,91.03,93.32,89.63,93.04,1155213.0
2022-01-25 05:00:00,91.95,94.5,90.89,93.32,1513811.0
2022-01-26 05:00:00,93.86,95.23,92.945,93.79,1220647.0
2022-01-27 05:00:00,93.0,93.0,87.71,88.62,1733472.0
2022-01-28 05:00:00,87.87,87.87,84.21,87.0,2071146.0
2022-01-31 05:00:00,86.49,89.88,86.49,89.45,1200143.0
2022-02-01 05:00:00,89.39,90.24,87.8,88.57,868616.0
2022-02-02 05:00:00,88.25,90.38,87.59,89.99,932694.0
2022-02-03 05:00:00,90.11,90.76,89.06,89.98,588125.0
2022-02-04 05:00:00,89.79,89.86,87.76,89.07,691065.0
2022-02-07 05:00:00,89.36,89.44,88.22,88.58,813429.0
2022-02-08 05:00:00,89.24,89.24,85.93,86.43,1263549.0
2022-02-09 05:00:00,86.77,88.48,86.43,88.43,1042140.0
2022-02-10 05:00:00,87.86,89.3,87.58,87.77,865404.0
2022-02-11 05:00:00,87.78,89.4,87.1,88.99,1115795.0
2022-02-14 05:00:00,88.99,88.99,86.62,87.36,1700067.0
2022-02-15 05:00:00,82.53,85.04,81.07,84.5,1941324.0
2022-02-16 05:00:00,84.13,88.8694,83.78,88.72,1768304.0
2022-02-17 05:00:00,87.22,91.99,87.0,91.81,1413104.0
2022-02-18 05:00:00,91.81,93.08,90.61,93.01,1780761.0
2022-02-22 05:00:00,92.93,93.05,90.23,90.69,1318610.0
2022-02-23 05:00:00,91.21,92.68,90.61,91.05,1216775.0
2022-02-24 05:00:00,91.17,95.53,90.39,95.48,1758018.0
2022-02-25 05:00:00,95.84,97.37,95.18,97.15,1254130.0
2022-02-28 05:00:00,97.4,102.22,96.9,101.84,2988370.0
2022-03-01 05:00:00,102.74,105.84,102.675,104.75,2075717.0
2022-03-02 05:00:00,104.63,104.92,101.08,104.04,1501012.0
2022-03-03 05:00:00,104.72,105.53,103.54,105.08,1395299.0
2022-03-04 05:00:00,105.1,107.77,104.51,107.71,1431944.0
2022-03-07 05:00:00,108.0,109.39,106.18,106.86,1390989.0
2022-03-08 05:00:00,106.01,106.49,101.925,102.2,1329661.0
2022-03-09 05:00:00,102.08,104.29,100.09,102.89,1323633.0
2022-03-10 05:00:00,102.34,104.17,102.02,103.02,626987.0
2022-03-11 05:00:00,103.07,104.12,101.9,101.97,735117.0
2022-03-14 04:00:00,102.14,103.35,101.31,102.45,1001822.0
2022-03-15 04:00:00,102.42,104.05,101.93,103.97,894018.0
2022-03-16 04:00:00,103.65,104.63,100.48,102.06,1209743.0
2022-03-17 04:00:00,102.56,104.84,101.55,103.99,1157518.0
2022-03-18 04:00:00,103.39,106.13,103.235,105.48,3922810.0
2022-03-21 04:00:00,105.48,108.0025,105.28,106.37,930701.0
2022-03-22 04:00:00,106.38,107.75,105.8,106.42,811616.0
2022-03-23 04:00:00,106.56,107.37,105.69,106.83,944273.0
2022-03-24 04:00:00,105.61,108.69,105.26,107.54,744447.0
2022-03-25 04:00:00,107.95,109.62,107.1,108.53,564163.0
2022-03-28 04:00:00,108.35,109.35,107.245,109.05,564112.0
2022-03-29 04:00:00,107.76,108.29,106.25,107.36,740818.0
2022-03-30 04:00:00,107.38,109.04,107.37,108.42,829745.0
2022-03-31 04:00:00,108.07,109.4,107.55,108.02,932492.0
2022-04-01 04:00:00,107.71,108.9499,106.92,108.3,598509.0
2022-04-04 04:00:00,108.24,108.32,106.32,107.23,661187.0
2022-04-05 04:00:00,107.26,108.88,106.735,107.2,866003.0
2022-04-06 04:00:00,107.32,108.65,107.2,107.48,1221414.0
2022-04-07 04:00:00,107.5,108.4,106.7,108.07,1346775.0
2022-04-08 04:00:00,108.85,109.88,107.89,107.99,746550.0
2022-04-11 04:00:00,108.31,109.46,107.47,108.17,694087.0
2022-04-12 04:00:00,108.14,109.9,108.03,108.3,495919.0
2022-04-13 04:00:00,108.55,109.58,107.74,108.73,490698.0
2022-04-14 04:00:00,109.2,110.65,108.81,109.06,584360.0
2022-04-18 04:00:00,108.78,110.32,108.43,109.26,653824.0
2022-04-19 04:00:00,109.43,110.62,109.1,109.61,588047.0
2022-04-20 04:00:00,109.97,111.12,109.6,109.87,584606.0
2022-04-21 04:00:00,110.17,110.42,109.3,109.78,638375.0
2022-04-22 04:00:00,109.32,110.19,108.14,108.25,529866.0
2022-04-25 04:00:00,107.9,107.9,105.46,107.17,1019844.0
2022-04-26 04:00:00,107.19,108.79,106.59,106.63,690594.0
2022-04-27 04:00:00,106.72,107.39,105.56,106.24,686711.0
2022-04-28 04:00:00,106.59,106.59,104.35,105.03,1047145.0
2022-04-29 04:00:00,104.85,105.73,103.16,103.51,1318486.0
2022-05-02 04:00:00,103.38,105.25,102.78,103.51,1086975.0
2022-05-03 04:00:00,102.17,103.52,99.65,102.52,1686489.0
2022-05-04 04:00:00,102.6,105.995,102.5,104.78,1284914.0
2022-05-05 04:00:00,104.77,105.25,102.88,104.06,820711.0
2022-05-06 04:00:00,103.82,104.575,102.4,103.21,684336.0
2022-05-09 04:00:00,102.49,103.21,99.11,99.38,827358.0
2022-05-10 04:00:00,99.66,102.169,99.66,101.23,1157914.0
2022-05-11 04:00:00,101.16,103.37,100.84,101.21,895542.0
2022-05-12 04:00:00,101.2,102.56,99.82,100.57,1002336.0
2022-05-13 04:00:00,100.98,102.4,100.75,101.64,518255.0
2022-05-16 04:00:00,102.26,103.71,101.66,103.2,600134.0
2022-05-17 04:00:00,103.53,104.57,102.62,104.4,534903.0
2022-05-18 04:00:00,103.94,104.24,101.31,101.69,530648.0
2022-05-19 04:00:00,100.73,102.515,100.15,101.52,676144.0
2022-05-20 04:00:00,101.51,101.51,98.88,100.6,699195.0
2022-05-23 04:00:00,101.31,102.44,100.52,101.85,584421.0
2022-05-24 04:00:00,101.85,102.4875,100.52,101.97,723064.0
2022-05-25 04:00:00,102.15,102.82,101.455,102.39,526563.0
2022-05-26 04:00:00,103.18,104.41,103.13,103.63,436157.0
2022-05-27 04:00:00,103.98,105.38,103.79,105.36,535764.0
2022-05-31 04:00:00,104.82,105.11,103.6,104.5,1031922.0
2022-06-01 04:00:00,104.85,105.053,103.15,104.74,546477.0
2022-06-02 04:00:00,104.72,105.89,102.97,105.65,500784.0
2022-06-03 04:00:00,105.27,106.23,104.7,105.78,492869.0
2022-06-06 04:00:00,106.14,106.94,105.56,105.92,591704.0
2022-06-07 04:00:00,103.78,107.31,103.45,107.07,670757.0
2022-06-08 04:00:00,106.52,106.55,103.84,103.91,404272.0
2022-06-09 04:00:00,104.14,104.6,102.78,102.83,489549.0
2022-06-10 04:00:00,101.75,101.94,100.611,100.72,640793.0
2022-06-13 04:00:00,99.28,100.53,98.3,99.4,823029.0
2022-06-14 04:00:00,98.83,99.53,96.8001,97.91,914436.0
2022-06-15 04:00:00,98.56,99.34,97.295,98.79,758797.0
2022-06-16 04:00:00,97.5,97.58,94.97,95.36,847852.0
2022-06-17 04:00:00,94.96,95.24,91.72,94.15,2671789.0
2022-06-21 04:00:00,95.66,97.22,94.74,96.9,647532.0
2022-06-22 04:00:00,95.91,97.7998,95.37,97.44,779145.0
2022-06-23 04:00:00,98.28,98.9,96.5217,97.54,626398.0
2022-06-24 04:00:00,98.54,101.83,97.91,101.57,1314275.0
2022-06-27 04:00:00,101.52,102.76,100.76,101.69,544148.0
2022-06-28 04:00:00,102.1,102.56,98.95,99.26,680817.0
2022-06-29 04:00:00,99.82,99.82,98.48,99.35,685613.0
2022-06-30 04:00:00,98.89,100.9,98.39,100.71,1158898.0
2022-07-01 04:00:00,101.06,102.71,99.57,102.45,559739.0
2022-07-05 04:00:00,101.7,101.87,97.77,99.58,703818.0
2022-07-06 04:00:00,100.14,102.27,99.625,101.28,576981.0
2022-07-07 04:00:00,101.47,102.16,101.16,101.52,538341.0
2022-07-08 04:00:00,101.59,102.35,101.315,101.63,408946.0
2022-07-11 04:00:00,100.81,102.03,100.67,101.2,287980.0
2022-07-12 04:00:00,101.0,102.24,99.41,99.81,549906.0
2022-07-13 04:00:00,98.79,100.15,98.79,98.99,787263.0
2022-07-14 04:00:00,97.92,98.33,97.09,98.21,512165.0
2022-07-15 04:00:00,99.35,99.59,98.34,98.69,872776.0
2022-07-18 04:00:00,99.01,99.38,97.79,97.88,547072.0
2022-07-19 04:00:00,98.31,100.25,97.77,100.15,978712.0
2022-07-20 04:00:00,100.28,100.935,99.56,100.03,843530.0
2022-07-21 04:00:00,100.0,100.95,99.33,100.89,828765.0
2022-07-22 04:00:00,101.29,102.36,100.86,101.45,611396.0
2022-07-25 04:00:00,101.67,103.115,101.25,102.95,609558.0
2022-07-26 04:00:00,103.23,104.03,102.865,103.51,480626.0
2022-07-27 04:00:00,103.73,103.9,102.71,103.25,621391.0
2022-07-28 04:00:00,103.41,106.405,103.215,105.87,655626.0
2022-07-29 04:00:00,106.0,107.85,105.67,107.0,652113.0
2022-08-01 04:00:00,107.0,107.0,104.9,105.15,955889.0
2022-08-02 04:00:00,102.0,102.814,97.79,100.48,1400405.0
2022-08-03 04:00:00,100.63,100.63,99.11,99.94,1130120.0
2022-08-04 04:00:00,99.77,100.77,99.09,99.31,787342.0
2022-08-05 04:00:00,98.92,100.59,98.63,100.55,406469.0
2022-08-08 04:00:00,100.82,100.9,97.9,98.35,839363.0
2022-08-09 04:00:00,98.92,99.055,97.76,98.12,723488.0
2022-08-10 04:00:00,99.17,99.41,98.38,98.64,551455.0
2022-08-11 04:00:00,98.77,98.9225,97.59,98.16,822263.0
2022-08-12 04:00:00,98.32,100.11,98.32,100.06,499226.0
2022-08-15 04:00:00,99.57,101.735,98.6,100.97,493297.0
2022-08-16 04:00:00,100.87,101.7285,100.86,101.22,510674.0
2022-08-17 04:00:00,100.7,101.49,100.29,101.15,383967.0
2022-08-18 04:00:00,101.61,101.88,101.18,101.59,318761.0
2022-08-19 04:00:00,101.57,102.64,101.1501,102.58,672976.0
2022-08-22 04:00:00,102.02,102.11,100.41,100.63,592661.0
2022-08-23 04:00:00,100.55,101.0599,100.03,100.25,500997.0
2022-08-24 04:00:00,100.48,100.6,99.36,99.58,461205.0
2022-08-25 04:00:00,99.94,100.19,99.1,99.74,372857.0
2022-08-26 04:00:00,99.87,99.975,97.16,97.2,358927.0
2022-08-29 04:00:00,96.68,97.94,95.51,97.23,545529.0
2022-08-30 04:00:00,97.34,97.57,95.77,95.81,453819.0
2022-08-31 04:00:00,96.18,96.77,94.73,95.05,1154849.0
2022-09-01 04:00:00,94.87,95.32,94.25,95.06,868815.0
2022-09-02 04:00:00,95.82,96.11,93.4,93.71,425728.0
2022-09-06 04:00:00,93.94,94.59,93.215,93.6,796511.0
2022-09-07 04:00:00,93.83,95.31,93.38,95.01,742002.0
2022-09-08 04:00:00,94.47,94.97,93.62,94.57,541062.0
2022-09-09 04:00:00,94.65,96.225,94.5,95.69,582330.0
2022-09-12 04:00:00,96.05,96.97,95.91,96.25,587497.0
2022-09-13 04:00:00,94.94,95.475,92.34,92.75,619537.0
2022-09-14 04:00:00,92.56,93.71,92.26,92.94,841868.0
2022-09-15 04:00:00,92.83,92.99,91.69,92.4,857860.0
2022-09-16 04:00:00,93.11,93.77,92.48,93.29,1764332.0
2022-09-19 04:00:00,92.69,93.48,91.82,93.2,757600.0
2022-09-20 04:00:00,93.02,93.52,92.0,93.11,1532305.0
2022-09-21 04:00:00,93.9,95.0483,91.81,91.84,712559.0
2022-09-22 04:00:00,91.64,91.64,90.38,90.68,516974.0
2022-09-23 04:00:00,90.04,90.18,87.83,88.69,655739.0
2022-09-26 04:00:00,88.39,89.51,88.02,88.39,515238.0
2022-09-27 04:00:00,89.03,89.39,87.61,88.2,527924.0
2022-09-28 04:00:00,88.8,89.31,87.515,88.93,477352.0
2022-09-29 04:00:00,88.59,88.59,87.24,88.1,783788.0
2022-09-30 04:00:00,88.25,88.915,87.38,87.47,804818.0
2022-10-03 04:00:00,88.38,91.43,88.095,90.79,627641.0
2022-10-04 04:00:00,91.47,93.42,91.38,93.36,919039.0
2022-10-05 04:00:00,92.73,93.37,92.06,92.48,524210.0
2022-10-06 04:00:00,92.26,92.315,91.045,91.63,821191.0
2022-10-07 04:00:00,91.05,91.65,90.8,91.45,652065.0
2022-10-10 04:00:00,91.98,92.87,90.9435,91.89,401860.0
2022-10-11 04:00:00,91.58,93.15,91.07,91.27,470610.0
2022-10-12 04:00:00,91.15,91.4602,89.435,89.46,695089.0
2022-10-13 04:00:00,88.01,91.4796,88.01,91.11,592021.0
2022-10-14 04:00:00,91.52,91.755,88.53,88.71,603883.0
2022-10-17 04:00:00,90.08,91.9155,90.04,91.13,550643.0
2022-10-18 04:00:00,92.46,94.32,92.26,93.73,546034.0
2022-10-19 04:00:00,93.13,93.53,92.48,93.19,587538.0
2022-10-20 04:00:00,93.36,94.18,92.825,93.35,465200.0
2022-10-21 04:00:00,93.52,95.71,92.565,95.39,541428.0
2022-10-24 04:00:00,96.3,96.98,95.59,96.08,424974.0
2022-10-25 04:00:00,95.89,97.745,95.48,97.31,585690.0
2022-10-26 04:00:00,97.95,98.4,96.51,97.51,416698.0
2022-10-27 04:00:00,97.96,100.095,97.74,99.15,534232.0
2022-10-28 04:00:00,99.53,101.83,98.93,101.74,877195.0
2022-10-31 04:00:00,101.02,102.89,100.59,101.59,992678.0
2022-11-01 04:00:00,103.06,104.95,102.56,103.55,1483358.0
2022-11-02 04:00:00,103.41,106.8,103.34,104.36,1012369.0
2022-11-03 04:00:00,103.49,107.4,102.77,106.68,1011135.0
2022-11-04 04:00:00,107.06,107.43,103.15,105.76,942923.0
2022-11-07 05:00:00,106.25,108.63,105.82,107.83,834094.0
2022-11-08 05:00:00,107.19,109.17,106.71,108.63,633517.0
2022-11-09 05:00:00,108.62,108.71,106.54,106.81,644955.0
2022-11-10 05:00:00,109.08,109.08,105.56,107.23,1213687.0
2022-11-11 05:00:00,106.7,107.29,103.16,103.38,1419425.0
2022-11-14 05:00:00,103.7,106.33,103.345,104.17,989510.0
2022-11-15 05:00:00,104.86,105.45,103.765,104.69,906404.0
2022-11-16 05:00:00,105.01,106.95,105.01,106.01,874447.0
2022-11-17 05:00:00,105.2,106.44,104.57,105.25,665670.0
2022-11-18 05:00:00,106.08,107.45,105.84,106.3,2542653.0
2022-11-21 05:00:00,106.4,108.74,106.4,107.68,880253.0
2022-11-22 05:00:00,108.31,108.71,106.91,107.47,698078.0
2022-11-23 05:00:00,107.22,107.87,106.698,107.53,785297.0
2022-11-25 05:00:00,108.2,108.89,108.0,108.89,268932.0
2022-11-28 05:00:00,108.31,108.74,107.47,108.11,571243.0
2022-11-29 05:00:00,107.9,108.87,107.2301,108.5,854714.0
2022-11-30 05:00:00,108.38,109.45,107.33,109.33,770063.0
2022-12-01 05:00:00,109.73,110.43,108.91,109.62,448896.0
2022-12-02 05:00:00,109.54,110.91,108.8,110.49,498292.0
2022-12-05 05:00:00,109.7,110.43,108.92,109.65,568494.0
2022-12-06 05:00:00,109.5,109.75,108.29,109.49,752670.0
2022-12-07 05:00:00,109.34,110.13,107.915,108.5,502973.0
2022-12-08 05:00:00,109.12,109.8,108.771,109.08,549358.0
2022-12-09 05:00:00,108.9,109.16,106.77,106.85,500691.0
2022-12-12 05:00:00,106.51,107.8,106.08,107.78,1055216.0
2022-12-13 05:00:00,109.2,109.2,105.36,106.54,1083025.0
2022-12-14 05:00:00,106.2,107.85,105.58,106.8,1464211.0
2022-12-15 05:00:00,106.31,106.56,104.335,105.28,948609.0
2022-12-16 05:00:00,104.82,105.35,103.2,104.79,2623513.0
2022-12-19 05:00:00,104.91,106.58,104.04,104.45,671049.0
2022-12-20 05:00:00,104.51,105.11,103.82,104.42,932147.0
2022-12-21 05:00:00,104.75,106.2,104.4,105.83,610639.0
2022-12-22 05:00:00,105.63,105.9,103.15,104.78,616183.0
2022-12-23 05:00:00,104.83,105.67,104.395,105.17,364483.0
2022-12-27 05:00:00,105.44,106.055,105.29,105.91,294929.0
2022-12-28 05:00:00,106.05,106.23,104.1,104.13,311389.0
2022-12-29 05:00:00,104.39,105.56,104.11,105.03,423381.0
2022-12-30 05:00:00,104.82,105.4,104.075,105.19,392218.0
2023-01-03 05:00:00,104.46,104.99,102.65,104.71,687881.0
2023-01-04 05:00:00,104.38,105.2,103.535,104.37,786313.0
2023-01-05 05:00:00,104.11,105.85,103.38,104.01,836273.0
2023-01-06 05:00:00,104.74,106.975,104.28,104.95,613700.0
2023-01-09 05:00:00,104.92,105.44,99.885,100.33,1236214.0
2023-01-10 05:00:00,100.54,100.96,99.82,99.98,601058.0
2023-01-11 05:00:00,99.88,100.0217,99.3,99.63,878583.0
2023-01-12 05:00:00,99.49,100.025,98.34,98.71,1170593.0
2023-01-13 05:00:00,97.63,98.72,97.34,98.35,931566.0
2023-01-17 05:00:00,98.92,99.11,97.78,97.84,743780.0
2023-01-18 05:00:00,97.78,98.43,95.53,95.54,1929059.0
2023-01-19 05:00:00,95.5,96.14,94.55,94.57,706529.0
2023-01-20 05:00:00,94.63,96.56,94.11,96.06,727048.0
2023-01-23 05:00:00,96.45,96.7,95.77,96.37,538271.0
2023-01-24 05:00:00,96.72,97.77,96.19,97.3,994326.0
2023-01-25 05:00:00,96.99,98.25,96.53,98.15,971711.0
2023-01-26 05:00:00,98.75,98.75,97.48,97.78,583656.0
2023-01-27 05:00:00,97.78,97.97,95.86,96.49,705895.0
2023-01-30 05:00:00,97.06,98.44,96.92,97.31,834350.0
2023-01-31 05:00:00,97.72,98.84,97.21,98.84,1197898.0
2023-02-01 05:00:00,98.63,99.16,97.49,97.83,752875.0
2023-02-02 05:00:00,97.01,98.395,96.57,97.93,659337.0
2023-02-03 05:00:00,98.11,98.535,97.11,98.06,515378.0
2023-02-06 05:00:00,98.24,99.2614,97.975,98.34,605462.0
2023-02-07 05:00:00,98.19,99.22,97.02,99.0,676556.0
2023-02-08 05:00:00,98.45,99.415,98.266,98.96,629306.0
2023-02-09 05:00:00,99.08,99.38,97.84,97.95,812451.0
2023-02-10 05:00:00,98.21,100.83,98.21,100.82,844863.0
2023-02-13 05:00:00,100.89,102.27,100.07,100.71,1127138.0
2023-02-14 05:00:00,98.65,100.18,94.97,95.25,1805280.0
2023-02-15 05:00:00,94.39,98.05,93.37,97.94,1259605.0
2023-02-16 05:00:00,97.39,99.9,97.39,99.43,1066065.0
2023-02-17 05:00:00,99.81,101.61,99.5,101.24,1282069.0
2023-02-21 05:00:00,101.27,101.83,99.91,100.01,1408372.0
2023-02-22 05:00:00,100.04,101.1,99.425,100.14,808854.0
2023-02-23 05:00:00,100.13,101.37,99.25,99.57,977108.0
2023-02-24 05:00:00,98.62,99.7,98.62,99.28,579444.0
2023-02-27 05:00:00,99.9,99.9,96.91,97.49,1218103.0
2023-02-28 05:00:00,97.62,98.13,96.63,97.07,995484.0
2023-03-01 05:00:00,96.68,97.55,96.47,96.66,545021.0
2023-03-02 05:00:00,96.54,97.29,96.2882,96.95,647853.0
2023-03-03 05:00:00,97.28,97.48,96.14,97.3,750689.0
2023-03-06 05:00:00,97.15,97.6,96.02,96.95,1057200.0
2023-03-07 05:00:00,97.24,97.6,96.41,96.52,1249737.0
2023-03-08 05:00:00,96.29,96.71,93.5,94.06,746653.0
2023-03-09 05:00:00,94.6,95.04,92.68,92.74,589593.0
2023-03-10 05:00:00,92.63,93.82,92.31,92.5,903866.0
2023-03-13 04:00:00,92.0,93.63,91.6363,92.23,903197.0
2023-03-14 04:00:00,92.63,93.61,92.62,93.27,1493658.0
2023-03-15 04:00:00,92.36,92.58,90.61,92.31,659772.0
2023-03-16 04:00:00,92.17,93.25,91.58,92.52,1339620.0
2023-03-17 04:00:00,92.57,92.57,89.64,90.46,2023240.0
2023-03-20 04:00:00,90.95,92.705,90.95,91.58,611670.0
2023-03-21 04:00:00,92.47,92.88,91.805,92.64,842619.0
2023-03-22 04:00:00,92.79,93.12,91.25,91.31,589281.0
2023-03-23 04:00:00,91.19,91.5,89.82,90.28,642858.0
2023-03-24 04:00:00,90.3,91.43,89.67,91.38,953783.0
2023-03-27 04:00:00,91.05,91.43,90.08,91.38,923730.0
2023-03-28 04:00:00,91.54,92.31,91.09,91.1,696057.0
2023-03-29 04:00:00,91.61,91.89,90.9,91.44,1601754.0
2023-03-30 04:00:00,91.73,92.26,91.18,91.59,1007959.0
2023-03-31 04:00:00,92.03,92.4,91.74,92.06,1116154.0
2023-04-03 04:00:00,92.16,93.9,92.14,93.2,971315.0
2023-04-04 04:00:00,93.15,93.64,91.11,91.59,1013576.0
2023-04-05 04:00:00,91.39,92.38,91.19,91.51,915864.0
2023-04-06 04:00:00,91.97,92.12,90.83,91.41,824779.0
2023-04-10 04:00:00,91.45,93.02,91.425,92.6,565062.0
2023-04-11 04:00:00,92.73,92.92,91.9219,92.28,940822.0
2023-04-12 04:00:00,92.2,93.18,91.98,92.68,491351.0
2023-04-13 04:00:00,92.41,93.25,91.88,92.78,588990.0
2023-04-14 04:00:00,92.55,92.815,91.35,91.91,455217.0
2023-04-17 04:00:00,92.02,93.13,91.62,93.09,492358.0
2023-04-18 04:00:00,93.07,93.64,92.61,93.06,485229.0
2023-04-19 04:00:00,93.33,93.49,92.37,92.44,395904.0
2023-04-20 04:00:00,92.52,92.76,91.97,92.56,445067.0
2023-04-21 04:00:00,92.99,93.23,91.41,91.75,401767.0
2023-04-24 04:00:00,91.66,91.838,90.7215,91.37,348869.0
2023-04-25 04:00:00,91.32,91.89,90.9,91.41,508323.0
2023-04-26 04:00:00,90.7,91.175,88.76,89.46,800943.0
2023-04-27 04:00:00,89.5,92.08,89.5,92.06,702882.0
2023-04-28 04:00:00,92.02,93.45,91.8,93.26,1189056.0
2023-05-01 04:00:00,93.46,94.81,93.46,94.32,1387460.0
2023-05-02 04:00:00,90.19,90.19,79.41,80.61,4017400.0
2023-05-03 04:00:00,80.55,83.94,80.42,80.89,2053721.0
2023-05-04 04:00:00,80.25,80.98,78.58,79.45,1352567.0
2023-05-05 04:00:00,80.03,81.09,79.74,80.83,2192834.0
2023-05-08 04:00:00,80.83,81.07,78.87,79.07,1458539.0
2023-05-09 04:00:00,81.01,81.75,79.5,80.29,1680631.0
2023-05-10 04:00:00,80.56,80.81,79.23,80.06,1357131.0
2023-05-11 04:00:00,79.38,79.63,78.14,78.27,944467.0
2023-05-12 04:00:00,78.58,78.97,77.94,78.91,852787.0
2023-05-15 04:00:00,78.78,78.99,78.08,78.32,1213988.0
2023-05-16 04:00:00,78.0,78.0,76.92,76.92,1322688.0
2023-05-17 04:00:00,77.11,79.15,76.58,78.55,2009324.0
2023-05-18 04:00:00,78.47,79.04,77.49,78.92,1078929.0
2023-05-19 04:00:00,79.32,79.5,78.13,78.4,1160662.0
2023-05-22 04:00:00,78.24,80.23,78.09,80.01,980473.0
2023-05-23 04:00:00,81.5,82.18,80.77,81.08,1243415.0
2023-05-24 04:00:00,81.06,81.24,80.22,80.65,1280806.0
2023-05-25 04:00:00,81.72,82.01,79.05,79.29,1191840.0
2023-05-26 04:00:00,79.7,80.82,79.31,80.3,1429016.0
2023-05-30 04:00:00,80.29,80.885,79.2,79.24,626017.0
2023-05-31 04:00:00,79.0,79.235,77.91,78.06,1329397.0
2023-06-01 04:00:00,78.31,78.85,77.91,78.47,955784.0
2023-06-02 04:00:00,79.03,81.6,79.03,81.49,819097.0
2023-06-05 04:00:00,81.83,82.14,80.62,80.66,694017.0
2023-06-06 04:00:00,80.4,81.62,80.4,81.33,653536.0
2023-06-07 04:00:00,81.42,82.73,81.175,82.7,586775.0
2023-06-08 04:00:00,82.69,83.015,82.07,82.55,682346.0
2023-06-09 04:00:00,82.65,83.35,82.27,82.91,475593.0
2023-06-12 04:00:00,83.32,84.55,82.89,84.04,630230.0
2023-06-13 04:00:00,83.8,84.56,83.71,83.74,1101057.0
2023-06-14 04:00:00,83.23,83.7,82.58,83.03,725395.0
2023-06-15 04:00:00,83.08,85.31,82.875,85.24,1254795.0
2023-06-16 04:00:00,85.58,86.01,85.041,85.89,2761878.0
2023-06-20 04:00:00,85.5,86.03,84.88,85.19,815087.0
2023-06-21 04:00:00,84.94,86.54,84.15,86.47,1086086.0
2023-06-22 04:00:00,86.55,86.55,85.785,86.0,696811.0
2023-06-23 04:00:00,85.57,85.95,84.62,84.72,998207.0
2023-06-26 04:00:00,84.45,85.96,84.2301,85.95,723917.0
2023-06-27 04:00:00,85.66,86.86,85.35,86.43,765725.0
2023-06-28 04:00:00,86.49,86.85,85.62,86.67,823802.0
2023-06-29 04:00:00,86.75,88.3134,86.75,87.78,845468.0
2023-06-30 04:00:00,88.18,88.91,88.0,88.48,818197.0
2023-07-03 04:00:00,87.82,88.61,87.61,88.42,297143.0
2023-07-05 04:00:00,88.0,89.14,87.72,88.65,796454.0
2023-07-06 04:00:00,88.26,88.84,87.7,88.44,761902.0
2023-07-07 04:00:00,88.2,89.08,87.78,88.04,928584.0
2023-07-10 04:00:00,87.73,88.78,87.73,88.03,664191.0
2023-07-11 04:00:00,88.09,89.73,88.05,89.51,762985.0
2023-07-12 04:00:00,90.0,90.08,89.05,89.13,1021298.0
2023-07-13 04:00:00,89.14,90.2,88.81,89.87,660868.0
2023-07-14 04:00:00,89.51,90.01,88.91,89.83,858902.0
2023-07-17 04:00:00,89.76,90.62,89.74,90.48,790612.0
2023-07-18 04:00:00,90.7,91.51,89.905,90.35,762160.0
2023-07-19 04:00:00,90.68,91.16,89.76,90.55,743142.0
2023-07-20 04:00:00,90.63,91.405,90.515,91.36,554323.0
2023-07-21 04:00:00,91.63,91.64,90.895,91.31,624207.0
2023-07-24 04:00:00,91.64,91.95,91.16,91.43,526259.0
2023-07-25 04:00:00,91.03,92.29,90.95,92.21,655906.0
2023-07-26 04:00:00,92.44,93.85,92.44,93.68,822332.0
2023-07-27 04:00:00,93.8,94.13,92.1,92.16,1202540.0
2023-07-28 04:00:00,93.02,93.76,92.75,93.75,890024.0
2023-07-31 04:00:00,94.21,94.68,93.4,93.53,1282172.0
2023-08-01 04:00:00,96.0,101.62,95.58,99.98,2028541.0
2023-08-02 04:00:00,99.99,100.32,98.3,98.55,935442.0
2023-08-03 04:00:00,98.71,98.93,97.6,98.4,936368.0
2023-08-04 04:00:00,99.08,99.16,96.805,97.1,859782.0
2023-08-07 04:00:00,97.24,97.97,96.93,97.63,1161762.0
2023-08-08 04:00:00,97.44,97.44,96.36,97.0,593302.0
2023-08-09 04:00:00,96.94,97.85,96.68,97.56,454427.0
2023-08-10 04:00:00,97.26,97.78,96.77,97.33,587263.0
2023-08-11 04:00:00,97.39,97.99,96.725,97.66,594666.0
2023-08-14 04:00:00,97.78,98.65,97.445,98.17,702394.0
2023-08-15 04:00:00,97.86,98.49,97.46,97.6,637856.0
2023-08-16 04:00:00,97.53,97.79,96.72,96.79,565058.0
2023-08-17 04:00:00,96.9,97.795,96.24,96.31,819392.0
2023-08-18 04:00:00,96.04,96.58,95.6,96.1,3388384.0
2023-08-21 04:00:00,95.79,96.52,95.65,96.47,693041.0
2023-08-22 04:00:00,96.03,96.4,95.1,95.39,1193825.0
2023-08-23 04:00:00,95.57,95.74,94.99,95.5,732586.0
2023-08-24 04:00:00,95.0,96.85,94.99,96.41,571689.0
2023-08-25 04:00:00,96.91,96.91,95.525,95.79,350141.0
2023-08-28 04:00:00,95.72,96.92,95.49,96.86,563602.0
2023-08-29 04:00:00,97.0,97.13,96.13,96.83,375136.0
2023-08-30 04:00:00,97.23,98.19,97.17,97.96,413122.0
2023-08-31 04:00:00,98.45,98.67,97.46,97.51,1325107.0
2023-09-01 04:00:00,98.45,100.3,98.45,98.84,785759.0
2023-09-05 04:00:00,98.53,98.57,97.46,97.46,548335.0
2023-09-06 04:00:00,97.31,97.5299,96.4,96.51,545455.0
2023-09-07 04:00:00,96.76,97.0,95.275,95.74,950684.0
2023-09-08 04:00:00,95.69,96.07,95.32,95.8,512187.0
2023-09-11 04:00:00,95.57,96.05,95.16,95.9,440408.0
2023-09-12 04:00:00,95.37,96.12,95.01,95.78,461495.0
2023-09-13 04:00:00,96.05,96.19,94.555,95.03,394599.0
2023-09-14 04:00:00,95.0,95.77,94.57,95.13,657011.0
2023-09-15 04:00:00,94.8,94.97,93.32,94.04,1908403.0
2023-09-18 04:00:00,94.33,94.33,93.38,93.57,724185.0
2023-09-19 04:00:00,93.7,93.88,93.11,93.69,761449.0
2023-09-20 04:00:00,94.19,94.91,93.59,93.85,475981.0
2023-09-21 04:00:00,93.68,93.68,92.36,92.4,485632.0
2023-09-22 04:00:00,92.3,92.63,90.98,91.13,494768.0
2023-09-25 04:00:00,90.94,91.775,90.82,91.36,413587.0
2023-09-26 04:00:00,90.86,91.47,90.59,90.98,405145.0
2023-09-27 04:00:00,91.21,92.44,90.98,91.99,427589.0
2023-09-28 04:00:00,92.16,92.53,91.835,92.14,380653.0
2023-09-29 04:00:00,92.37,93.02,91.49,92.16,555600.0
2023-10-02 04:00:00,92.02,93.935,91.88,93.2,895280.0
2023-10-03 04:00:00,93.61,94.43,92.53,92.65,664867.0
2023-10-04 04:00:00,92.54,93.0,90.63,91.33,812856.0
2023-10-05 04:00:00,91.2,91.63,89.9,90.45,491453.0
2023-10-06 04:00:00,89.95,91.34,89.22,90.98,574097.0
2023-10-09 04:00:00,91.84,95.06,91.84,94.41,931138.0
2023-10-10 04:00:00,94.7,95.02,93.88,94.29,725703.0
2023-10-11 04:00:00,94.38,95.77,94.32,95.64,637743.0
2023-10-12 04:00:00,95.84,95.84,93.7,94.51,645907.0
2023-10-13 04:00:00,95.29,95.755,94.13,94.89,698677.0
2023-10-16 04:00:00,95.41,96.01,94.77,95.41,538200.0
2023-10-17 04:00:00,95.43,96.67,95.225,95.47,582090.0
2023-10-18 04:00:00,95.36,95.36,94.1,94.27,423940.0
2023-10-19 04:00:00,94.28,94.83,93.195,93.41,439698.0
2023-10-20 04:00:00,94.0,94.18,92.68,92.71,650549.0
2023-10-23 04:00:00,92.39,93.16,91.88,91.88,393584.0
2023-10-24 04:00:00,92.42,92.88,90.83,91.01,535374.0
2023-10-25 04:00:00,91.07,92.33,91.07,91.32,472983.0
2023-10-26 04:00:00,91.33,92.68,90.64,92.07,597915.0
2023-10-27 04:00:00,91.56,92.105,90.3,90.49,538726.0
2023-10-30 04:00:00,92.32,92.72,90.53,91.79,800868.0
2023-10-31 04:00:00,95.52,99.75,94.566,99.12,2292107.0
2023-11-01 04:00:00,100.03,101.92,98.29,101.18,1729229.0
2023-11-02 04:00:00,101.25,103.48,100.165,103.18,1427237.0
2023-11-03 04:00:00,103.66,105.305,103.5,103.94,1195633.0
2023-11-06 05:00:00,103.74,103.89,102.82,103.32,787166.0
2023-11-07 05:00:00,103.02,103.6,102.58,102.81,722320.0
2023-11-08 05:00:00,102.77,103.37,102.21,103.01,683612.0
2023-11-09 05:00:00,103.35,103.58,102.27,102.51,667606.0
2023-11-10 05:00:00,103.0,103.89,102.75,103.55,656393.0
2023-11-13 05:00:00,103.46,104.84,102.721,104.41,673227.0
2023-11-14 05:00:00,104.96,105.47,103.82,104.98,786113.0
2023-11-15 05:00:00,105.01,105.455,104.3,104.96,687488.0
2023-11-16 05:00:00,105.15,105.85,104.63,104.67,650934.0
2023-11-17 05:00:00,105.95,105.95,104.93,105.26,731259.0
2023-11-20 05:00:00,105.0,106.415,104.72,105.92,665498.0
2023-11-21 05:00:00,105.95,106.48,105.3388,105.67,456738.0
2023-11-22 05:00:00,105.68,106.69,105.501,106.32,528041.0
2023-11-24 05:00:00,106.72,107.2565,106.49,106.76,237220.0
2023-11-27 05:00:00,106.53,106.91,106.14,106.75,401399.0
2023-11-28 05:00:00,106.88,107.4,106.331,106.34,513030.0
2023-11-29 05:00:00,106.59,106.94,105.74,106.22,635005.0
2023-11-30 05:00:00,106.28,107.35,105.71,107.32,1015219.0
2023-12-01 05:00:00,107.13,108.95,106.8,108.94,702977.0
2023-12-04 05:00:00,109.15,111.39,109.0,111.3,829949.0
2023-12-05 05:00:00,111.0,111.0,109.77,110.0,492667.0
2023-12-06 05:00:00,109.81,110.87,109.34,109.7,658573.0
2023-12-07 05:00:00,109.98,110.29,108.365,108.68,713366.0
2023-12-08 05:00:00,108.91,109.3,108.28,108.49,1002602.0
2023-12-11 05:00:00,108.61,108.89,107.791,108.31,906813.0
2023-12-12 05:00:00,108.26,109.4517,107.885,109.01,537443.0
2023-12-13 05:00:00,109.06,110.23,108.77,110.18,665321.0
2023-12-14 05:00:00,109.98,110.17,107.52,108.69,882119.0
2023-12-15 05:00:00,107.69,108.575,106.91,107.55,1774459.0
2023-12-18 05:00:00,108.2,108.649,107.2,107.89,525503.0
2023-12-19 05:00:00,107.93,108.09,107.4,107.71,1053504.0
2023-12-20 05:00:00,107.65,107.71,105.71,105.88,709752.0
2023-12-21 05:00:00,106.35,106.86,105.52,106.59,525990.0
2023-12-22 05:00:00,106.92,108.06,106.92,107.63,449513.0
2023-12-26 05:00:00,107.49,108.24,107.205,107.9,572873.0
2023-12-27 05:00:00,107.86,108.54,107.54,107.82,304055.0
2023-12-28 05:00:00,107.71,108.04,107.36,107.94,295960.0
2023-12-29 05:00:00,107.96,108.42,107.725,108.24,478514.0
2024-01-02 05:00:00,107.94,108.54,107.27,108.0,709282.0
2024-01-03 05:00:00,107.54,107.82,106.38,107.66,1084629.0
2024-01-04 05:00:00,108.42,108.82,107.37,107.82,940285.0
2024-01-05 05:00:00,109.2,109.51,107.51,108.74,1566504.0
2024-01-08 05:00:00,109.01,110.22,108.184,110.17,764267.0
2024-01-09 05:00:00,110.27,110.63,109.44,110.22,546055.0
2024-01-10 05:00:00,110.14,110.62,109.43,109.71,587404.0
2024-01-11 05:00:00,109.65,109.735,108.3,108.82,551382.0
2024-01-12 05:00:00,108.8,110.32,108.8,110.19,451933.0
2024-01-16 05:00:00,109.89,110.0,108.14,108.74,542829.0
2024-01-17 05:00:00,108.02,109.28,108.02,108.51,592477.0
2024-01-18 05:00:00,108.62,109.8,107.73,109.73,701662.0
2024-01-19 05:00:00,110.0,110.19,109.07,109.88,505689.0
2024-01-22 05:00:00,110.16,111.52,110.16,111.27,459549.0
2024-01-23 05:00:00,111.37,111.5373,110.28,110.57,379819.0
2024-01-24 05:00:00,111.02,111.365,110.05,110.16,347964.0
2024-01-25 05:00:00,110.92,110.92,108.95,110.73,530996.0
2024-01-26 05:00:00,111.63,113.5,110.96,111.55,666867.0
2024-01-29 05:00:00,111.33,111.899,110.58,111.51,544038.0
2024-01-30 05:00:00,111.57,111.805,111.2,111.61,758681.0
2024-01-31 05:00:00,111.94,111.94,110.155,110.47,571031.0
2024-02-01 05:00:00,110.67,110.885,109.66,110.85,637365.0
2024-02-02 05:00:00,110.62,111.445,110.04,110.93,428431.0
2024-02-05 05:00:00,110.15,111.16,108.97,110.73,746812.0
2024-02-06 05:00:00,110.65,112.91,110.605,112.16,609050.0
2024-02-07 05:00:00,112.33,113.41,111.95,113.08,640728.0
2024-02-08 05:00:00,112.9,113.72,112.5313,113.27,779312.0
2024-02-09 05:00:00,113.63,114.23,112.99,113.53,816791.0
2024-02-12 05:00:00,113.8,115.4,113.67,114.56,1202170.0
2024-02-13 05:00:00,119.65,122.5,118.4,121.28,2467226.0
2024-02-14 05:00:00,121.93,122.49,119.3101,121.5,1553615.0
2024-02-15 05:00:00,122.37,123.17,120.98,122.19,1771581.0
2024-02-16 05:00:00,122.2,124.93,121.04,123.83,1377144.0
2024-02-20 05:00:00,123.84,124.96,123.235,123.5,1319620.0
2024-02-21 05:00:00,123.49,124.8865,122.76,123.95,1086393.0
2024-02-22 05:00:00,124.0,125.35,123.5803,124.75,1032168.0
2024-02-23 05:00:00,125.2,126.6569,125.2,126.06,1111886.0
2024-02-26 05:00:00,126.25,126.88,125.44,125.69,1048988.0
2024-02-27 05:00:00,125.5,126.705,125.34,126.58,1066123.0
2024-02-28 05:00:00,126.75,127.1,126.1511,126.56,780675.0
2024-02-29 05:00:00,126.65,128.07,126.455,127.86,1050228.0
2024-03-01 05:00:00,129.0,129.0638,126.79,127.44,834783.0
2024-03-04 05:00:00,127.82,129.74,127.44,129.52,661660.0
2024-03-05 05:00:00,129.8,130.1,128.38,129.3,688444.0
2024-03-06 05:00:00,129.31,129.8701,128.53,129.83,554268.0
2024-03-07 05:00:00,130.23,130.39,128.3901,129.79,917712.0
2024-03-08 05:00:00,129.71,129.95,128.11,128.76,531207.0
2024-03-11 04:00:00,127.95,128.15,126.68,127.25,656561.0
2024-03-12 04:00:00,127.07,127.48,125.871,127.24,893992.0
2024-03-13 04:00:00,127.62,128.52,127.135,128.07,837511.0
2024-03-14 04:00:00,127.48,127.8,125.805,127.79,746163.0
2024-03-15 04:00:00,126.48,128.01,126.21,127.92,1799835.0
2024-03-18 04:00:00,127.22,127.88,125.56,126.35,1471776.0
2024-03-19 04:00:00,126.43,127.92,126.43,127.88,734358.0
2024-03-20 04:00:00,127.92,129.0158,127.32,127.88,749056.0
2024-03-21 04:00:00,128.11,129.97,127.45,129.15,516404.0
2024-03-22 04:00:00,129.5,129.68,128.68,129.14,617270.0
2024-03-25 04:00:00,129.21,129.77,128.22,128.22,440011.0
2024-03-26 04:00:00,128.07,129.56,128.07,129.36,588186.0
2024-03-27 04:00:00,130.3,130.73,129.61,130.54,669560.0
2024-03-28 04:00:00,130.92,131.5,130.19,131.09,682928.0
2024-04-01 04:00:00,130.81,130.92,129.84,130.42,444480.0
2024-04-02 04:00:00,130.42,130.42,128.78,128.95,555987.0
2024-04-03 04:00:00,128.87,129.99,128.69,129.01,719767.0
2024-04-04 04:00:00,129.85,130.105,128.34,128.71,547123.0
2024-04-05 04:00:00,128.69,129.395,127.775,128.66,688348.0
2024-04-08 04:00:00,128.66,130.26,128.23,129.24,779846.0
2024-04-09 04:00:00,129.46,129.7,126.735,127.1,714415.0
2024-04-10 04:00:00,125.9,127.14,125.12,126.22,740311.0
2024-04-11 04:00:00,126.36,127.86,125.58,126.64,717874.0
2024-04-12 04:00:00,126.31,127.08,124.93,125.73,785082.0
2024-04-15 04:00:00,127.01,127.35,124.2,124.88,817519.0
2024-04-16 04:00:00,125.82,125.82,124.3201,124.64,871849.0
2024-04-17 04:00:00,125.08,125.08,123.225,124.36,1075848.0
2024-04-18 04:00:00,124.6,125.21,123.28,123.76,868193.0
2024-04-19 04:00:00,124.47,125.45,123.8,124.91,940430.0
2024-04-22 04:00:00,125.74,127.06,124.985,126.03,1021503.0
2024-04-23 04:00:00,126.76,128.78,126.38,128.68,1220160.0
2024-04-24 04:00:00,128.54,130.355,128.035,128.9,828685.0
2024-04-25 04:00:00,128.37,130.14,128.22,129.88,703037.0
2024-04-26 04:00:00,129.43,130.945,128.8,130.36,892039.0
2024-04-29 04:00:00,130.3,132.34,130.285,131.62,1408731.0
2024-04-30 04:00:00,139.09,140.91,135.12,140.22,3723797.0
2024-05-01 04:00:00,139.71,142.9,138.6,142.19,1950263.0
2024-05-02 04:00:00,142.31,143.35,140.73,142.66,1720084.0
2024-05-03 04:00:00,142.65,143.07,141.22,141.67,1311263.0
2024-05-06 04:00:00,142.4,143.29,141.67,142.62,1856311.0
2024-05-07 04:00:00,143.85,144.1651,142.75,142.85,1016874.0
2024-05-08 04:00:00,143.5,145.5,143.5,145.5,1221671.0
2024-05-09 04:00:00,145.85,147.0,145.13,146.83,1066672.0
2024-05-10 04:00:00,147.25,147.8,146.73,147.48,667519.0
2024-05-13 04:00:00,147.56,147.78,146.06,146.09,969895.0
2024-05-14 04:00:00,145.99,146.925,145.37,146.6,786697.0
2024-05-15 04:00:00,146.65,148.1568,146.65,147.25,941542.0
2024-05-16 04:00:00,147.42,148.725,147.16,147.56,603041.0
2024-05-17 04:00:00,147.92,148.73,147.0,148.67,674477.0
2024-05-20 04:00:00,148.91,149.49,147.921,149.44,475681.0
2024-05-21 04:00:00,149.63,150.35,149.59,150.28,608418.0
2024-05-22 04:00:00,150.27,151.11,149.63,149.92,1007937.0
2024-05-23 04:00:00,150.08,151.16,148.92,149.77,763776.0
2024-05-24 04:00:00,150.94,151.32,150.0,151.15,691702.0
2024-05-28 04:00:00,150.33,150.58,147.17,147.58,745676.0
2024-05-29 04:00:00,146.76,147.31,145.49,145.72,673762.0
2024-05-30 04:00:00,146.05,146.355,145.015,145.28,731524.0
2024-05-31 04:00:00,145.4,147.1,144.72,147.05,1565173.0
2024-06-03 04:00:00,146.67,146.81,143.66,145.52,1024464.0
2024-06-04 04:00:00,145.28,145.31,143.81,144.52,1086817.0
2024-06-05 04:00:00,144.57,145.98,143.63,145.67,545589.0
2024-06-06 04:00:00,145.59,145.94,143.11,144.24,615136.0
2024-06-07 04:00:00,144.42,145.77,144.04,144.85,664419.0
2024-06-10 04:00:00,144.76,145.055,143.66,144.72,790728.0
2024-06-11 04:00:00,144.34,144.34,143.11,143.78,705435.0
2024-06-12 04:00:00,144.15,145.38,143.54,144.58,551368.0
2024-06-13 04:00:00,144.18,144.815,143.63,144.15,618856.0
2024-06-14 04:00:00,142.78,143.73,142.09,143.7,737300.0
2024-06-17 04:00:00,143.29,144.12,141.76,143.86,859173.0
2024-06-18 04:00:00,143.64,144.66,143.07,143.87,741127.0
2024-06-20 04:00:00,143.61,146.57,143.61,146.01,801253.0
2024-06-21 04:00:00,145.69,146.63,144.2063,146.57,1861126.0
2024-06-24 04:00:00,146.87,149.49,146.48,148.56,1216418.0
2024-06-25 04:00:00,148.6,149.2499,147.025,148.29,658670.0
2024-06-26 04:00:00,147.74,147.95,145.82,146.39,1094822.0
2024-06-27 04:00:00,146.75,147.455,145.8,147.18,762836.0
2024-06-28 04:00:00,147.59,148.66,144.77,145.88,1835241.0
2024-07-01 04:00:00,146.58,147.49,144.725,145.56,633989.0
2024-07-02 04:00:00,145.47,146.62,145.05,145.86,517534.0
2024-07-03 04:00:00,145.64,146.74,145.27,146.64,297334.0
2024-07-05 04:00:00,146.64,147.17,144.81,145.51,411555.0
2024-07-08 04:00:00,146.0,146.76,145.51,145.56,425922.0
2024-07-09 04:00:00,145.76,146.5,144.77,145.05,550698.0
2024-07-10 04:00:00,145.91,148.89,145.91,148.84,1018708.0
2024-07-11 04:00:00,148.74,149.3,147.86,148.95,714179.0
2024-07-12 04:00:00,148.95,151.42,148.53,149.92,964860.0
2024-07-15 04:00:00,150.15,151.14,148.875,148.96,935455.0
2024-07-16 04:00:00,149.64,152.61,149.445,151.81,616257.0
2024-07-17 04:00:00,151.81,152.74,150.05,150.24,1243838.0
2024-07-18 04:00:00,150.53,151.4799,150.04,150.8,704379.0
2024-07-19 04:00:00,151.6,152.8,149.57,149.94,862843.0
2024-07-22 04:00:00,150.36,153.07,150.1401,153.0,861930.0
2024-07-23 04:00:00,153.24,155.45,152.79,154.94,658557.0
2024-07-24 04:00:00,154.52,154.52,150.07,150.1,1016506.0
2024-07-25 04:00:00,150.64,153.77,150.35,152.02,1088986.0
2024-07-26 04:00:00,152.2,152.29,148.68,149.83,1043788.0
2024-07-29 04:00:00,150.48,153.62,150.0,152.97,1209364.0
2024-07-30 04:00:00,153.0,153.65,145.83,145.98,1819042.0
2024-07-31 04:00:00,148.0,149.0,142.68,144.4,1831845.0
2024-08-01 04:00:00,145.23,145.6439,142.35,144.75,1217132.0
2024-08-02 04:00:00,143.81,145.54,143.48,145.39,1063249.0
2024-08-05 04:00:00,143.36,143.48,140.42,142.66,1088975.0
2024-08-06 04:00:00,143.77,145.78,143.2,143.29,1059481.0
2024-08-07 04:00:00,143.96,145.68,143.04,143.18,877761.0
2024-08-08 04:00:00,143.05,145.39,142.28,144.38,832579.0
2024-08-09 04:00:00,144.16,144.99,143.04,144.21,1018885.0
2024-08-12 04:00:00,144.0,145.8,143.4764,144.69,739600.0
2024-08-13 04:00:00,144.47,145.62,143.52,144.82,950518.0
2024-08-14 04:00:00,144.62,147.4,144.505,147.34,576421.0
2024-08-15 04:00:00,147.53,148.65,146.6,147.95,456282.0
2024-08-16 04:00:00,148.16,148.71,147.13,148.02,494430.0
2024-08-19 04:00:00,147.99,150.18,147.47,150.14,524071.0
2024-08-20 04:00:00,150.2,150.49,149.05,150.14,522914.0
2024-08-21 04:00:00,150.25,151.45,149.54,150.84,486838.0
2024-08-22 04:00:00,150.87,153.98,150.87,153.28,566917.0
2024-08-23 04:00:00,153.52,154.99,153.52,154.9,539588.0
2024-08-26 04:00:00,155.0,156.2,154.5,154.87,521611.0
2024-08-27 04:00:00,154.83,156.15,154.21,156.06,521606.0
2024-08-28 04:00:00,156.35,157.2699,155.74,156.35,608816.0
2024-08-29 04:00:00,156.46,158.9,156.1882,157.44,691459.0
2024-08-30 04:00:00,157.51,158.82,156.7701,158.51,1072396.0
2024-09-03 04:00:00,158.32,159.1,155.015,155.8,872571.0
2024-09-04 04:00:00,155.5,156.57,155.095,156.09,1301060.0
2024-09-05 04:00:00,156.09,156.39,153.44,155.8,886507.0
2024-09-06 04:00:00,155.52,156.54,152.72,152.85,890482.0
2024-09-09 04:00:00,153.71,154.58,153.19,153.46,807947.0
2024-09-10 04:00:00,153.93,154.2786,152.98,154.06,689620.0
2024-09-11 04:00:00,153.46,153.46,149.5,152.44,774135.0
2024-09-12 04:00:00,152.15,154.19,151.77,154.09,605672.0
2024-09-13 04:00:00,154.0,156.9096,153.53,155.5,756336.0
2024-09-16 04:00:00,156.07,156.7156,154.4,154.81,509524.0
2024-09-17 04:00:00,154.5,155.565,154.12,154.34,530312.0
2024-09-18 04:00:00,154.32,154.97,153.19,153.79,758644.0
2024-09-19 04:00:00,154.5,156.3689,153.4,156.09,622903.0
2024-09-20 04:00:00,155.42,157.1,154.79,157.06,1484015.0
2024-09-23 04:00:00,157.38,160.325,156.92,159.68,973911.0
2024-09-24 04:00:00,160.02,160.02,157.435,158.45,750367.0
2024-09-25 04:00:00,159.18,159.71,157.425,158.0,582152.0
2024-09-26 04:00:00,157.2,158.86,157.2,158.43,672439.0
2024-09-27 04:00:00,158.38,160.0,158.38,159.72,1080489.0
2024-09-30 04:00:00,160.0,163.27,159.27,163.0,1085066.0
2024-10-01 04:00:00,162.84,165.4851,161.6344,165.01,705353.0
2024-10-02 04:00:00,164.5,166.01,163.4,165.2,635599.0
2024-10-03 04:00:00,165.17,165.81,164.43,165.15,723453.0
2024-10-04 04:00:00,165.99,166.48,164.1344,166.39,583924.0
2024-10-07 04:00:00,166.0,167.64,164.7,166.66,513014.0
2024-10-08 04:00:00,167.3,168.02,165.89,166.62,575617.0
2024-10-09 04:00:00,167.06,167.885,166.43,167.67,540064.0
2024-10-10 04:00:00,167.43,167.55,163.56,164.55,698208.0
2024-10-11 04:00:00,165.29,167.51,165.24,167.2,428521.0
2024-10-14 04:00:00,167.75,169.17,167.33,168.63,477501.0
2024-10-15 04:00:00,169.77,170.08,167.5,167.7,616456.0
2024-10-16 04:00:00,167.42,168.62,167.2,168.07,611436.0
2024-10-17 04:00:00,168.75,169.52,167.74,168.35,746839.0
2024-10-18 04:00:00,168.76,169.72,166.65,169.52,579795.0
2024-10-21 04:00:00,169.84,170.15,168.54,169.68,365186.0
2024-10-22 04:00:00,168.93,169.95,167.06,167.55,634246.0
2024-10-23 04:00:00,167.1,168.4306,166.75,168.31,570764.0
2024-10-24 04:00:00,168.41,169.94,167.315,168.79,570930.0
2024-10-25 04:00:00,170.25,171.35,168.54,168.71,592687.0
2024-10-28 04:00:00,169.83,170.5374,168.52,169.73,779335.0
2024-10-29 04:00:00,182.0,186.88,177.25,185.86,2170694.0
2024-10-30 04:00:00,188.12,188.36,184.2,185.74,1422129.0
2024-10-31 04:00:00,184.94,186.215,181.8,183.16,1363504.0
2024-11-01 04:00:00,184.17,184.98,182.83,182.97,1053157.0
2024-11-04 05:00:00,184.35,186.565,183.6601,186.32,1006883.0
2024-11-05 05:00:00,186.33,190.25,186.32,190.07,1006158.0
2024-11-06 05:00:00,198.4,198.99,192.17,194.2,1423641.0
2024-11-07 05:00:00,194.24,195.8499,192.58,192.63,1040990.0
2024-11-08 05:00:00,194.51,199.11,193.61,198.42,923187.0
2024-11-11 05:00:00,200.59,201.985,199.8,201.39,1133951.0
2024-11-12 05:00:00,201.6,202.8999,199.94,201.27,744019.0
2024-11-13 05:00:00,201.36,202.51,193.84,194.4,1394282.0
2024-11-14 05:00:00,194.22,194.935,166.475,167.96,4694430.0
2024-11-15 05:00:00,167.8,168.73,156.7501,160.65,5723195.0
2024-11-18 05:00:00,161.0,161.9999,156.88,158.84,2738599.0
2024-11-19 05:00:00,158.73,163.27,157.43,158.29,1977960.0
2024-11-20 05:00:00,158.39,162.265,158.03,162.15,1912330.0
2024-11-21 05:00:00,163.0,167.72,162.15,164.69,2079925.0
2024-11-22 05:00:00,165.37,166.3826,163.33,165.51,1770484.0
2024-11-25 05:00:00,166.01,166.355,160.54,163.6,1677164.0
2024-11-26 05:00:00,163.59,166.84,162.4801,166.11,1278585.0
2024-11-27 05:00:00,165.7,166.7343,162.32,163.97,1148781.0
2024-11-29 05:00:00,164.55,165.46,163.04,165.4,620279.0
2024-12-02 05:00:00,166.0,166.42,163.25,164.13,1407609.0
2024-12-03 05:00:00,164.4,166.46,164.04,164.13,1277601.0
2024-12-04 05:00:00,163.83,165.75,162.8201,165.06,980144.0
2024-12-05 05:00:00,165.57,165.57,161.835,163.76,1240948.0
2024-12-06 05:00:00,163.76,164.27,162.7301,163.15,976776.0
2024-12-09 05:00:00,163.01,163.01,159.1102,160.31,1252718.0
2024-12-10 05:00:00,161.09,161.82,159.88,160.16,1308454.0
2024-12-11 05:00:00,160.68,160.79,152.61,153.55,1907952.0
2024-12-12 05:00:00,150.1,154.2,147.26,152.98,1844905.0
2024-12-13 05:00:00,152.96,154.6,152.51,153.16,1071260.0
2024-12-16 05:00:00,152.71,154.08,150.79,152.5,1051490.0
2024-12-17 05:00:00,151.5,151.96,148.88,150.14,1205207.0
2024-12-18 05:00:00,150.46,150.81,146.0,146.05,1307296.0
2024-12-19 05:00:00,147.09,147.65,142.16,143.2,2566099.0
2024-12-20 05:00:00,142.6,145.98,141.94,144.81,3054965.0
2024-12-23 05:00:00,144.29,145.65,143.465,145.2,1065932.0
2024-12-24 05:00:00,144.55,145.85,143.8,145.58,708241.0
2024-12-26 05:00:00,145.22,146.3299,144.33,145.71,654307.0
2024-12-27 05:00:00,144.7,146.37,143.71,144.49,616075.0
2024-12-30 05:00:00,143.03,143.8555,142.04,143.17,666996.0
2024-12-31 05:00:00,143.56,144.29,142.15,144.06,1131627.0
2025-01-02 05:00:00,145.35,146.4,143.2,143.3,744744.0
2025-01-03 05:00:00,143.18,147.92,143.04,147.15,1075406.0
2025-01-06 05:00:00,147.05,150.5183,146.66,148.24,1399726.0
2025-01-07 05:00:00,148.85,149.98,146.02,147.3,1063097.0
2025-01-08 05:00:00,146.61,146.7393,143.79,145.75,1314974.0
2025-01-10 05:00:00,145.75,151.028,145.75,149.44,1541050.0
2025-01-13 05:00:00,148.8,153.36,148.0,152.64,1437276.0
2025-01-14 05:00:00,152.09,153.27,150.67,152.76,769383.0
2025-01-15 05:00:00,153.95,155.41,152.75,155.25,990362.0
2025-01-16 05:00:00,154.93,156.08,153.6265,155.09,649692.0
2025-01-17 05:00:00,155.88,156.38,154.35,155.18,1318120.0
2025-01-21 05:00:00,156.81,161.29,155.73,160.58,1413999.0
2025-01-22 05:00:00,161.17,162.3,160.0736,161.11,1436680.0
2025-01-23 05:00:00,161.11,162.1,147.29,148.91,2386509.0
2025-01-24 05:00:00,149.87,151.37,144.8,145.59,1661426.0
2025-01-27 05:00:00,145.99,149.27,145.0,148.46,1089008.0
2025-01-28 05:00:00,148.51,148.51,137.55,141.49,1679279.0
2025-01-29 05:00:00,142.45,143.77,139.91,140.27,1670939.0
2025-01-30 05:00:00,140.74,142.29,138.49,142.19,1364342.0
2025-01-31 05:00:00,141.49,143.687,138.0,142.03,1409948.0
2025-02-03 05:00:00,140.64,142.53,138.2482,141.65,1254288.0
2025-02-04 05:00:00,142.19,143.2601,140.46,141.96,1063806.0
2025-02-05 05:00:00,143.59,143.59,140.07,141.29,1047661.0
2025-02-06 05:00:00,141.2,142.4,138.45,140.82,1365843.0
2025-02-07 05:00:00,141.71,142.9,140.19,142.27,1215801.0
2025-02-10 05:00:00,142.48,144.14,141.68,142.77,1730794.0
2025-02-11 05:00:00,147.51,148.625,132.78,137.6,3563676.0
2025-02-12 05:00:00,136.48,137.72,134.33,136.85,1664274.0
2025-02-13 05:00:00,136.275,137.0,129.54,130.65,2605552.0
2025-02-14 05:00:00,131.43,133.6,130.57,132.26,1752341.0
2025-02-18 05:00:00,132.18,133.9999,129.86,131.27,1852661.0
2025-02-19 05:00:00,131.0,133.0764,130.2,131.5,1398114.0
2025-02-20 05:00:00,130.51,131.2676,128.13,130.05,1953997.0
2025-02-21 05:00:00,129.16,129.23,125.06,126.82,2570841.0
2025-02-24 05:00:00,131.26,132.37,126.79,128.3,2290946.0
2025-02-25 05:00:00,128.18,132.07,127.82,130.74,2175258.0
2025-02-26 05:00:00,129.95,131.98,129.19,129.59,887915.0
2025-02-27 05:00:00,129.41,131.04,128.75,129.67,1352069.0
2025-02-28 05:00:00,127.81,130.0,123.62,129.97,2288521.0
2025-03-03 05:00:00,131.4,131.44,127.8,129.2,1714459.0
2025-03-04 05:00:00,128.89,134.86,127.39,132.22,1991280.0
2025-03-05 05:00:00,131.85,135.5894,131.25,133.71,1819547.0
2025-03-06 05:00:00,132.17,133.6,131.01,133.06,1489466.0
2025-03-07 05:00:00,131.97,140.23,130.7,139.24,2539340.0
2025-03-10 04:00:00,138.65,142.995,136.44,137.38,2016665.0
2025-03-11 04:00:00,136.66,137.26,132.7521,134.11,1871148.0
2025-03-12 04:00:00,133.85,134.84,131.025,133.6,1203769.0
2025-03-13 04:00:00,133.2,134.763,132.23,132.86,1291170.0
2025-03-14 04:00:00,133.23,135.55,132.625,134.55,803976.0
2025-03-17 04:00:00,136.87,142.27,135.55,138.2,1711564.0
2025-03-18 04:00:00,137.23,139.0,136.15,138.66,1382472.0
2025-03-19 04:00:00,138.95,141.7,137.79,138.6,1416467.0
2025-03-20 04:00:00,137.31,137.31,133.5105,134.85,1955104.0
2025-03-21 04:00:00,134.27,134.75,132.08,133.83,3989990.0
2025-03-24 04:00:00,134.74,136.05,133.435,135.79,1078102.0
2025-03-25 04:00:00,136.67,137.33,134.67,136.25,1341293.0
2025-03-26 04:00:00,136.25,137.53,135.17,136.34,1032591.0
2025-03-27 04:00:00,136.74,137.2,134.99,135.68,1002911.0
2025-03-28 04:00:00,134.2,136.27,132.8,134.06,1592094.0
2025-03-31 04:00:00,133.36,136.31,132.67,134.94,1843355.0
2025-04-01 04:00:00,134.94,135.74,132.95,134.96,1512580.0
2025-04-02 04:00:00,133.17,143.5499,132.43,142.94,3736905.0
2025-04-03 04:00:00,139.135,143.96,138.01,139.49,2090505.0
2025-04-04 04:00:00,136.8,140.31,133.11,133.14,2770644.0
2025-04-07 04:00:00,130.81,136.79,128.3229,132.9,1704065.0
2025-04-08 04:00:00,135.0,137.495,131.73,133.36,2019576.0
2025-04-09 04:00:00,130.52,140.7399,130.35,139.73,2684612.0
2025-04-10 04:00:00,138.12,140.575,135.8,139.67,1580955.0
2025-04-11 04:00:00,139.57,142.93,137.26,141.88,1073606.0
2025-04-14 04:00:00,143.2,144.07,140.13,142.98,1281799.0
2025-04-15 04:00:00,142.88,143.14,140.83,141.4,1453812.0
2025-04-16 04:00:00,141.6,142.36,139.31,139.9,1508629.0
2025-04-17 04:00:00,139.26,140.4,138.04,139.42,1754503.0
2025-04-21 04:00:00,140.0,140.65,136.91,138.24,962811.0
2025-04-22 04:00:00,138.92,141.845,138.55,141.26,1194704.0
2025-04-23 04:00:00,143.75,145.0,141.72,142.0,925823.0
2025-04-24 04:00:00,142.81,146.48,141.26,145.56,1153494.0
2025-04-25 04:00:00,145.84,146.88,144.41,145.71,1212844.0
2025-04-28 04:00:00,145.87,146.9899,144.01,145.75,1178215.0
2025-04-29 04:00:00,145.92,148.06,145.35,147.56,1146639.0
2025-04-30 04:00:00,146.82,147.63,145.13,147.18,1025657.0
2025-05-01 04:00:00,146.77,147.7,144.875,146.61,1027447.0
2025-05-02 04:00:00,148.79,149.49,146.3505,148.79,1494278.0
2025-05-05 04:00:00,147.61,150.18,147.61,147.94,1814886.0
2025-05-06 04:00:00,145.87,155.76,144.63,154.75,2626880.0
2025-05-07 04:00:00,153.88,155.44,152.23,154.72,1612125.0
2025-05-08 04:00:00,155.99,156.77,153.0095,154.71,1177006.0
2025-05-09 04:00:00,155.16,156.95,154.0975,155.7,1306418.0
2025-05-12 04:00:00,157.0,157.29,154.011,156.09,1551491.0
2025-05-13 04:00:00,155.61,156.29,154.62,155.43,958736.0
2025-05-14 04:00:00,155.73,156.0,152.83,153.06,1278887.0
2025-05-15 04:00:00,153.8,156.81,153.8,156.76,1170955.0
2025-05-16 04:00:00,155.28,159.15,155.28,159.0,1007016.0
2025-05-19 04:00:00,158.5,159.73,157.79,159.53,915492.0
