date,open,high,low,close,volume
2019-07-31 04:00:00,330.0,420.0,322.5,394.5,6232.5133
2019-08-01 04:00:00,394.5,489.0,394.5,397.5,2255.94
2019-08-02 04:00:00,409.5,447.0,409.5,442.5,349.7867
2019-08-05 04:00:00,445.5,451.5,394.5,426.0,521.4867
2019-08-06 04:00:00,396.0,435.0,324.0,346.5,1072.3333
2019-08-07 04:00:00,345.0,360.0,330.0,355.5,434.2133
2019-08-08 04:00:00,355.5,418.905,349.5,382.5,184.86
2019-08-09 04:00:00,382.5,400.5,360.0,370.5,323.4333
2019-08-12 04:00:00,424.5,424.5,360.0,378.0,307.8533
2019-08-13 04:00:00,369.0,397.5,360.0,360.0,735.44
2019-08-14 04:00:00,361.5,402.0,360.0,378.0,1020.64
2019-08-15 04:00:00,369.0,393.975,361.5,365.25,192.2133
2019-08-16 04:00:00,360.0,409.5,360.0,409.5,170.36
2019-08-19 04:00:00,405.0,415.5,360.0,394.5,362.14
2019-08-20 04:00:00,403.5,417.0,361.5,361.5,311.4267
2019-08-21 04:00:00,390.0,406.35,363.0,387.0,408.0267
2019-08-22 04:00:00,397.5,414.0,366.0,399.0,109.9533
2019-08-23 04:00:00,391.5,405.0,364.575,383.25,150.7667
2019-08-26 04:00:00,402.0,402.0,345.57,354.0,374.3533
2019-08-27 04:00:00,367.5,367.5,346.5,362.25,131.4267
2019-08-28 04:00:00,340.5,367.5,340.5,342.0,85.5467
2019-08-29 04:00:00,367.5,367.5,321.0,324.0,402.2667
2019-08-30 04:00:00,350.805,360.0,325.5,360.0,118.8067
2019-09-03 04:00:00,360.0,360.0,334.5,340.5,203.6933
2019-09-04 04:00:00,351.0,357.0,331.5,346.5,68.9333
2019-09-05 04:00:00,334.5,366.0,331.5,346.5,268.1333
2019-09-06 04:00:00,336.0,364.5,333.0,342.0,199.9533
2019-09-09 04:00:00,337.5,379.5,324.0,340.5,2475.88
2019-09-10 04:00:00,339.0,387.0,339.0,360.0,1963.5467
2019-09-11 04:00:00,375.0,420.0,342.0,375.0,2112.5267
2019-09-12 04:00:00,381.705,412.5,367.5,385.5,1286.44
2019-09-13 04:00:00,385.5,412.5,372.0,390.0,1253.2067
2019-09-16 04:00:00,375.0,405.0,373.5,393.0,1484.3867
2019-09-17 04:00:00,390.0,408.0,373.5,403.5,1575.14
2019-09-18 04:00:00,405.0,456.0,397.5,427.5,7146.86
2019-09-19 04:00:00,433.5,456.0,430.5,432.0,3385.78
2019-09-20 04:00:00,432.0,483.0,432.0,465.0,14006.3533
2019-09-23 04:00:00,468.0,468.0,388.515,411.0,1243.04
2019-09-24 04:00:00,408.0,427.5,397.5,418.5,788.7667
2019-09-25 04:00:00,415.5,433.5,397.5,406.5,8622.66
2019-09-26 04:00:00,403.5,414.0,397.5,399.0,587.5067
2019-09-27 04:00:00,411.0,420.0,393.0,405.0,717.4667
2019-09-30 04:00:00,402.0,421.5,375.0,379.5,266.7067
2019-10-01 04:00:00,378.0,409.5,373.5,373.5,2989.3467
2019-10-02 04:00:00,375.0,402.0,370.5,370.5,263.1467
2019-10-03 04:00:00,367.5,391.5,337.5,354.0,564.2333
2019-10-04 04:00:00,357.0,370.5,357.0,361.5,34.5
2019-10-07 04:00:00,360.0,375.0,360.0,360.0,84.5933
2019-10-08 04:00:00,358.5,373.11,352.5,352.5,151.1067
2019-10-09 04:00:00,354.0,361.5,352.5,354.0,210.86
2019-10-10 04:00:00,352.5,358.5,352.5,352.5,153.1267
2019-10-11 04:00:00,357.0,384.0,357.0,378.0,290.5067
2019-10-14 04:00:00,385.5,402.0,369.0,402.0,256.12
2019-10-15 04:00:00,385.5,403.32,378.27,396.0,291.9067
2019-10-16 04:00:00,405.0,427.5,396.0,418.5,628.0067
2019-10-17 04:00:00,421.5,421.5,397.5,405.0,87.4667
2019-10-18 04:00:00,406.5,426.0,402.0,421.5,54.2133
2019-10-21 04:00:00,427.5,427.5,400.5,409.5,196.3133
2019-10-22 04:00:00,418.5,421.5,404.31,421.5,101.1467
2019-10-23 04:00:00,420.0,420.0,405.0,405.0,45.2533
2019-10-24 04:00:00,412.5,417.0,399.0,411.0,136.8933
2019-10-25 04:00:00,418.5,421.5,399.0,411.75,133.5867
2019-10-28 04:00:00,412.5,412.5,370.5,379.5,424.9
2019-10-29 04:00:00,393.0,394.5,367.5,378.0,257.88
2019-10-30 04:00:00,388.5,394.5,376.68,394.5,80.4733
2019-10-31 04:00:00,394.5,399.0,349.5,391.5,368.0333
2019-11-01 04:00:00,397.5,402.0,390.0,398.25,91.2267
2019-11-04 05:00:00,395.04,395.04,355.5,369.0,213.2133
2019-11-05 05:00:00,385.5,385.5,375.0,378.75,22.4933
2019-11-06 05:00:00,385.5,387.51,363.0,363.0,116.1867
2019-11-07 05:00:00,364.5,394.5,364.5,393.0,144.4067
2019-11-08 05:00:00,393.0,397.485,367.5,373.5,219.7867
2019-11-11 05:00:00,381.0,384.0,367.5,367.5,110.78
2019-11-12 05:00:00,378.0,390.0,370.5,387.0,62.82
2019-11-13 05:00:00,385.5,385.5,367.5,369.0,68.5133
2019-11-14 05:00:00,474.0,480.0,404.25,411.0,46953.6133
2019-11-15 05:00:00,420.0,420.0,361.5,370.5,5571.3
2019-11-18 05:00:00,367.5,379.5,360.0,369.0,1771.94
2019-11-19 05:00:00,363.0,411.0,363.0,390.0,1118.02
2019-11-20 05:00:00,427.5,430.5,391.5,391.5,2278.08
2019-11-21 05:00:00,397.5,397.5,375.0,397.5,1152.68
2019-11-22 05:00:00,400.5,400.5,375.0,378.0,407.2867
2019-11-25 05:00:00,378.0,412.5,378.0,406.5,882.8333
2019-11-26 05:00:00,405.0,414.0,397.5,399.0,548.5733
2019-11-27 05:00:00,399.0,432.0,399.0,430.5,846.7467
2019-11-29 05:00:00,442.5,520.5,441.0,507.0,4688.78
2019-12-02 05:00:00,520.5,522.0,451.5,457.5,4341.1667
2019-12-03 05:00:00,462.0,477.0,457.5,460.5,2433.9467
2019-12-04 05:00:00,459.0,472.5,450.0,453.0,2145.38
2019-12-05 05:00:00,454.5,457.5,406.515,426.0,2262.04
2019-12-06 05:00:00,426.0,445.5,418.11,433.5,781.7333
2019-12-09 05:00:00,429.0,457.5,427.53,433.5,570.4533
2019-12-10 05:00:00,447.0,454.5,438.0,448.5,2670.12
2019-12-11 05:00:00,463.5,486.0,420.0,475.5,3031.04
2019-12-12 05:00:00,486.0,548.25,478.665,547.5,8538.4133
2019-12-13 05:00:00,546.0,576.0,514.5,514.5,5563.7
2019-12-16 05:00:00,528.0,536.925,474.0,508.5,4449.58
2019-12-17 05:00:00,508.5,511.5,450.0,468.0,4081.5067
2019-12-18 05:00:00,472.5,487.5,441.0,444.0,2770.5
2019-12-19 05:00:00,411.0,424.2,406.5,418.5,14624.18
2019-12-20 05:00:00,424.5,438.0,414.0,420.0,7871.0533
2019-12-23 05:00:00,423.0,427.5,409.5,414.0,4066.42
2019-12-24 05:00:00,436.5,442.5,415.5,421.5,1835.7267
2019-12-26 05:00:00,436.5,439.5,414.0,417.0,2168.22
2019-12-27 05:00:00,427.5,427.5,409.5,417.0,2674.4533
2019-12-30 05:00:00,418.5,439.5,414.0,426.0,3488.7133
2019-12-31 05:00:00,435.0,439.5,417.0,429.0,2318.3
2020-01-02 05:00:00,439.5,439.5,412.5,420.0,2159.3667
2020-01-03 05:00:00,414.0,427.5,414.0,424.5,3858.9533
2020-01-06 05:00:00,420.0,435.0,412.5,429.0,1644.0467
2020-01-07 05:00:00,432.0,433.5,415.5,420.0,1593.1867
2020-01-08 05:00:00,420.0,423.0,378.0,387.0,6558.6467
2020-01-09 05:00:00,387.0,397.5,376.5,385.5,6676.5733
2020-01-10 05:00:00,390.0,411.0,381.0,409.5,2033.2733
2020-01-13 05:00:00,417.0,420.0,384.0,388.5,2715.9333
2020-01-14 05:00:00,384.0,394.5,384.0,388.5,834.8267
2020-01-15 05:00:00,388.5,403.5,388.5,396.0,1154.5133
2020-01-16 05:00:00,399.0,405.0,366.0,372.0,2607.8333
2020-01-17 05:00:00,373.5,394.5,370.5,373.5,2560.2133
2020-01-21 05:00:00,369.0,388.5,363.0,385.5,1147.0667
2020-01-22 05:00:00,399.0,403.5,379.5,399.0,1183.2
2020-01-23 05:00:00,399.0,407.46,387.0,394.5,1146.7467
2020-01-24 05:00:00,394.5,400.5,364.5,364.5,1247.1333
2020-01-27 05:00:00,361.5,378.0,355.5,355.5,2991.0
2020-01-28 05:00:00,355.5,385.5,355.5,369.0,8005.8933
2020-01-29 05:00:00,376.5,393.0,375.0,376.5,1628.0133
2020-01-30 05:00:00,382.5,386.745,376.5,379.5,1074.8933
2020-01-31 05:00:00,382.5,385.5,346.5,358.5,1681.7067
2020-02-03 05:00:00,360.0,372.0,358.5,364.5,1885.2133
2020-02-04 05:00:00,369.0,382.5,367.5,375.0,964.1467
2020-02-05 05:00:00,384.0,387.0,375.0,381.0,1816.94
2020-02-06 05:00:00,382.5,393.0,376.5,388.5,780.9933
2020-02-07 05:00:00,391.5,395.985,376.5,381.0,825.6533
2020-02-10 05:00:00,376.5,384.0,369.0,375.0,1346.04
2020-02-11 05:00:00,378.0,387.0,372.0,375.0,744.58
2020-02-12 05:00:00,376.5,379.455,357.0,361.5,1141.68
2020-02-13 05:00:00,361.5,375.0,348.0,358.5,2722.6467
2020-02-14 05:00:00,358.5,367.5,346.5,357.0,1168.2
2020-02-18 05:00:00,361.5,364.5,342.0,348.0,1057.3933
2020-02-19 05:00:00,352.5,369.0,319.5,331.5,2294.0867
2020-02-20 05:00:00,330.0,336.0,310.5,319.5,3166.1067
2020-02-21 05:00:00,319.5,330.0,314.01,322.5,2464.62
2020-02-24 05:00:00,313.5,330.0,309.0,318.0,1051.4333
2020-02-25 05:00:00,315.0,325.5,294.0,301.5,3777.18
2020-02-26 05:00:00,301.5,314.73,288.0,294.0,3036.8
2020-02-27 05:00:00,288.0,304.5,270.0,298.5,1978.6067
2020-02-28 05:00:00,286.5,304.5,277.5,292.5,2272.3933
2020-03-02 05:00:00,301.5,306.0,283.5,294.0,1054.0533
2020-03-03 05:00:00,319.5,324.0,285.0,295.5,1607.4867
2020-03-04 05:00:00,304.5,342.0,295.5,334.5,2508.4933
2020-03-05 05:00:00,327.0,342.75,307.5,322.5,6751.5933
2020-03-06 05:00:00,319.5,330.0,318.0,318.0,1135.32
2020-03-09 04:00:00,306.0,307.5,270.0,283.5,2557.7333
2020-03-10 04:00:00,291.0,306.0,232.5,265.5,1748.8667
2020-03-11 04:00:00,250.5,280.5,243.0,249.0,1741.6267
2020-03-12 04:00:00,228.0,231.75,165.0,196.5,3683.4267
2020-03-13 04:00:00,205.5,207.84,177.0,178.5,5971.2333
2020-03-16 04:00:00,172.5,183.0,163.5,171.0,2943.3533
2020-03-17 04:00:00,172.5,189.0,168.0,187.5,1959.5133
2020-03-18 04:00:00,186.0,186.0,153.0,154.5,1558.8867
2020-03-19 04:00:00,154.5,163.5,150.0,156.0,4422.4
2020-03-20 04:00:00,168.0,177.0,143.595,154.5,3227.1867
2020-03-23 04:00:00,160.5,163.5,145.5,162.0,2140.4667
2020-03-24 04:00:00,166.5,171.0,157.5,159.0,1121.4133
2020-03-25 04:00:00,162.0,183.0,162.0,180.0,4388.9467
2020-03-26 04:00:00,181.5,207.0,181.5,204.0,1645.4467
2020-03-27 04:00:00,205.5,208.5,189.0,198.0,1687.6333
2020-03-30 04:00:00,196.5,208.5,195.0,205.5,636.5933
2020-03-31 04:00:00,214.5,225.0,207.0,222.0,837.6067
2020-04-01 04:00:00,214.5,220.5,199.5,211.5,1336.0533
2020-04-02 04:00:00,210.0,219.0,199.5,202.5,689.0667
2020-04-03 04:00:00,196.5,211.5,195.0,204.0,775.3867
2020-04-06 04:00:00,207.0,223.5,202.5,211.5,1020.7933
2020-04-07 04:00:00,225.0,249.0,213.0,241.5,1349.34
2020-04-08 04:00:00,247.5,274.5,246.0,274.5,977.4667
2020-04-09 04:00:00,285.0,300.0,255.0,292.5,2091.1933
2020-04-13 04:00:00,289.5,307.5,264.0,298.5,1163.0733
2020-04-14 04:00:00,304.5,312.0,277.515,291.0,640.94
2020-04-15 04:00:00,285.0,298.5,280.695,286.5,345.68
2020-04-16 04:00:00,291.0,300.0,286.515,292.5,570.5533
2020-04-17 04:00:00,300.0,312.0,295.5,307.5,660.3
2020-04-20 04:00:00,307.5,307.5,286.5,297.0,588.8267
2020-04-21 04:00:00,292.5,333.0,291.0,325.5,1890.2067
2020-04-22 04:00:00,331.5,337.5,319.5,322.5,1062.8067
2020-04-23 04:00:00,322.5,336.0,320.655,330.0,554.4
2020-04-24 04:00:00,334.5,358.5,327.0,327.0,1703.6667
2020-04-27 04:00:00,328.5,343.5,307.5,324.0,1295.4533
2020-04-28 04:00:00,330.0,336.0,318.0,330.0,755.2467
2020-04-29 04:00:00,330.0,334.5,325.5,325.5,871.5
2020-04-30 04:00:00,328.5,334.5,303.0,316.5,902.4467
2020-05-01 04:00:00,315.0,315.0,277.5,280.5,994.6667
2020-05-04 04:00:00,280.5,319.5,280.5,310.5,1255.5267
2020-05-05 04:00:00,315.0,351.0,313.5,337.5,1285.5867
2020-05-06 04:00:00,339.0,373.5,327.015,370.5,1994.8467
2020-05-07 04:00:00,373.5,373.5,351.0,357.0,847.4133
2020-05-08 04:00:00,358.5,397.5,349.515,384.0,1738.3733
2020-05-11 04:00:00,385.5,412.5,380.07,399.0,2665.1933
2020-05-12 04:00:00,408.0,415.5,382.5,403.5,1590.9533
2020-05-13 04:00:00,397.5,403.5,364.5,370.5,870.1667
2020-05-14 04:00:00,384.0,387.75,330.0,352.5,1033.4733
2020-05-15 04:00:00,357.0,375.0,354.0,364.5,755.12
2020-05-18 04:00:00,376.5,411.0,364.5,403.5,1875.82
2020-05-19 04:00:00,412.5,412.5,402.0,403.5,1705.6867
2020-05-20 04:00:00,400.5,427.5,400.5,415.5,1324.5867
2020-05-21 04:00:00,415.5,426.0,408.9,412.5,1487.9867
2020-05-22 04:00:00,414.0,420.0,403.5,415.5,929.3067
2020-05-26 04:00:00,417.0,418.5,387.0,399.0,1239.46
2020-05-27 04:00:00,399.0,406.5,376.5,387.0,1326.1267
2020-05-28 04:00:00,393.0,412.5,376.5,400.5,877.72
2020-05-29 04:00:00,402.0,415.5,385.5,415.5,1125.9
2020-06-01 04:00:00,414.0,427.5,400.5,418.5,1286.92
2020-06-02 04:00:00,420.0,427.5,400.5,409.5,1755.6133
2020-06-03 04:00:00,409.5,427.5,396.0,408.0,1101.42
2020-06-04 04:00:00,408.0,435.0,408.0,418.5,4122.5333
2020-06-05 04:00:00,435.0,457.5,420.0,444.0,5955.1533
2020-06-08 04:00:00,495.0,495.0,453.0,465.0,3688.2467
2020-06-09 04:00:00,471.0,478.5,450.0,450.0,1777.8067
2020-06-10 04:00:00,454.5,472.5,429.0,472.5,2270.14
2020-06-11 04:00:00,450.0,450.0,375.0,388.5,3424.58
2020-06-12 04:00:00,409.5,463.5,406.5,412.5,2680.5667
2020-06-15 04:00:00,442.5,465.0,420.0,426.0,4006.3333
2020-06-16 04:00:00,442.5,450.0,426.0,439.5,2262.8933
2020-06-17 04:00:00,445.5,448.965,406.5,420.0,1939.6667
2020-06-18 04:00:00,412.5,440.985,397.5,402.0,1653.0933
2020-06-19 04:00:00,414.0,447.0,412.5,447.0,3067.9067
2020-06-22 04:00:00,465.0,471.0,367.5,390.0,4524.9267
2020-06-23 04:00:00,402.0,424.5,402.0,423.0,2082.0733
2020-06-24 04:00:00,424.5,442.5,402.0,417.0,2765.14
2020-06-25 04:00:00,397.5,463.5,397.5,438.0,5488.0533
2020-06-26 04:00:00,429.0,448.5,385.5,402.0,50061.9267
2020-06-29 04:00:00,405.0,405.585,364.5,375.0,3643.0333
2020-06-30 04:00:00,370.5,376.5,351.0,366.0,2182.6333
2020-07-01 04:00:00,369.0,375.015,357.825,360.0,1009.68
2020-07-02 04:00:00,372.0,382.5,360.0,372.0,1066.0467
2020-07-06 04:00:00,381.0,381.0,366.0,375.75,1771.72
2020-07-07 04:00:00,370.5,376.5,354.0,357.0,832.12
2020-07-08 04:00:00,357.0,367.5,339.0,355.5,1513.64
2020-07-09 04:00:00,352.5,361.5,334.5,340.5,1643.94
2020-07-10 04:00:00,339.0,357.75,337.5,357.0,715.4867
2020-07-13 04:00:00,361.5,361.5,336.0,337.5,869.8333
2020-07-14 04:00:00,339.0,354.0,331.515,352.5,817.7867
2020-07-15 04:00:00,360.0,382.5,357.0,369.0,1894.2
2020-07-16 04:00:00,370.5,384.0,360.0,372.0,828.8133
2020-07-17 04:00:00,372.0,378.0,360.0,361.5,1492.0733
2020-07-20 04:00:00,360.0,384.0,357.0,379.5,1464.3067
2020-07-21 04:00:00,384.0,396.0,376.5,385.5,1154.94
2020-07-22 04:00:00,382.5,393.0,367.5,369.0,812.22
2020-07-23 04:00:00,364.5,367.5,349.5,352.5,1127.98
2020-07-24 04:00:00,348.0,360.0,345.0,346.5,709.6333
2020-07-27 04:00:00,346.5,354.0,334.785,340.5,1798.78
2020-07-28 04:00:00,345.0,360.0,339.0,342.0,804.54
2020-07-29 04:00:00,342.0,355.5,339.0,349.5,791.2933
2020-07-30 04:00:00,339.0,352.5,339.0,342.0,687.3933
2020-07-31 04:00:00,337.5,349.5,330.0,336.0,993.8933
2020-08-03 04:00:00,337.5,351.0,337.5,346.5,670.6867
2020-08-04 04:00:00,343.5,352.5,343.5,349.5,404.0
2020-08-05 04:00:00,354.0,358.5,352.335,357.0,657.94
2020-08-06 04:00:00,360.0,361.5,342.0,346.5,423.32
2020-08-07 04:00:00,346.5,361.5,342.24,360.0,899.4667
2020-08-10 04:00:00,361.5,373.5,346.5,358.5,1490.8667
2020-08-11 04:00:00,366.0,370.5,348.0,348.0,865.3067
2020-08-12 04:00:00,357.0,357.0,342.0,345.0,1445.3267
2020-08-13 04:00:00,346.5,351.0,325.5,334.5,1348.78
2020-08-14 04:00:00,334.5,351.0,331.185,345.0,719.5733
2020-08-17 04:00:00,343.5,358.5,343.5,351.0,553.6133
2020-08-18 04:00:00,352.5,352.5,340.5,342.0,534.6
2020-08-19 04:00:00,343.5,352.5,336.0,340.5,489.5333
2020-08-20 04:00:00,334.5,346.5,334.5,342.0,442.9733
2020-08-21 04:00:00,342.0,345.0,309.27,318.0,1309.5067
2020-08-24 04:00:00,316.5,325.5,301.5,304.5,1417.8
2020-08-25 04:00:00,310.5,316.5,307.08,313.5,576.0667
2020-08-26 04:00:00,315.0,331.5,313.5,322.5,628.2133
2020-08-27 04:00:00,327.0,333.0,312.0,316.5,826.4067
2020-08-28 04:00:00,319.5,322.5,309.015,317.25,436.1333
2020-08-31 04:00:00,313.5,327.0,280.5,298.5,2498.3667
2020-09-01 04:00:00,297.0,300.0,292.5,294.0,588.4
2020-09-02 04:00:00,292.5,303.0,285.0,301.5,759.6267
2020-09-03 04:00:00,304.5,307.5,274.5,286.5,1085.0933
2020-09-04 04:00:00,289.5,297.0,270.0,283.5,528.24
2020-09-08 04:00:00,277.5,289.5,272.19,283.5,391.74
2020-09-09 04:00:00,289.5,291.0,280.5,283.5,356.94
2020-09-10 04:00:00,285.0,310.5,285.0,294.0,1131.8333
2020-09-11 04:00:00,292.5,306.0,274.5,274.5,1605.0333
2020-09-14 04:00:00,277.5,310.5,274.5,298.5,719.32
2020-09-15 04:00:00,300.0,310.5,295.5,301.5,9503.92
2020-09-16 04:00:00,310.5,315.0,301.5,306.75,1478.42
2020-09-17 04:00:00,319.5,325.485,301.5,304.5,2098.9067
2020-09-18 04:00:00,309.0,312.0,292.5,307.5,2486.82
2020-09-21 04:00:00,303.0,306.0,278.25,286.5,2194.4867
2020-09-22 04:00:00,299.25,299.25,285.0,288.0,764.7
2020-09-23 04:00:00,289.5,297.0,273.0,277.5,984.3
2020-09-24 04:00:00,274.5,300.0,267.0,270.0,1574.9067
2020-09-25 04:00:00,274.5,274.5,258.15,262.5,1807.3867
2020-09-28 04:00:00,265.5,268.5,253.5,259.5,1443.9733
2020-09-29 04:00:00,256.5,262.5,253.5,261.0,953.2133
2020-09-30 04:00:00,262.5,262.5,258.0,262.5,433.3867
2020-10-01 04:00:00,267.0,268.5,252.0,258.0,979.1267
2020-10-02 04:00:00,247.5,258.0,247.5,250.5,817.1267
2020-10-05 04:00:00,255.0,262.5,251.01,253.5,864.2667
2020-10-06 04:00:00,255.0,261.0,240.0,240.0,1416.0333
2020-10-07 04:00:00,246.0,250.5,241.5,247.5,1130.04
2020-10-08 04:00:00,258.0,300.0,254.025,291.0,2962.9067
2020-10-09 04:00:00,289.5,290.265,277.5,286.5,1476.72
2020-10-12 04:00:00,292.5,292.5,277.5,279.0,740.8533
2020-10-13 04:00:00,279.0,291.0,276.0,285.0,354.68
2020-10-14 04:00:00,288.0,300.0,276.0,277.5,473.04
2020-10-15 04:00:00,276.0,292.5,268.5,289.5,782.6733
2020-10-16 04:00:00,282.0,300.0,282.0,297.0,937.92
2020-10-19 04:00:00,288.75,300.0,277.5,279.0,672.4933
2020-10-20 04:00:00,283.5,289.5,264.0,267.0,791.9867
2020-10-21 04:00:00,268.5,274.5,252.0,253.5,909.0067
2020-10-22 04:00:00,253.5,255.0,225.0,241.5,2585.7867
2020-10-23 04:00:00,246.0,254.985,243.0,250.5,706.48
2020-10-26 04:00:00,247.5,249.0,226.5,231.0,1176.58
2020-10-27 04:00:00,231.0,238.665,228.0,237.0,544.5267
2020-10-28 04:00:00,232.5,246.0,225.0,226.5,944.1733
2020-10-29 04:00:00,234.75,234.75,217.5,225.0,530.4733
2020-10-30 04:00:00,225.0,226.5,219.0,225.0,692.86
2020-11-02 05:00:00,228.0,246.0,220.5,228.0,1182.2933
2020-11-03 05:00:00,229.5,241.5,225.0,240.0,939.9267
2020-11-04 05:00:00,237.0,246.0,231.015,240.0,450.9533
2020-11-05 05:00:00,241.5,241.5,229.5,237.0,609.1333
2020-11-06 05:00:00,241.5,241.5,231.0,232.5,328.7667
2020-11-09 05:00:00,244.5,261.0,237.0,246.0,1375.96
2020-11-10 05:00:00,249.0,282.0,249.0,273.0,1064.3867
2020-11-11 05:00:00,277.5,300.0,268.515,291.0,2118.54
2020-11-12 05:00:00,286.5,292.5,255.0,264.0,1505.88
2020-11-13 05:00:00,265.5,279.0,249.0,258.0,3182.3067
2020-11-16 05:00:00,261.0,271.5,248.25,258.0,2564.24
2020-11-17 05:00:00,259.5,259.5,220.5,225.0,5136.6667
2020-11-18 05:00:00,235.5,235.5,225.0,226.5,1826.8333
2020-11-19 05:00:00,226.5,229.5,208.5,220.5,3330.54
2020-11-20 05:00:00,220.5,223.5,208.5,217.5,2831.5067
2020-11-23 05:00:00,217.5,219.0,207.0,214.5,3220.8533
2020-11-24 05:00:00,217.5,220.5,208.5,210.0,2230.3267
2020-11-25 05:00:00,211.5,222.0,210.0,211.5,1959.1667
2020-11-27 05:00:00,217.5,241.965,213.0,240.0,1576.64
2020-11-30 05:00:00,243.0,244.5,217.5,234.0,2849.58
2020-12-01 05:00:00,238.5,240.0,220.5,222.0,1825.02
2020-12-02 05:00:00,223.5,227.25,219.0,220.5,1124.58
2020-12-03 05:00:00,222.0,223.095,211.5,216.0,2251.64
2020-12-04 05:00:00,216.0,231.0,208.5,226.5,6715.02
2020-12-07 05:00:00,226.5,229.5,217.5,217.5,1946.6533
2020-12-08 05:00:00,219.0,239.805,216.0,226.5,4117.0067
2020-12-09 05:00:00,243.0,255.0,225.0,229.5,3154.9533
2020-12-10 05:00:00,231.0,264.0,231.0,256.5,4214.2733
2020-12-11 05:00:00,256.5,262.5,241.5,244.5,1159.06
2020-12-14 05:00:00,247.5,255.0,223.5,223.5,4300.7467
2020-12-15 05:00:00,229.5,240.0,223.5,238.5,2091.5467
2020-12-16 05:00:00,243.0,247.5,229.5,231.0,1467.54
2020-12-17 05:00:00,234.0,238.5,228.0,237.0,864.94
2020-12-18 05:00:00,271.5,300.0,241.5,298.5,21162.9733
2020-12-21 05:00:00,322.5,337.5,300.0,315.0,9116.5067
2020-12-22 05:00:00,300.0,307.5,273.0,289.5,5825.5733
2020-12-23 05:00:00,292.5,307.5,282.0,297.0,2951.6933
2020-12-24 05:00:00,300.0,303.0,285.0,289.5,1320.18
2020-12-28 05:00:00,301.5,306.0,273.0,277.5,2698.0267
2020-12-29 05:00:00,280.5,289.5,259.5,267.0,2622.3933
2020-12-30 05:00:00,271.5,277.5,264.0,273.0,2008.78
2020-12-31 05:00:00,274.5,274.5,255.0,265.5,3269.5333
2021-01-04 05:00:00,276.0,280.83,264.0,273.0,2229.9467
2021-01-05 05:00:00,276.0,310.5,276.0,304.5,4604.62
2021-01-06 05:00:00,307.5,313.5,285.0,300.0,4659.4667
2021-01-07 05:00:00,300.0,310.5,289.5,295.5,3680.3933
2021-01-08 05:00:00,300.0,307.5,288.0,300.0,2286.2733
2021-01-11 05:00:00,318.0,367.5,310.5,345.0,11427.2667
2021-01-12 05:00:00,331.5,337.5,310.5,337.5,4562.2133
2021-01-13 05:00:00,334.5,367.5,325.5,360.0,4795.24
2021-01-14 05:00:00,359.07,381.0,348.0,375.0,4090.9933
2021-01-15 05:00:00,375.0,381.0,337.5,346.5,4144.9667
2021-01-19 05:00:00,370.5,375.0,324.75,342.0,6567.9733
2021-01-20 05:00:00,342.0,363.0,339.0,340.5,4006.54
2021-01-21 05:00:00,352.5,357.0,333.0,346.5,2292.3133
2021-01-22 05:00:00,342.0,352.5,334.5,349.5,2305.38
2021-01-25 05:00:00,348.0,349.5,331.5,343.5,2615.14
2021-01-26 05:00:00,349.5,349.5,330.0,333.0,3881.9467
2021-01-27 05:00:00,330.0,358.5,304.5,330.0,5186.0467
2021-01-28 05:00:00,337.5,343.185,313.5,322.5,2067.26
2021-01-29 05:00:00,321.0,333.0,301.5,319.5,3897.3467
2021-02-01 05:00:00,319.5,337.5,304.5,325.5,2498.5867
2021-02-02 05:00:00,333.0,337.5,324.0,336.0,1395.6133
2021-02-03 05:00:00,336.0,355.26,336.0,346.5,2236.9133
2021-02-04 05:00:00,349.5,367.5,336.0,346.5,2985.0467
2021-02-05 05:00:00,355.5,358.485,325.5,349.5,3635.8467
2021-02-08 05:00:00,352.5,359.55,342.0,351.0,3457.9133
2021-02-09 05:00:00,360.0,373.5,355.5,363.0,5125.4733
2021-02-10 05:00:00,375.0,420.0,371.25,420.0,7812.1133
2021-02-11 05:00:00,420.0,420.0,379.5,393.0,5719.92
2021-02-12 05:00:00,401.64,424.5,394.5,408.0,5087.8067
2021-02-16 05:00:00,411.0,414.0,376.5,400.5,4316.4133
2021-02-17 05:00:00,411.0,420.0,393.0,402.0,2893.9867
2021-02-18 05:00:00,403.5,410.985,375.0,384.0,2700.9333
2021-02-19 05:00:00,384.0,399.0,366.0,378.0,3599.62
2021-02-22 05:00:00,376.5,382.5,352.53,358.5,3817.6733
2021-02-23 05:00:00,348.0,357.0,325.5,343.5,3865.4
2021-02-24 05:00:00,349.5,370.5,343.5,360.0,1350.2267
2021-02-25 05:00:00,349.5,375.0,330.0,337.5,2544.56
2021-02-26 05:00:00,337.5,341.265,318.0,325.5,2290.6933
2021-03-01 05:00:00,337.5,340.5,324.0,328.5,2411.1133
2021-03-02 05:00:00,361.5,361.5,327.0,340.5,4664.4867
2021-03-03 05:00:00,345.0,353.205,322.5,334.5,2995.7267
2021-03-04 05:00:00,327.0,339.0,300.0,310.5,9291.8733
2021-03-05 05:00:00,330.0,330.0,298.5,309.0,5853.52
2021-03-08 05:00:00,315.0,315.0,292.5,304.5,4464.0133
2021-03-09 05:00:00,310.5,327.0,303.75,314.25,4779.3
2021-03-10 05:00:00,322.5,322.5,289.5,291.0,3646.9067
2021-03-11 05:00:00,298.5,384.0,291.0,375.0,16120.0867
2021-03-12 05:00:00,358.5,375.0,337.5,367.5,5927.7267
2021-03-15 04:00:00,390.0,390.0,368.25,378.0,3321.48
2021-03-16 04:00:00,388.5,391.5,361.5,388.5,9241.5
2021-03-17 04:00:00,387.0,388.5,371.25,381.0,2802.3067
2021-03-18 04:00:00,400.5,401.955,352.5,354.0,4569.3867
2021-03-19 04:00:00,369.0,370.5,348.0,367.5,5687.9467
2021-03-22 04:00:00,375.0,396.0,372.015,385.5,6116.92
2021-03-23 04:00:00,384.0,396.0,339.0,340.5,4977.4067
2021-03-24 04:00:00,340.5,343.5,304.5,310.5,4991.5867
2021-03-25 04:00:00,303.0,328.5,297.0,327.0,3862.56
2021-03-26 04:00:00,334.5,335.1,316.5,328.5,3218.42
2021-03-29 04:00:00,322.5,327.0,309.405,315.0,2479.3667
2021-03-30 04:00:00,313.5,328.5,310.65,321.0,2709.6933
2021-03-31 04:00:00,321.0,330.0,318.0,327.0,2722.26
2021-04-01 04:00:00,331.5,336.765,324.0,336.0,2045.18
2021-04-05 04:00:00,333.0,337.5,322.5,327.0,2706.9133
2021-04-06 04:00:00,325.5,331.5,324.0,327.0,2179.52
2021-04-07 04:00:00,327.0,333.0,310.5,313.5,2490.5533
2021-04-08 04:00:00,313.5,321.0,304.5,318.0,4248.1333
2021-04-09 04:00:00,315.0,321.0,300.0,304.5,3479.82
2021-04-12 04:00:00,303.0,304.5,285.015,289.5,3426.1867
2021-04-13 04:00:00,295.5,295.5,285.0,289.5,2205.2933
2021-04-14 04:00:00,288.0,297.0,285.0,285.0,1704.5333
2021-04-15 04:00:00,285.345,288.0,264.0,276.0,5235.16
2021-04-16 04:00:00,274.5,278.25,265.5,270.0,2200.9333
2021-04-19 04:00:00,276.0,276.0,253.5,255.0,2898.24
2021-04-20 04:00:00,255.0,259.5,244.5,250.5,2293.14
2021-04-21 04:00:00,250.5,264.0,249.0,258.0,1778.1867
2021-04-22 04:00:00,256.5,265.5,249.0,255.0,2099.0667
2021-04-23 04:00:00,255.0,273.0,255.0,270.0,2280.1
2021-04-26 04:00:00,270.0,282.0,266.25,282.0,1427.5533
2021-04-27 04:00:00,280.5,286.5,277.5,285.0,1723.2867
2021-04-28 04:00:00,285.0,304.35,285.0,301.5,4267.5667
2021-04-29 04:00:00,300.0,300.0,291.0,295.5,2445.6333
2021-04-30 04:00:00,292.5,300.0,288.0,295.5,2280.6067
2021-05-03 04:00:00,295.5,295.5,286.5,291.0,1644.1533
2021-05-04 04:00:00,289.5,289.5,276.0,277.5,2008.68
2021-05-05 04:00:00,279.0,280.35,265.5,268.5,2077.0133
2021-05-06 04:00:00,268.5,279.06,264.0,267.0,2880.7067
2021-05-07 04:00:00,270.0,273.0,265.5,271.5,1531.5733
2021-05-10 04:00:00,271.5,271.5,259.5,261.0,2249.1667
2021-05-11 04:00:00,256.5,267.0,249.0,262.5,1010.02
2021-05-12 04:00:00,256.5,265.5,249.0,252.0,1559.2933
2021-05-13 04:00:00,249.0,259.5,220.515,231.0,4432.98
2021-05-14 04:00:00,232.5,238.5,222.0,222.75,2407.1533
2021-05-17 04:00:00,217.5,226.5,213.75,219.0,3717.16
2021-05-18 04:00:00,222.0,243.0,220.5,231.0,2662.08
2021-05-19 04:00:00,223.5,229.5,220.5,228.0,2850.2133
2021-05-20 04:00:00,228.0,249.0,228.0,241.5,2218.6467
2021-05-21 04:00:00,262.5,270.0,237.0,243.0,4553.12
2021-05-24 04:00:00,244.5,253.5,237.0,249.0,3686.54
2021-05-25 04:00:00,252.0,252.0,240.0,241.5,1893.6733
2021-05-26 04:00:00,240.0,247.5,240.0,247.5,785.9467
2021-05-27 04:00:00,246.0,262.5,241.5,259.5,1235.2533
2021-05-28 04:00:00,259.5,261.75,249.0,250.5,1041.4133
2021-06-01 04:00:00,256.5,258.0,250.5,258.0,1072.3733
2021-06-02 04:00:00,258.0,258.0,252.0,256.5,1260.3267
2021-06-03 04:00:00,255.0,260.25,250.5,255.0,986.2867
2021-06-04 04:00:00,255.0,256.5,249.0,250.5,1815.0
2021-06-07 04:00:00,261.0,267.0,252.0,261.0,2055.5067
2021-06-08 04:00:00,261.0,267.0,252.0,258.0,1326.8333
2021-06-09 04:00:00,253.5,265.5,253.5,258.0,1055.74
2021-06-10 04:00:00,258.0,262.5,252.0,261.0,701.8
2021-06-11 04:00:00,261.0,261.0,247.5,252.0,3984.6533
2021-06-14 04:00:00,250.5,258.0,249.0,253.5,1487.6533
2021-06-15 04:00:00,256.5,258.0,247.5,250.5,1737.3467
2021-06-16 04:00:00,250.5,253.5,247.5,249.0,1807.7333
2021-06-17 04:00:00,249.0,252.0,246.0,250.5,1985.7467
2021-06-18 04:00:00,247.5,250.5,243.0,249.0,2155.2
2021-06-21 04:00:00,244.5,244.5,232.5,235.5,4266.0733
2021-06-22 04:00:00,232.5,232.5,225.0,231.0,2461.1067
2021-06-23 04:00:00,231.0,234.0,222.0,226.5,4173.0
2021-06-24 04:00:00,226.5,228.0,219.0,226.5,3764.4267
2021-06-25 04:00:00,228.0,246.0,225.0,234.0,51597.5733
2021-06-28 04:00:00,235.5,245.25,232.5,240.0,2085.4933
2021-06-29 04:00:00,243.0,246.0,225.0,229.5,1549.6933
2021-06-30 04:00:00,231.0,233.49,223.5,225.0,2145.6467
2021-07-01 04:00:00,225.0,231.0,219.0,229.5,3690.78
2021-07-02 04:00:00,229.5,235.485,220.5,229.5,2524.6933
2021-07-06 04:00:00,231.0,231.0,216.0,217.5,2955.4
2021-07-07 04:00:00,217.5,219.0,211.5,213.0,1699.6467
2021-07-08 04:00:00,210.0,219.0,205.5,219.0,2182.7267
2021-07-09 04:00:00,223.5,237.0,214.5,234.0,4562.54
2021-07-12 04:00:00,237.0,237.0,223.5,223.5,2811.2933
2021-07-13 04:00:00,225.0,228.0,220.5,220.5,1890.12
2021-07-14 04:00:00,223.5,225.0,220.5,220.5,1789.68
2021-07-15 04:00:00,220.5,223.485,210.0,213.0,2242.46
2021-07-16 04:00:00,216.0,216.0,210.0,210.0,1268.4667
2021-07-19 04:00:00,210.0,217.5,207.0,217.5,1770.2667
2021-07-20 04:00:00,219.0,220.5,207.0,207.0,2184.6933
2021-07-21 04:00:00,207.0,219.0,207.0,214.5,954.6
2021-07-22 04:00:00,216.0,217.5,211.5,214.5,301.2333
2021-07-23 04:00:00,213.0,216.0,208.5,214.5,708.3933
2021-07-26 04:00:00,214.5,217.5,205.5,208.5,975.1667
2021-07-27 04:00:00,211.5,211.5,201.0,204.0,1166.8667
2021-07-28 04:00:00,202.5,210.0,201.0,208.5,600.2667
2021-07-29 04:00:00,210.0,211.005,202.5,204.0,729.66
2021-07-30 04:00:00,201.0,210.0,201.0,202.5,759.58
2021-08-02 04:00:00,277.5,297.0,252.0,271.5,717696.4667
2021-08-03 04:00:00,250.5,261.0,223.5,228.0,76836.9467
2021-08-04 04:00:00,219.0,229.5,210.0,211.5,22178.88
2021-08-05 04:00:00,208.5,211.5,196.5,198.0,17760.1867
2021-08-06 04:00:00,195.0,202.5,192.0,196.5,10321.2667
2021-08-09 04:00:00,195.0,198.0,187.5,190.5,9264.6067
2021-08-10 04:00:00,190.5,192.0,177.0,178.5,9705.36
2021-08-11 04:00:00,180.0,180.0,172.5,177.0,7095.2
2021-08-12 04:00:00,177.465,186.0,169.5,183.0,8209.0333
2021-08-13 04:00:00,184.5,184.5,176.85,178.5,3418.22
2021-08-16 04:00:00,175.5,178.5,169.5,172.5,4405.8333
2021-08-17 04:00:00,174.0,174.0,163.5,169.5,8124.5733
2021-08-18 04:00:00,163.5,175.5,163.5,171.0,3227.6133
2021-08-19 04:00:00,174.0,175.5,163.5,165.0,2965.0733
2021-08-20 04:00:00,169.5,177.0,166.095,172.5,2294.7867
2021-08-23 04:00:00,177.0,184.5,172.5,183.0,2184.4067
2021-08-24 04:00:00,183.0,194.25,181.74,190.5,2643.2067
2021-08-25 04:00:00,185.205,201.225,185.205,199.5,3020.3333
2021-08-26 04:00:00,201.0,204.0,195.0,201.0,2608.5333
2021-08-27 04:00:00,201.0,210.0,198.0,205.5,4080.5
2021-08-30 04:00:00,201.0,205.5,195.0,201.0,2896.8667
2021-08-31 04:00:00,204.0,211.5,199.5,210.0,2509.4067
2021-09-01 04:00:00,213.0,213.0,205.5,205.5,944.2067
2021-09-02 04:00:00,208.5,217.5,205.5,210.0,2466.76
2021-09-03 04:00:00,210.0,210.0,202.5,210.0,1733.3267
2021-09-07 04:00:00,207.0,213.0,199.5,204.0,1692.8733
2021-09-08 04:00:00,207.0,208.5,193.5,202.5,1841.58
2021-09-09 04:00:00,202.5,211.5,200.85,210.0,1574.3667
2021-09-10 04:00:00,211.5,211.5,202.5,204.0,1561.3333
2021-09-13 04:00:00,207.0,210.0,199.5,205.5,2223.0133
2021-09-14 04:00:00,208.5,208.5,198.0,201.0,1434.2133
2021-09-15 04:00:00,201.0,204.0,198.0,202.5,1406.1867
2021-09-16 04:00:00,204.0,208.5,199.5,207.0,936.7933
2021-09-17 04:00:00,204.0,211.5,201.0,211.5,1782.3133
2021-09-20 04:00:00,205.5,208.5,199.5,199.5,1140.2067
2021-09-21 04:00:00,201.0,208.5,199.5,204.0,811.62
2021-09-22 04:00:00,201.0,205.5,192.0,192.0,3542.5067
2021-09-23 04:00:00,195.0,198.0,193.5,196.5,1252.22
2021-09-24 04:00:00,195.0,201.0,190.5,193.5,1942.1467
2021-09-27 04:00:00,192.0,202.5,192.0,193.5,1723.28
2021-09-28 04:00:00,192.0,192.0,183.0,183.0,1065.9467
2021-09-29 04:00:00,184.5,187.5,178.5,180.0,1025.0133
2021-09-30 04:00:00,178.5,183.0,177.0,180.0,25319.3933
2021-10-01 04:00:00,180.0,181.5,174.0,174.0,1358.1867
2021-10-04 04:00:00,177.0,190.5,174.0,187.5,2654.9333
2021-10-05 04:00:00,187.5,187.5,174.0,180.0,945.0467
2021-10-06 04:00:00,175.5,183.0,171.06,175.5,860.0067
2021-10-07 04:00:00,174.0,189.0,174.0,187.5,6573.68
2021-10-08 04:00:00,187.5,195.0,187.5,192.0,2143.2467
2021-10-11 04:00:00,189.0,195.0,181.5,183.0,1712.2467
2021-10-12 04:00:00,180.0,187.5,165.3,171.0,2752.96
2021-10-13 04:00:00,177.0,183.0,176.985,180.0,2252.02
2021-10-14 04:00:00,183.0,183.0,177.0,181.5,1209.0667
2021-10-15 04:00:00,181.5,181.5,174.0,177.0,1053.1533
2021-10-18 04:00:00,177.0,177.0,172.5,174.0,603.18
2021-10-19 04:00:00,172.5,177.0,172.5,177.0,592.46
2021-10-20 04:00:00,175.5,180.0,172.5,177.0,685.5667
2021-10-21 04:00:00,175.5,177.0,174.0,175.5,589.1
2021-10-22 04:00:00,174.0,180.0,169.5,172.5,1467.7733
2021-10-25 04:00:00,172.5,175.5,169.5,172.5,358.4733
2021-10-26 04:00:00,175.5,177.75,148.8,172.5,2826.7333
2021-10-27 04:00:00,169.5,172.47,168.0,171.0,1141.2533
2021-10-28 04:00:00,168.0,174.0,168.0,171.0,1216.7867
2021-10-29 04:00:00,171.0,174.0,166.5,169.5,701.7933
2021-11-01 04:00:00,171.0,177.0,171.0,174.0,787.98
2021-11-02 04:00:00,174.0,178.5,171.75,175.5,764.2867
2021-11-03 04:00:00,175.5,178.5,172.5,178.5,838.6333
2021-11-04 04:00:00,180.0,180.0,172.5,177.0,1099.64
2021-11-05 04:00:00,177.0,177.915,163.5,166.5,1972.3333
2021-11-08 05:00:00,163.5,166.5,160.5,166.5,950.3467
2021-11-09 05:00:00,162.0,163.5,157.5,160.5,823.0467
2021-11-10 05:00:00,159.0,165.0,159.0,160.5,1496.24
2021-11-11 05:00:00,159.0,172.5,159.0,168.0,1576.0667
2021-11-12 05:00:00,168.0,172.5,157.5,165.0,1058.32
2021-11-15 05:00:00,163.5,168.0,160.5,160.5,2193.72
2021-11-16 05:00:00,137.07,142.5,112.5,116.55,11990.1867
2021-11-17 05:00:00,120.0,123.0,104.997,106.5,5561.4267
2021-11-18 05:00:00,99.0,105.63,97.5,98.7,3787.6933
2021-11-19 05:00:00,92.1,92.1,68.25,69.0,22508.18
2021-11-22 05:00:00,69.78,72.9,67.5,68.7,9122.8933
2021-11-23 05:00:00,69.405,71.85,66.165,68.64,6333.9267
2021-11-24 05:00:00,70.335,82.5,66.675,81.945,6066.22
2021-11-26 05:00:00,81.0,81.0,74.295,74.34,1430.94
2021-11-29 05:00:00,77.7,77.7,69.06,71.28,3804.6533
2021-11-30 05:00:00,72.0,75.0,68.115,70.335,1919.36
2021-12-01 05:00:00,72.0,74.715,69.75,70.425,2176.4133
2021-12-02 05:00:00,69.405,70.5,67.635,68.295,1029.4133
2021-12-03 05:00:00,67.635,72.0,63.3,63.705,2056.6
2021-12-06 05:00:00,64.5,70.5,61.5,63.0,4218.0133
2021-12-07 05:00:00,61.5,67.71,61.5,65.265,4032.8
2021-12-08 05:00:00,67.5,72.75,63.255,69.075,4585.2133
2021-12-09 05:00:00,69.75,71.685,67.5,70.065,1764.76
2021-12-10 05:00:00,63.84,71.85,63.84,68.295,6196.24
2021-12-13 05:00:00,60.0,60.075,40.5,40.515,38023.3533
2021-12-14 05:00:00,50.895,61.035,37.14,37.965,315321.4267
2021-12-15 05:00:00,39.39,40.23,36.45,38.25,73383.88
2021-12-16 05:00:00,38.31,39.99,36.525,39.0,31131.9467
2021-12-17 05:00:00,36.45,38.85,36.075,37.68,17759.0067
2021-12-20 05:00:00,37.425,39.75,34.545,36.12,40459.98
2021-12-21 05:00:00,36.0,37.5,33.795,36.3,54846.5733
2021-12-22 05:00:00,33.795,35.265,33.405,33.615,19438.1333
2021-12-23 05:00:00,33.0,34.005,30.75,32.625,37291.74
2021-12-27 05:00:00,33.0,33.015,31.575,32.265,23109.02
2021-12-28 05:00:00,31.5,32.97,30.495,31.5,21231.0733
2021-12-29 05:00:00,32.19,34.5,28.2,28.68,99446.8667
2021-12-30 05:00:00,28.95,30.735,28.89,29.34,27243.9867
2021-12-31 05:00:00,30.165,32.235,28.5,30.315,49305.1867
2022-01-03 05:00:00,33.105,36.75,32.25,33.765,126355.8867
2022-01-04 05:00:00,35.4,35.49,32.25,33.315,49377.3467
2022-01-05 05:00:00,35.745,35.745,30.18,30.3,43838.8133
2022-01-06 05:00:00,30.3,31.5,29.025,30.45,33724.7067
2022-01-07 05:00:00,30.0,31.5,29.25,29.925,16871.18
2022-01-10 05:00:00,29.64,29.85,28.425,28.545,22881.5667
2022-01-11 05:00:00,30.075,30.435,27.9,29.4,32046.88
2022-01-12 05:00:00,30.0,30.03,28.53,28.62,24763.8333
2022-01-13 05:00:00,29.955,29.955,27.015,27.03,30418.56
2022-01-14 05:00:00,27.0,27.276,25.11,26.55,19279.4
2022-01-18 05:00:00,25.8,25.965,23.4,25.83,28652.7933
2022-01-19 05:00:00,25.83,26.52,24.6,24.915,19080.2133
2022-01-20 05:00:00,27.0,28.2,24.48,24.675,60020.04
2022-01-21 05:00:00,25.395,25.5,23.685,23.685,23167.9067
2022-01-24 05:00:00,25.17,25.305,21.225,23.595,40027.0933
2022-01-25 05:00:00,24.375,25.05,22.515,24.435,141698.1333
2022-01-26 05:00:00,28.5,31.5,23.055,24.72,468634.0333
2022-01-27 05:00:00,24.75,25.2,23.4,23.655,85251.3867
2022-01-28 05:00:00,24.285,24.615,22.575,23.43,103875.0867
2022-01-31 05:00:00,23.7,30.0,23.4,29.82,234201.8
2022-02-01 05:00:00,29.37,32.949,27.075,31.5,144029.0333
2022-02-02 05:00:00,31.005,38.985,29.76,36.675,263081.8267
2022-02-03 05:00:00,36.0,36.375,30.195,31.65,218290.9133
2022-02-04 05:00:00,28.5,32.82,27.045,31.485,118100.9867
2022-02-07 05:00:00,30.45,32.775,28.5,28.62,87210.2467
2022-02-08 05:00:00,28.815,28.815,25.95,26.58,108722.4133
2022-02-09 05:00:00,26.55,28.5,25.89,26.655,74406.88
2022-02-10 05:00:00,25.035,28.95,25.035,28.05,68495.8067
2022-02-11 05:00:00,27.9,27.9,25.725,26.13,48532.4067
2022-02-14 05:00:00,26.49,27.75,25.905,25.95,35712.4933
2022-02-15 05:00:00,26.7,26.985,26.265,26.76,25828.42
2022-02-16 05:00:00,27.0,28.935,26.4,27.72,49471.86
2022-02-17 05:00:00,29.535,29.535,26.55,27.09,52265.66
2022-02-18 05:00:00,26.235,28.11,26.235,26.565,36236.4333
2022-02-22 05:00:00,25.515,26.25,25.29,25.68,36906.2067
2022-02-23 05:00:00,25.515,26.685,24.165,24.375,40983.6
2022-02-24 05:00:00,21.3,26.685,20.4,25.02,44211.7533
2022-02-25 05:00:00,27.015,28.5,26.1,27.225,44791.96
2022-02-28 05:00:00,27.585,30.75,26.625,30.045,69604.68
2022-03-01 05:00:00,30.375,32.55,29.55,31.485,110530.8333
2022-03-02 05:00:00,37.5,48.0,33.33,39.585,456683.1733
2022-03-03 05:00:00,39.585,39.585,31.5,34.5,137457.6933
2022-03-04 05:00:00,33.48,34.35,30.0,30.51,58043.9533
2022-03-07 05:00:00,28.035,32.985,27.9,31.065,59443.62
2022-03-08 05:00:00,28.86,35.1,28.545,33.975,81543.7533
2022-03-09 05:00:00,35.7,36.75,33.0,34.89,60942.3067
2022-03-10 05:00:00,32.4,34.5,31.05,31.875,38591.86
2022-03-11 05:00:00,31.74,33.75,29.325,29.61,50705.6067
2022-03-14 04:00:00,28.5,31.71,27.975,31.095,51852.96
2022-03-15 04:00:00,31.515,33.675,29.4,32.58,64059.5733
2022-03-16 04:00:00,33.33,41.7,33.33,38.145,72951.0067
2022-03-17 04:00:00,33.0,42.585,33.0,40.035,57763.8133
2022-03-18 04:00:00,40.515,44.535,39.27,40.5,46067.62
2022-03-21 04:00:00,43.455,48.0,40.53,45.75,49981.2933
2022-03-22 04:00:00,48.0,50.775,42.525,44.745,67205.5067
2022-03-23 04:00:00,45.75,48.0,43.965,44.82,25573.4133
2022-03-24 04:00:00,43.815,47.985,43.65,46.815,20310.26
2022-03-25 04:00:00,46.5,46.815,38.475,39.0,91431.96
2022-03-28 04:00:00,30.495,34.305,29.25,29.58,97878.4333
2022-03-29 04:00:00,29.7,32.52,28.515,31.89,74570.3667
2022-03-30 04:00:00,32.1,33.0,30.63,30.945,48467.62
2022-03-31 04:00:00,30.945,31.5,28.98,29.925,45684.2467
2022-04-01 04:00:00,29.28,29.835,27.18,27.54,60410.3133
2022-04-04 04:00:00,28.44,29.955,27.915,29.685,22240.5067
2022-04-05 04:00:00,28.77,29.355,27.3,27.45,37685.5067
2022-04-06 04:00:00,27.3,30.75,25.11,30.3,143235.58
2022-04-07 04:00:00,30.72,32.205,29.37,31.35,281713.26
2022-04-08 04:00:00,33.6,40.5,30.075,31.845,484575.3067
2022-04-11 04:00:00,28.92,29.22,27.024,27.36,111716.22
2022-04-12 04:00:00,27.3,29.595,27.015,27.285,123404.62
2022-04-13 04:00:00,27.3,28.8,27.15,27.75,59310.96
2022-04-14 04:00:00,27.96,27.975,25.515,26.235,67866.3267
2022-04-18 04:00:00,26.235,27.525,24.9,25.245,29083.3
2022-04-19 04:00:00,25.245,27.0,24.675,26.22,27496.0867
2022-04-20 04:00:00,25.56,26.01,24.75,24.87,31418.1
2022-04-21 04:00:00,25.5,26.1,24.6,25.86,25251.4933
2022-04-22 04:00:00,24.735,27.255,24.735,25.89,39277.56
2022-04-25 04:00:00,25.5,25.5,24.09,24.465,18117.72
2022-04-26 04:00:00,24.465,24.72,21.765,21.855,51763.3933
2022-04-27 04:00:00,20.4,22.5,20.4,22.05,22581.08
2022-04-28 04:00:00,22.77,23.04,21.375,22.875,21290.98
2022-04-29 04:00:00,22.875,23.25,21.0,21.0,16100.6867
2022-05-02 04:00:00,21.825,21.96,18.45,19.2,51405.3333
2022-05-03 04:00:00,19.5,23.085,19.5,22.185,47733.8
2022-05-04 04:00:00,21.315,22.41,19.98,21.21,29732.08
2022-05-05 04:00:00,21.0,21.06,19.71,20.235,20289.5067
2022-05-06 04:00:00,19.5,19.515,18.0,18.585,22102.78
2022-05-09 04:00:00,18.0,18.045,15.015,15.015,53062.98
2022-05-10 04:00:00,15.015,16.38,14.985,15.945,64359.98
2022-05-11 04:00:00,19.74,21.87,16.05,17.1,489396.3467
2022-05-12 04:00:00,15.0,18.285,14.25,17.25,131089.0733
2022-05-13 04:00:00,18.735,18.885,17.43,18.405,79889.3133
2022-05-16 04:00:00,17.64,19.425,16.575,17.265,86019.9933
2022-05-17 04:00:00,17.655,20.4,17.655,18.855,98017.92
2022-05-18 04:00:00,18.63,20.25,17.25,17.67,136890.0267
2022-05-19 04:00:00,17.25,18.72,17.13,18.15,91099.1267
2022-05-20 04:00:00,22.755,22.935,18.75,21.75,411029.8
2022-05-23 04:00:00,21.0,21.0,18.93,19.32,97266.4133
2022-05-24 04:00:00,18.375,18.78,16.8,17.535,53397.6333
2022-05-25 04:00:00,16.95,18.0,15.45,17.49,35522.26
2022-05-26 04:00:00,17.88,18.495,17.25,18.225,35041.3467
2022-05-27 04:00:00,18.0,19.785,18.0,18.84,65004.7467
2022-05-31 04:00:00,19.5,21.9,18.825,20.1,67778.1933
2022-06-01 04:00:00,19.5,20.19,18.18,19.275,24791.7133
2022-06-02 04:00:00,18.39,19.965,18.3,18.885,45922.0667
2022-06-03 04:00:00,18.0,19.5,18.0,18.675,37165.18
2022-06-06 04:00:00,19.11,19.11,17.85,18.0,37364.2533
2022-06-07 04:00:00,17.835,17.97,16.83,16.95,59557.9467
2022-06-08 04:00:00,19.53,23.025,19.245,20.085,348207.4667
2022-06-09 04:00:00,19.26,21.375,18.75,20.55,85016.3267
2022-06-10 04:00:00,20.25,20.655,19.5,19.8,34392.8867
2022-06-13 04:00:00,20.205,21.75,18.75,18.9,129581.3067
2022-06-14 04:00:00,18.9,19.44,18.24,18.285,42367.24
2022-06-15 04:00:00,18.0,18.45,17.7,17.94,69524.3267
2022-06-16 04:00:00,18.03,19.35,17.73,17.745,59128.0733
2022-06-17 04:00:00,18.075,19.05,17.775,18.165,39179.9667
2022-06-21 04:00:00,18.525,20.52,18.525,18.93,42353.8667
2022-06-22 04:00:00,19.38,20.175,18.51,18.9,45254.9133
2022-06-23 04:00:00,19.125,21.9,18.75,20.565,54325.4867
2022-06-24 04:00:00,20.265,21.735,19.965,20.13,22251.82
2022-06-27 04:00:00,20.79,21.495,20.115,20.76,13941.78
2022-06-28 04:00:00,21.27,21.27,18.45,19.2,27029.8
2022-06-29 04:00:00,19.5,24.75,12.69,13.86,325991.72
2022-06-30 04:00:00,10.8,11.4,10.1,10.8,87215.2
2022-07-01 04:00:00,10.5,11.05,10.0,10.35,46341.8
2022-07-05 04:00:00,10.1,10.15,9.25,10.0,37874.4
2022-07-06 04:00:00,9.75,10.3,9.46,10.05,31514.0
2022-07-07 04:00:00,9.85,10.65,9.725,10.1,47854.4
2022-07-08 04:00:00,9.85,10.249,9.836,9.9,21571.8
2022-07-11 04:00:00,9.85,10.15,9.3,9.65,39788.2
2022-07-12 04:00:00,9.65,10.6,9.55,10.05,95721.2
2022-07-13 04:00:00,9.8,9.85,9.4,9.55,16723.0
2022-07-14 04:00:00,9.4,9.95,8.75,8.8,40584.6
2022-07-15 04:00:00,8.75,8.75,8.05,8.4,41139.2
2022-07-18 04:00:00,8.5,9.35,8.2,8.3,42445.2
2022-07-19 04:00:00,8.15,9.15,8.0,8.5,61933.2
2022-07-20 04:00:00,8.4,8.6975,8.25,8.65,14608.2
2022-07-21 04:00:00,8.6,8.75,8.15,8.5,18539.2
2022-07-22 04:00:00,8.5,9.95,7.5,9.95,101573.0
2022-07-25 04:00:00,9.55,9.6,8.7005,8.95,55181.0
2022-07-26 04:00:00,8.8,8.805,7.5,7.75,52517.2
2022-07-27 04:00:00,7.75,7.9,7.5,7.65,23130.0
2022-07-28 04:00:00,7.5,8.2,7.45,8.1,31578.6
2022-07-29 04:00:00,8.2,8.25,7.85,8.1,23550.4
2022-08-01 04:00:00,7.9,8.2,7.55,7.65,25507.2
2022-08-02 04:00:00,7.55,7.9,7.45,7.85,25727.4
2022-08-03 04:00:00,7.8,11.25,7.75,9.95,809784.0
2022-08-04 04:00:00,14.25,16.2,10.5,12.5,2661112.0
2022-08-05 04:00:00,10.2,11.9875,10.05,11.35,177294.4
2022-08-08 04:00:00,11.15,12.9545,11.1005,12.35,170646.6
2022-08-09 04:00:00,12.05,12.5,10.75,10.85,62903.8
2022-08-10 04:00:00,11.2,12.05,10.3,11.5,47207.8
2022-08-11 04:00:00,11.65,11.9,10.7135,11.05,39764.2
2022-08-12 04:00:00,10.95,11.6495,10.8525,11.4,28180.6
2022-08-15 04:00:00,11.35,11.95,10.85,11.6,39761.0
2022-08-16 04:00:00,11.7,11.7,10.925,11.2,33896.8
2022-08-17 04:00:00,11.2,13.485,10.95,11.4,172695.8
2022-08-18 04:00:00,11.25,11.4,10.3,10.65,45200.8
2022-08-19 04:00:00,10.4,10.4875,9.525,9.6,23590.6
2022-08-22 04:00:00,9.3,9.4855,9.0,9.2,11809.4
2022-08-23 04:00:00,9.55,9.85,9.4075,9.75,6769.4
2022-08-24 04:00:00,9.8,10.3495,9.6,10.05,23953.0
2022-08-25 04:00:00,10.15,10.45,9.9985,10.0,12379.0
2022-08-26 04:00:00,10.15,10.15,8.9,9.0,16420.4
2022-08-29 04:00:00,8.85,9.025,8.45,8.65,11092.8
2022-08-30 04:00:00,8.9,9.9,8.25,8.95,24892.6
2022-08-31 04:00:00,9.0,9.493,8.553,9.15,14364.2
2022-09-01 04:00:00,8.9,9.05,8.5875,8.95,11050.0
2022-09-02 04:00:00,8.75,8.8995,8.35,8.45,11373.2
2022-09-06 04:00:00,8.5,8.9,8.15,8.2,8217.0
2022-09-07 04:00:00,8.1705,8.8,8.1705,8.6,5309.2
2022-09-08 04:00:00,8.6,9.25,8.6,9.0,10732.0
2022-09-09 04:00:00,9.3,9.45,8.8,8.85,8396.8
2022-09-12 04:00:00,9.05,9.845,8.8,9.6,39016.6
2022-09-13 04:00:00,9.3,10.4,9.2,10.35,32249.4
2022-09-14 04:00:00,10.507,10.625,9.505,10.15,21604.0
2022-09-15 04:00:00,9.85,10.85,9.7555,10.35,29808.0
2022-09-16 04:00:00,10.45,10.55,9.25,9.25,31983.2
2022-09-19 04:00:00,9.25,10.0,9.25,9.65,14541.0
2022-09-20 04:00:00,9.7,10.05,8.45,8.75,14592.6
2022-09-21 04:00:00,8.6,9.05,8.0,8.1,7857.6
2022-09-22 04:00:00,8.0,8.361,7.45,7.8,19444.4
2022-09-23 04:00:00,7.85,8.0,7.35,7.7,6648.8
2022-09-26 04:00:00,7.874,8.6,7.874,8.5,32426.0
2022-09-27 04:00:00,8.25,8.3,6.944,7.05,21646.6
2022-09-28 04:00:00,6.8,7.86,6.8,7.35,11689.4
2022-09-29 04:00:00,7.6,7.7185,7.35,7.4,8204.0
2022-09-30 04:00:00,7.35,8.35,7.35,7.85,5003.6
2022-10-03 04:00:00,7.8,8.65,7.75,8.45,12733.8
2022-10-04 04:00:00,8.3,9.8,8.3,9.3,12056.2
2022-10-05 04:00:00,9.4,9.4,8.65,8.85,3985.6
2022-10-06 04:00:00,9.3,9.3,8.65,9.0,5042.0
2022-10-07 04:00:00,9.05,9.1005,8.5,8.5,2840.4
2022-10-10 04:00:00,8.4,8.711,8.0,8.0,4404.0
2022-10-11 04:00:00,7.6,8.25,7.5055,7.95,2016.6
2022-10-12 04:00:00,7.9035,8.1995,7.9,8.0,1582.8
2022-10-13 04:00:00,7.6065,8.45,7.6,7.65,6518.4
2022-10-14 04:00:00,7.75,8.05,7.55,7.75,1921.0
2022-10-17 04:00:00,7.6005,7.75,7.55,7.65,3807.8
2022-10-18 04:00:00,8.0,8.008,7.5,7.5,2707.4
2022-10-19 04:00:00,7.75,7.75,6.9,6.95,7411.0
2022-10-20 04:00:00,7.029,7.392,6.65,6.7,3420.4
2022-10-21 04:00:00,6.55,7.0,6.55,6.9995,14039.0
2022-10-24 04:00:00,7.0,7.1,6.1005,6.95,15371.0
2022-10-25 04:00:00,6.75,7.05,6.6,6.95,11415.4
2022-10-26 04:00:00,6.75,6.9995,6.7,6.875,2922.4
2022-10-27 04:00:00,6.75,7.1,6.7,7.1,7986.8
2022-10-28 04:00:00,7.25,7.25,6.973,7.05,3227.6
2022-10-31 04:00:00,6.95,7.3,6.8,7.15,3184.0
2022-11-01 04:00:00,7.05,7.45,7.0,7.4,2777.2
2022-11-02 04:00:00,7.0,7.65,7.0,7.0,2827.0
2022-11-03 04:00:00,7.0005,7.1,6.85,7.0,1031.0
2022-11-04 04:00:00,7.0,7.05,6.5,6.5,4117.8
2022-11-07 05:00:00,6.6,6.9995,6.375,6.375,3273.2
2022-11-08 05:00:00,6.85,6.85,6.25,6.25,4153.8
2022-11-09 05:00:00,6.375,6.548,5.7,5.8,3914.2
2022-11-10 05:00:00,6.1005,6.35,5.7,5.7,3938.6
2022-11-11 05:00:00,5.7785,6.4,5.75,6.15,3486.6
2022-11-14 05:00:00,6.0,6.5,6.0,6.3,3940.8
2022-11-15 05:00:00,5.5,6.475,5.5,5.75,7774.0
2022-11-16 05:00:00,5.8995,5.925,5.75,5.85,2605.6
2022-11-17 05:00:00,5.7,6.0,5.586,6.0,2380.4
2022-11-18 05:00:00,5.9,6.0,5.5,5.683,1053.6
2022-11-21 05:00:00,5.6,5.9,5.575,5.9,3951.8
2022-11-22 05:00:00,5.75,5.8,5.55,5.65,4984.8
2022-11-23 05:00:00,5.9995,5.9995,5.575,5.6,3491.6
2022-11-25 05:00:00,5.6,5.9795,5.55,5.65,1892.0
2022-11-28 05:00:00,5.4,5.567,5.4,5.567,2992.2
2022-11-29 05:00:00,5.425,5.65,5.0,5.35,10777.6
2022-11-30 05:00:00,5.2,5.3,5.0,5.0,3970.6
2022-12-01 05:00:00,4.8285,5.1,4.8285,5.075,5000.2
2022-12-02 05:00:00,5.1,5.1,4.86,4.936,5745.2
2022-12-05 05:00:00,5.0,5.3,4.9,5.3,7758.6
2022-12-06 05:00:00,5.3,5.3,4.75,5.05,5213.6
2022-12-07 05:00:00,4.7,4.9,4.279,4.35,9489.8
2022-12-08 05:00:00,4.35,4.5,4.35,4.352,4588.0
2022-12-09 05:00:00,4.25,4.5,4.139,4.2,2416.0
2022-12-12 05:00:00,4.1,4.2055,3.4205,3.8,5182.0
2022-12-13 05:00:00,3.7245,3.8,3.5005,3.671,5034.2
2022-12-14 05:00:00,3.671,4.08,3.671,3.7,4769.2
2022-12-15 05:00:00,3.55,4.0,3.55,3.9,4406.0
2022-12-16 05:00:00,3.75,3.88,3.15,3.55,4583.4
2022-12-19 05:00:00,3.55,3.8,3.3005,3.5505,102531.0
2022-12-20 05:00:00,4.4,4.8,3.2,3.9,927188.0
2022-12-21 05:00:00,3.8975,7.8,3.6075,5.55,704275.0
2022-12-22 05:00:00,4.88,8.0,4.75,7.3,429098.4
2022-12-23 05:00:00,7.75,8.4,5.3025,6.4,258766.2
2022-12-27 05:00:00,6.15,6.55,5.55,6.2,32750.2
2022-12-28 05:00:00,6.0,6.35,5.2,5.8,22246.0
2022-12-29 05:00:00,5.65,6.4,5.35,5.85,35172.0
2022-12-30 05:00:00,5.75,5.75,5.4,5.75,18370.6
2023-01-03 05:00:00,5.65,7.072,5.65,6.85,28537.4
2023-01-04 05:00:00,6.75,8.9,6.65,7.9,155062.6
2023-01-05 05:00:00,8.0,8.0,7.0,7.45,14506.4
2023-01-06 05:00:00,7.3,7.7,7.2765,7.65,10975.6
2023-01-09 05:00:00,7.35,7.35,6.5495,6.7,9780.6
2023-01-10 05:00:00,6.6,7.1285,6.45,7.025,4443.6
2023-01-11 05:00:00,6.95,7.35,6.95,7.1,4991.2
2023-01-12 05:00:00,7.15,7.15,6.0,6.15,11573.8
2023-01-13 05:00:00,6.4,6.845,5.95,6.55,8704.8
2023-01-17 05:00:00,6.5,6.75,6.25,6.665,7630.6
2023-01-18 05:00:00,6.45,7.5,6.45,7.2,10583.2
2023-01-19 05:00:00,6.85,7.0,6.6,6.8,4682.8
2023-01-20 05:00:00,6.636,7.45,6.636,7.4,4776.8
2023-01-23 05:00:00,7.5,7.5,7.1,7.2,7880.0
2023-01-24 05:00:00,7.1,7.35,7.063,7.1,3406.6
2023-01-25 05:00:00,7.05,7.35,6.9,6.9,8201.2
2023-01-26 05:00:00,6.85,7.15,6.7,6.95,3780.4
2023-01-27 05:00:00,6.9,7.175,6.9,7.0,2239.0
2023-01-30 05:00:00,7.1,7.1,6.8,6.85,1197.2
2023-01-31 05:00:00,6.75,7.1995,6.75,7.05,1712.8
2023-02-01 05:00:00,7.2,7.2,6.85,6.9,4163.2
2023-02-02 05:00:00,7.15,7.5,6.9775,7.325,4038.4
2023-02-03 05:00:00,7.35,7.8995,7.1,7.15,15658.0
2023-02-06 05:00:00,7.6,7.6,7.0,7.05,3824.6
2023-02-07 05:00:00,7.3,7.3,7.0,7.1,5142.8
2023-02-08 05:00:00,7.1,7.4,7.0,7.4,2080.8
2023-02-09 05:00:00,7.55,7.55,7.0,7.0,2759.6
2023-02-10 05:00:00,7.25,7.25,6.4005,6.7495,3259.8
2023-02-13 05:00:00,6.5,6.95,6.5,6.65,1852.4
2023-02-14 05:00:00,6.45,6.8,6.3995,6.4,1428.6
2023-02-15 05:00:00,6.4,6.7,6.3005,6.5,3006.8
2023-02-16 05:00:00,6.55,6.6495,6.2,6.2,2154.2
2023-02-17 05:00:00,6.2,6.2,5.9,5.919,1090.2
2023-02-21 05:00:00,5.75,6.25,5.75,6.025,2716.6
2023-02-22 05:00:00,6.2495,6.2495,5.785,5.8,2785.4
2023-02-23 05:00:00,5.8,6.13,5.8,5.8,3947.8
2023-02-24 05:00:00,5.8,6.0985,5.7,5.7,1811.4
2023-02-27 05:00:00,5.95,6.45,5.95,6.1,2488.4
2023-02-28 05:00:00,6.0,6.1,5.6,5.8,5396.8
2023-03-01 05:00:00,5.8,5.8,5.458,5.65,4354.2
2023-03-02 05:00:00,5.6,5.8,5.575,5.575,3487.2
2023-03-03 05:00:00,5.6,5.8,5.55,5.8,5909.0
2023-03-06 05:00:00,5.825,5.8535,5.7,5.771,938.8
2023-03-07 05:00:00,5.85,5.85,5.662,5.7,665.0
2023-03-08 05:00:00,5.7135,5.749,5.55,5.55,888.0
2023-03-09 05:00:00,5.934,5.934,5.619,5.619,1435.4
2023-03-10 05:00:00,5.621,5.699,5.1,5.3495,1935.8
2023-03-13 04:00:00,5.3,5.3,5.0505,5.3,2769.8
2023-03-14 04:00:00,5.1,5.45,5.05,5.3,2380.0
2023-03-15 04:00:00,5.25,5.35,5.1805,5.2,1264.8
2023-03-16 04:00:00,5.2,5.35,4.798,5.35,5376.0
2023-03-17 04:00:00,5.2,5.35,4.9,5.05,3601.8
2023-03-20 04:00:00,4.75,5.05,4.75,4.884,2206.2
2023-03-21 04:00:00,4.95,5.0,4.76,4.8,1506.4
2023-03-22 04:00:00,4.7,5.4995,4.545,4.9245,9853.8
2023-03-23 04:00:00,4.6,4.875,4.6,4.875,1660.4
2023-03-24 04:00:00,4.775,4.845,4.555,4.75,809.8
2023-03-27 04:00:00,4.5005,4.7255,4.485,4.5,2269.4
2023-03-28 04:00:00,4.3,4.5,3.92,4.012,5708.8
2023-03-29 04:00:00,3.75,3.9995,3.589,3.9,5827.0
2023-03-30 04:00:00,3.85,4.25,3.8495,4.1745,3527.4
2023-03-31 04:00:00,4.4625,4.5,4.3,4.355,14670.4
2023-04-03 04:00:00,4.354,4.355,4.3275,4.355,795.6
2023-04-04 04:00:00,4.4525,4.55,4.4001,4.55,6761.2
2023-04-05 04:00:00,4.4,5.9,4.4,5.1,40393.4
2023-04-06 04:00:00,5.4905,5.5,5.3,5.3,7881.8
2023-04-10 04:00:00,5.0,5.0,4.875,4.9005,7037.4
2023-04-11 04:00:00,5.25,5.5,5.15,5.5,5107.4
2023-04-12 04:00:00,5.7,5.795,5.25,5.3,2629.6
2023-04-13 04:00:00,5.446,5.6,5.375,5.5505,540.4
2023-04-14 04:00:00,5.5,5.725,5.0,5.1,4968.0
2023-04-17 04:00:00,5.2,5.2,5.0135,5.15,3884.2
2023-04-18 04:00:00,5.0,5.45,5.0,5.4,1340.6
2023-04-19 04:00:00,5.15,5.525,5.15,5.5,866.6
2023-04-20 04:00:00,5.55,5.55,5.0,5.0,2139.6
2023-04-21 04:00:00,5.0,5.18,4.95,4.9505,1912.6
2023-04-24 04:00:00,4.95,5.12,4.7,4.724,1160.6
2023-04-25 04:00:00,4.7,4.7,4.5145,4.5765,3657.2
2023-04-26 04:00:00,4.5766,4.59,4.4995,4.59,1261.8
2023-04-27 04:00:00,4.506,4.656,4.45,4.5,1388.4
2023-04-28 04:00:00,4.65,5.1,4.65,4.895,4442.6
2023-05-01 04:00:00,5.47,5.75,5.2,5.4,4611.8
2023-05-02 04:00:00,5.143,5.7,5.143,5.45,1605.8
2023-05-03 04:00:00,5.3,5.5995,5.3,5.4,1208.4
2023-05-04 04:00:00,5.25,5.45,5.2,5.25,1325.4
2023-05-05 04:00:00,5.25,5.3,5.25,5.3,1136.4
2023-05-08 04:00:00,5.251,5.4995,5.251,5.4,1117.2
2023-05-09 04:00:00,5.375,6.9,5.2885,5.8295,18758.8
2023-05-10 04:00:00,6.275,6.275,5.0575,5.1,6868.6
2023-05-11 04:00:00,5.15,5.2,5.0005,5.05,958.0
2023-05-12 04:00:00,4.9,4.9995,4.7055,4.83,1187.2
2023-05-15 04:00:00,5.05,5.5465,4.85,5.5465,1836.6
2023-05-16 04:00:00,5.55,5.65,5.2505,5.364,3393.0
2023-05-17 04:00:00,5.35,5.817,5.15,5.15,8345.0
2023-05-18 04:00:00,5.4,5.4,4.9,4.9,6378.6
2023-05-19 04:00:00,4.911,4.97,4.8235,4.852,1347.6
2023-05-22 04:00:00,5.05,5.05,4.3,4.409,5433.0
2023-05-23 04:00:00,4.5,4.5765,4.45,4.4505,3020.4
2023-05-24 04:00:00,4.4505,4.4505,4.15,4.299,5116.0
2023-05-25 04:00:00,4.3,4.3,4.15,4.25,5110.8
2023-05-26 04:00:00,4.15,4.2625,4.1447,4.2625,1804.8
2023-05-30 04:00:00,4.4,4.4,4.4,4.4,23.0
2023-05-31 04:00:00,4.28,4.425,4.2755,4.405,1102.4
2023-06-01 04:00:00,4.154,4.448,4.154,4.3845,1455.8
2023-06-02 04:00:00,4.2,4.4995,4.1772,4.4995,1777.6
2023-06-05 04:00:00,4.2915,4.5,4.25,4.5,2637.4
2023-06-06 04:00:00,4.5,4.9,4.5,4.85,1084.0
2023-06-07 04:00:00,4.9,4.9,4.5005,4.7,3480.8
2023-06-08 04:00:00,4.6995,4.7,4.6995,4.7,493.2
2023-06-09 04:00:00,4.65,4.793,4.625,4.75,18329.2
2023-06-12 04:00:00,5.2,5.2495,4.9035,5.1,2486.4
2023-06-13 04:00:00,5.156,5.6,5.15,5.55,7546.2
2023-06-14 04:00:00,6.0,6.0,5.35,5.4,21042.2
2023-06-15 04:00:00,5.5,5.9,5.25,5.75,7645.2
2023-06-16 04:00:00,5.7945,5.9,5.75,5.75,8902.2
2023-06-20 04:00:00,5.75,6.9,5.75,6.2,7318.6
2023-06-21 04:00:00,6.2,6.2,5.725,5.75,3948.2
2023-06-22 04:00:00,5.75,6.2995,5.75,6.1,12471.6
2023-06-23 04:00:00,6.0,6.3495,5.75,5.85,2511.2
2023-06-26 04:00:00,6.05,6.15,5.95,6.1435,2176.0
2023-06-27 04:00:00,6.05,6.05,5.8,5.8,569.8
2023-06-28 04:00:00,6.05,6.15,5.85,6.1,2919.6
2023-06-29 04:00:00,6.3,7.4705,6.15,7.221,39148.6
2023-06-30 04:00:00,7.5,7.5,6.5,6.55,16452.4
2023-07-03 04:00:00,6.9,6.9,6.1,6.15,1856.8
2023-07-05 04:00:00,6.35,6.7715,6.2,6.3,4503.2
2023-07-06 04:00:00,6.45,6.541,5.745,5.75,2362.2
2023-07-07 04:00:00,5.55,5.75,4.997,5.309,10218.2
2023-07-10 04:00:00,5.3,5.9145,4.953,5.65,7063.4
2023-07-11 04:00:00,5.6495,5.8,5.3505,5.625,7105.6
2023-07-12 04:00:00,5.5,6.017,5.351,5.7,2247.6
2023-07-13 04:00:00,5.65,7.35,5.65,6.3,46934.2
2023-07-14 04:00:00,7.0,7.2,6.3,6.8,29226.2
2023-07-17 04:00:00,6.0,6.65,6.0,6.5,29193.8
2023-07-18 04:00:00,6.7,6.704,6.0,6.2,11844.8
2023-07-19 04:00:00,6.25,6.25,5.45,5.75,15656.8
2023-07-20 04:00:00,5.9,5.9,5.65,5.65,2189.4
2023-07-21 04:00:00,5.6,5.6025,5.2,5.4,9304.2
2023-07-24 04:00:00,5.3435,5.3435,4.523,5.0,25630.4
2023-07-25 04:00:00,5.1,5.1,4.951,4.982,5659.8
2023-07-26 04:00:00,4.95,5.2,4.95,5.2,5777.6
2023-07-27 04:00:00,5.25,5.4005,5.15,5.35,3935.6
2023-07-28 04:00:00,5.3,5.7,5.1,5.35,7439.6
2023-07-31 04:00:00,5.05,5.6,5.0,5.15,16369.0
2023-08-01 04:00:00,5.3,5.3,4.65,4.776,6784.6
2023-08-02 04:00:00,4.975,5.05,4.75,4.8,3865.6
2023-08-03 04:00:00,4.9,5.05,4.7375,4.7405,3678.6
2023-08-04 04:00:00,5.021,5.1685,4.74,4.75,1490.0
2023-08-07 04:00:00,4.75,4.9875,4.5285,4.5285,2517.0
2023-08-08 04:00:00,4.5275,4.5275,4.25,4.275,2822.2
2023-08-09 04:00:00,4.3,4.5,4.25,4.3,3943.8
2023-08-10 04:00:00,4.25,4.325,4.2,4.295,1628.0
2023-08-11 04:00:00,4.102,4.262,4.1,4.262,3143.0
2023-08-14 04:00:00,4.3,4.305,4.05,4.15,4728.0
2023-08-15 04:00:00,4.15,4.2795,4.15,4.2795,2118.0
2023-08-16 04:00:00,4.35,4.35,4.15,4.151,2695.8
2023-08-17 04:00:00,4.194,4.225,4.1,4.1005,2884.2
2023-08-18 04:00:00,4.3,4.35,4.15,4.16,3486.0
2023-08-21 04:00:00,4.3,4.3,4.125,4.13,1328.2
2023-08-22 04:00:00,4.25,4.25,4.055,4.085,3460.8
2023-08-23 04:00:00,4.085,4.12,3.7,4.01,6656.8
2023-08-24 04:00:00,4.18,4.18,4.05,4.172,2880.0
2023-08-25 04:00:00,4.295,4.295,4.18,4.2,812.2
2023-08-28 04:00:00,4.185,4.3405,3.9525,4.01,2851.8
2023-08-29 04:00:00,4.1005,4.25,4.1005,4.25,2648.6
2023-08-30 04:00:00,4.25,4.89,4.25,4.651,8754.2
2023-08-31 04:00:00,4.89,4.89,4.25,4.55,4175.6
2023-09-01 04:00:00,4.575,4.625,4.45,4.55,1308.4
2023-09-05 04:00:00,4.8585,4.9,4.7,4.7,6884.4
2023-09-06 04:00:00,4.7505,4.7505,4.276,4.45,3554.0
2023-09-07 04:00:00,4.35,4.35,4.1505,4.1505,2113.6
2023-09-08 04:00:00,4.1095,4.3145,4.025,4.041,1293.4
2023-09-11 04:00:00,4.193,4.6045,4.15,4.15,2772.0
2023-09-12 04:00:00,4.15,4.22,4.0505,4.15,3027.2
2023-09-13 04:00:00,4.445,4.5,4.05,4.0535,1696.2
2023-09-14 04:00:00,4.466,4.49,4.05,4.2865,1384.4
2023-09-15 04:00:00,4.25,4.65,3.601,4.65,16679.4
2023-09-18 04:00:00,4.5,4.5,4.0,4.0885,1393.4
2023-09-19 04:00:00,4.0875,4.499,3.9,3.9,1527.6
2023-09-20 04:00:00,3.901,4.0,3.7,3.7,2199.0
2023-09-21 04:00:00,3.606,4.17,3.606,3.75,1430.8
2023-09-22 04:00:00,3.8,4.0252,3.602,3.755,1222.8
2023-09-25 04:00:00,3.9,3.9,3.601,3.601,1833.4
2023-09-26 04:00:00,3.71,3.9,3.71,3.9,365.8
2023-09-27 04:00:00,3.9,3.9,3.5,3.55,2702.6
2023-09-28 04:00:00,3.8,3.8,3.6,3.6,520.6
2023-09-29 04:00:00,3.55,3.6,3.5,3.6,1095.4
2023-10-02 04:00:00,3.78,3.78,3.5,3.71,1154.6
2023-10-03 04:00:00,3.6,3.75,3.6,3.65,865.2
2023-10-04 04:00:00,3.545,3.65,3.4,3.65,1882.0
2023-10-05 04:00:00,3.6,3.65,3.4005,3.45,1320.6
2023-10-06 04:00:00,3.55,3.595,3.45,3.595,752.2
2023-10-09 04:00:00,3.45,3.75,3.407,3.503,936.8
2023-10-10 04:00:00,3.6265,3.6265,3.312,3.4,3213.4
2023-10-11 04:00:00,3.455,3.455,3.315,3.315,963.8
2023-10-12 04:00:00,3.35,4.0,3.325,3.7475,6475.8
2023-10-13 04:00:00,3.7,3.725,3.3505,3.725,4313.6
2023-10-16 04:00:00,3.581,3.725,3.455,3.455,1085.8
2023-10-17 04:00:00,3.455,3.66,3.455,3.505,1707.8
2023-10-18 04:00:00,3.6,3.6,3.4082,3.4995,1172.0
2023-10-19 04:00:00,3.405,3.512,3.35,3.431,1397.0
2023-10-20 04:00:00,3.6,3.6,3.214,3.3,3944.8
2023-10-23 04:00:00,3.2505,3.3495,3.1005,3.155,2413.4
2023-10-24 04:00:00,3.25,3.3995,2.6005,2.857,7049.4
2023-10-25 04:00:00,3.25,3.2995,3.0,3.15,1725.4
2023-10-26 04:00:00,3.1,3.35,2.861,2.914,4762.2
2023-10-27 04:00:00,3.0595,3.2475,2.959,3.203,819.6
2023-10-30 04:00:00,3.0975,3.2,3.0975,3.1,737.6
2023-10-31 04:00:00,3.193,3.193,3.101,3.15,2059.0
2023-11-01 04:00:00,3.1,3.19,3.1,3.111,1201.2
2023-11-02 04:00:00,3.05,3.45,3.05,3.2025,2684.2
2023-11-03 04:00:00,3.3,3.35,3.0,3.15,2576.6
2023-11-06 05:00:00,3.3,3.3,3.0,3.051,1053.0
2023-11-07 05:00:00,3.0505,3.2,3.05,3.05,4365.2
2023-11-08 05:00:00,3.0567,3.111,2.888,3.0555,3878.2
2023-11-09 05:00:00,3.075,3.2495,2.85,3.0,3379.6
2023-11-10 05:00:00,2.85,2.97,2.75,2.97,5170.2
2023-11-13 05:00:00,2.85,2.9405,2.8,2.9405,1107.6
2023-11-14 05:00:00,2.85,3.057,2.85,2.85,2007.4
2023-11-15 05:00:00,2.9213,2.95,2.85,2.85,1862.2
2023-11-16 05:00:00,2.75,2.8735,2.75,2.825,1913.4
2023-11-17 05:00:00,2.95,2.975,2.7755,2.95,4112.2
2023-11-20 05:00:00,2.798,2.9175,2.7775,2.7775,3335.8
2023-11-21 05:00:00,2.7775,2.9,2.199,2.47,5999.8
2023-11-22 05:00:00,2.525,2.65,2.43,2.5,1155.2
2023-11-24 05:00:00,2.5,2.65,2.5,2.5005,3883.8
2023-11-27 05:00:00,2.745,2.745,2.45,2.53,4092.8
2023-11-28 05:00:00,2.53,2.55,2.4665,2.5,5296.4
2023-11-29 05:00:00,2.35,2.505,2.25,2.35,4046.2
2023-11-30 05:00:00,2.494,2.494,2.3005,2.305,808.6
2023-12-01 05:00:00,2.39,2.39,2.3,2.3505,1139.8
2023-12-04 05:00:00,2.429,2.4399,1.9715,2.0,13645.0
2023-12-05 05:00:00,2.0,2.133,1.8405,1.85,5796.6
2023-12-06 05:00:00,1.8645,2.0,1.85,1.9,3587.0
2023-12-07 05:00:00,2.045,2.2,1.8235,2.0115,722510.0
2023-12-08 05:00:00,3.1,3.3,2.325,2.5865,4988231.2
2023-12-11 05:00:00,2.392,3.3195,2.392,3.12,455494.2
2023-12-12 05:00:00,2.9,3.25,2.8205,3.2,184724.4
2023-12-13 05:00:00,3.2,3.2995,2.756,2.95,50301.0
2023-12-14 05:00:00,3.1,3.1,2.765,2.9,33979.0
2023-12-15 05:00:00,2.946,3.85,2.65,2.9085,301036.8
2023-12-18 05:00:00,2.95,2.95,2.775,2.85,40110.2
2023-12-19 05:00:00,2.817,3.1,2.784,3.1,17563.6
2023-12-20 05:00:00,3.35,3.395,2.959,3.11,18507.2
2023-12-21 05:00:00,2.9255,3.15,2.7255,2.89,27891.0
2023-12-22 05:00:00,2.764,3.135,2.764,3.135,22884.2
2023-12-26 05:00:00,3.472,3.472,2.915,3.0326,20793.2
2023-12-27 05:00:00,2.964,3.2485,2.95,3.219,6455.8
2023-12-28 05:00:00,3.1188,3.16,2.9505,2.9505,9931.0
2023-12-29 05:00:00,2.9315,3.1,2.9,2.9015,9471.4
2024-01-02 05:00:00,2.937,3.05,2.8695,2.8815,5335.8
2024-01-03 05:00:00,3.0255,3.1,2.8125,3.03,8305.0
2024-01-04 05:00:00,2.9,3.03,2.835,2.979,3875.4
2024-01-05 05:00:00,3.0395,3.0395,2.8505,2.928,4210.6
2024-01-08 05:00:00,2.85,3.0,2.8005,2.8005,5410.6
2024-01-09 05:00:00,2.897,3.1535,2.81,3.1005,1203813.4
2024-01-10 05:00:00,3.743,4.0,3.43,3.9175,1699442.4
2024-01-11 05:00:00,3.425,4.1665,3.425,3.8,189128.0
2024-01-12 05:00:00,3.6,4.3,3.6,4.175,118967.4
2024-01-16 05:00:00,3.9,4.0575,3.167,3.312,50545.8
2024-01-17 05:00:00,3.15,3.3,3.101,3.215,13320.8
2024-01-18 05:00:00,3.1,3.275,2.95,3.03,19154.0
2024-01-19 05:00:00,3.0,3.1,2.9,3.0,14822.8
2024-01-22 05:00:00,2.85,2.9495,2.8,2.805,11840.4
2024-01-23 05:00:00,2.8405,2.8905,2.8,2.8005,4196.0
2024-01-24 05:00:00,2.8005,2.9,2.7,2.8015,5768.4
2024-01-25 05:00:00,2.735,2.7815,2.601,2.665,7942.6
2024-01-26 05:00:00,2.65,2.7435,2.625,2.632,10418.0
2024-01-29 05:00:00,2.6,2.7445,2.6,2.741,2210.0
2024-01-30 05:00:00,2.85,2.85,2.688,2.703,6515.0
2024-01-31 05:00:00,2.838,2.838,2.6555,2.7022,2055.6
2024-02-01 05:00:00,2.669,2.722,2.65,2.6993,4650.6
2024-02-02 05:00:00,2.725,2.8385,2.7005,2.72,3690.8
2024-02-05 05:00:00,2.75,2.8,2.7,2.7985,808095.2
2024-02-06 05:00:00,3.25,3.65,3.065,3.5705,1296675.8
2024-02-07 05:00:00,3.174,3.924,3.05,3.3915,132444.0
2024-02-08 05:00:00,2.95,3.0205,2.75,2.95,51611.4
2024-02-09 05:00:00,2.8615,2.9945,2.85,2.95,8486.6
2024-02-12 05:00:00,2.9745,3.109,2.95,2.985,17726.2
2024-02-13 05:00:00,2.95,2.985,2.85,2.96,8144.4
2024-02-14 05:00:00,2.95,3.075,2.9155,3.07,6894.8
2024-02-15 05:00:00,2.95,3.07,2.95,3.05,4995.8
2024-02-16 05:00:00,2.9818,3.085,2.951,2.989,5895.6
2024-02-20 05:00:00,3.0,3.05,2.951,2.9515,3159.4
2024-02-21 05:00:00,3.1,3.1,2.9035,2.944,4323.2
2024-02-22 05:00:00,3.0,3.05,2.9357,2.9635,5865.4
2024-02-23 05:00:00,2.9635,3.6,2.95,3.05,25848.8
2024-02-26 05:00:00,3.0015,3.4005,3.0,3.25,11333.8
2024-02-27 05:00:00,3.389,3.389,3.08,3.1,8824.0
2024-02-28 05:00:00,3.2,3.45,3.2,3.325,19137.4
2024-02-29 05:00:00,3.3,3.6545,3.3,3.5505,12066.6
2024-03-01 05:00:00,3.6,3.725,3.337,3.72,17462.6
2024-03-04 05:00:00,3.8,3.8,3.5,3.7,8651.2
2024-03-05 05:00:00,3.965,3.965,3.5,3.5095,4427.6
2024-03-06 05:00:00,3.5,3.72,3.3,3.305,9436.6
2024-03-07 05:00:00,3.265,3.564,3.25,3.25,10194.2
2024-03-08 05:00:00,3.2,3.481,3.2,3.3,8913.0
2024-03-11 04:00:00,3.25,3.4885,3.25,3.3825,4064.8
2024-03-12 04:00:00,3.43,3.43,3.3,3.4,6442.4
2024-03-13 04:00:00,3.35,3.464,2.607,3.243,11980.2
2024-03-14 04:00:00,3.175,3.24,2.9,3.055,3278.4
2024-03-15 04:00:00,3.1,3.288,3.05,3.285,6056.6
2024-03-18 04:00:00,3.155,3.4,3.1,3.2,4961.4
2024-03-19 04:00:00,3.2,3.295,3.005,3.07,4874.0
2024-03-20 04:00:00,3.07,3.25,3.005,3.1305,4360.6
2024-03-21 04:00:00,3.25,3.25,3.066,3.115,1446.0
2024-03-22 04:00:00,3.05,3.143,2.923,3.143,2664.2
2024-03-25 04:00:00,3.15,3.2475,3.0005,3.143,1999.2
2024-03-26 04:00:00,3.225,3.235,2.923,3.119,4280.0
2024-03-27 04:00:00,3.163,3.163,2.923,3.088,4402.2
2024-03-28 04:00:00,3.1,3.14,2.775,3.0075,6832.4
2024-04-01 04:00:00,3.05,3.1,2.9,3.1,3658.0
2024-04-02 04:00:00,3.0495,3.085,2.8995,3.0635,2999.4
2024-04-03 04:00:00,2.9817,3.0635,2.75,2.8,6313.4
2024-04-04 04:00:00,2.7,2.8,2.5,2.8,11249.6
2024-04-05 04:00:00,2.8,2.8,2.65,2.7995,2978.6
2024-04-08 04:00:00,2.71,2.965,2.7,2.9195,6622.8
2024-04-09 04:00:00,2.825,3.0285,2.8,3.0,2585.4
2024-04-10 04:00:00,3.05,3.05,2.9,3.0275,1159.6
2024-04-11 04:00:00,2.9543,3.0195,2.9,2.939,1523.6
2024-04-12 04:00:00,2.939,3.0085,2.88,2.9,2605.6
2024-04-15 04:00:00,2.985,3.043,2.95,3.042,2513.6
2024-04-16 04:00:00,2.9745,3.64,2.9,3.175,95391.6
2024-04-17 04:00:00,3.0795,3.1475,2.9,2.9875,6219.6
2024-04-18 04:00:00,3.0,3.05,2.85,2.894,4778.2
2024-04-19 04:00:00,2.85,2.98,2.805,2.805,4341.0
2024-04-22 04:00:00,2.8,2.86,2.675,2.6985,4021.4
2024-04-23 04:00:00,2.625,2.749,2.625,2.7015,1408.0
2024-04-24 04:00:00,2.595,2.7405,2.535,2.575,3717.8
2024-04-25 04:00:00,2.61,2.61,2.525,2.545,3739.6
2024-04-26 04:00:00,2.5,2.645,2.5,2.5005,5683.2
2024-04-29 04:00:00,2.519,2.6,2.519,2.573,1737.0
2024-04-30 04:00:00,2.6,2.6375,2.5,2.58,1438.6
2024-05-01 04:00:00,2.58,2.6725,2.55,2.55,903.4
2024-05-02 04:00:00,2.5748,2.5748,2.4885,2.505,5137.4
2024-05-03 04:00:00,2.45,2.55,2.45,2.505,1341.8
2024-05-06 04:00:00,2.4995,2.6,2.451,2.485,1797.2
2024-05-07 04:00:00,2.55,2.575,2.485,2.5,4493.2
2024-05-08 04:00:00,2.625,2.625,2.4025,2.4025,4132.4
2024-05-09 04:00:00,2.4,2.4025,2.305,2.3183,3198.0
2024-05-10 04:00:00,2.35,2.3955,2.2525,2.282,2275.6
2024-05-13 04:00:00,2.254,2.415,2.254,2.415,464.2
2024-05-14 04:00:00,2.45,2.5,2.4,2.45,2118.4
2024-05-15 04:00:00,2.64,2.64,2.45,2.5,987.4
2024-05-16 04:00:00,2.5,2.641,2.5,2.595,2200.4
2024-05-17 04:00:00,2.5325,2.54,2.352,2.4775,6937.2
2024-05-20 04:00:00,2.405,2.45,2.2885,2.376,5360.6
2024-05-21 04:00:00,2.35,2.376,2.255,2.37,8357.2
2024-05-22 04:00:00,2.249,2.3945,2.249,2.3255,4103.4
2024-05-23 04:00:00,2.3945,2.3945,2.1625,2.24,4321.8
2024-05-24 04:00:00,2.1,2.1,1.5,1.65,31870.0
2024-05-28 04:00:00,2.314,3.1855,1.785,1.801,1131288.8
2024-05-29 04:00:00,1.5755,2.1955,1.5755,2.0,139300.8
2024-05-30 04:00:00,1.902,1.911,1.7,1.755,26488.0
2024-05-31 04:00:00,1.8495,2.35,1.755,2.221,68244.6
2024-06-03 04:00:00,2.26,4.2745,2.1,2.705,1753602.4
2024-06-04 04:00:00,2.5155,2.93,2.5,2.775,127835.8
2024-06-05 04:00:00,2.595,2.7,2.294,2.5,107885.8
2024-06-06 04:00:00,2.4885,2.54,2.3545,2.3675,13317.2
2024-06-07 04:00:00,2.1,2.1985,1.8595,1.9805,39826.6
2024-06-10 04:00:00,2.0085,2.0345,1.7,1.707,42568.0
2024-06-11 04:00:00,1.7,1.8,1.695,1.74,24658.2
2024-06-12 04:00:00,1.785,1.85,1.785,1.8495,9517.2
2024-06-13 04:00:00,1.8005,1.8005,1.676,1.676,13182.6
2024-06-14 04:00:00,1.661,1.7505,1.601,1.651,23675.2
2024-06-17 04:00:00,1.746,1.7495,1.5015,1.5765,41021.8
2024-06-18 04:00:00,1.6165,1.7,1.555,1.65,10158.2
2024-06-20 04:00:00,1.7325,1.7487,1.6,1.6323,13694.0
2024-06-21 04:00:00,1.62,1.7,1.62,1.7,4460.8
2024-06-24 04:00:00,1.6815,1.724,1.607,1.643,5169.6
2024-06-25 04:00:00,1.641,1.698,1.5515,1.576,4730.2
2024-06-26 04:00:00,1.6,1.65,1.55,1.571,3879.8
2024-06-27 04:00:00,1.5995,1.5995,1.5015,1.512,5591.0
2024-06-28 04:00:00,1.55,1.6,1.55,1.6,4727.6
2024-07-01 04:00:00,1.685,1.7,1.5555,1.5755,4537.8
2024-07-02 04:00:00,1.6295,1.65,1.55,1.551,1999.4
2024-07-03 04:00:00,1.575,1.62,1.575,1.576,305.8
2024-07-05 04:00:00,1.7,1.7,1.5,1.5065,7672.2
2024-07-08 04:00:00,1.575,1.575,1.5125,1.5125,4164.8
2024-07-09 04:00:00,1.511,1.531,1.5005,1.5015,4260.4
2024-07-10 04:00:00,1.5005,1.6,1.5005,1.53,6414.0
2024-07-11 04:00:00,1.5175,1.65,1.5055,1.6405,12003.0
2024-07-12 04:00:00,1.6425,1.7,1.6005,1.6515,4541.2
2024-07-15 04:00:00,1.8,1.8,1.6005,1.6315,12743.0
2024-07-16 04:00:00,1.6165,1.631,1.6033,1.614,1731.2
2024-07-17 04:00:00,1.6325,1.7,1.457,1.545,7854.0
2024-07-18 04:00:00,1.552,1.552,1.5,1.52,5879.6
2024-07-19 04:00:00,1.5195,2.903,1.475,2.6755,2804747.0
2024-07-22 04:00:00,2.41,2.6678,1.95,2.499,481176.6
2024-07-23 04:00:00,2.0135,2.445,1.6825,2.095,244049.0
2024-07-24 04:00:00,2.0,2.1,1.9035,1.9945,42919.2
2024-07-25 04:00:00,2.125,4.75,1.95,2.5,5231452.4
2024-07-26 04:00:00,2.166,2.8875,2.166,2.4,211231.8
2024-07-29 04:00:00,2.408,2.55,2.05,2.186,68343.8
2024-07-30 04:00:00,2.1205,2.4,2.05,2.3,35628.0
2024-07-31 04:00:00,2.296,2.3,2.105,2.1905,9418.8
2024-08-01 04:00:00,2.1905,2.7,2.15,2.4745,1008950.0
2024-08-02 04:00:00,4.004,4.675,3.0855,3.31,13471617.0
2024-08-05 04:00:00,2.55,2.825,2.215,2.5495,407132.8
2024-08-06 04:00:00,2.477,3.212,2.439,3.1825,340695.0
2024-08-07 04:00:00,2.86,2.917,2.45,2.555,59842.2
2024-08-08 04:00:00,2.551,2.9,2.5,2.7205,44825.4
2024-08-09 04:00:00,2.75,2.875,2.5525,2.6505,24486.2
2024-08-12 04:00:00,2.675,2.861,2.415,2.498,32915.8
2024-08-13 04:00:00,2.497,2.55,2.4,2.4615,38679.4
2024-08-14 04:00:00,2.3875,2.4505,1.8015,1.832,90534.6
2024-08-15 04:00:00,1.85,2.0,1.8015,1.8105,29594.2
2024-08-16 04:00:00,1.825,1.85,1.755,1.8,32249.0
2024-08-19 04:00:00,1.859,2.0495,1.8385,1.977,34273.0
2024-08-20 04:00:00,1.93,1.9495,1.8505,1.87,22442.6
2024-08-21 04:00:00,1.8755,1.9969,1.875,1.9265,6594.2
2024-08-22 04:00:00,1.8855,2.05,1.8855,1.9575,17195.2
2024-08-23 04:00:00,2.025,2.1,2.025,2.1,21396.4
2024-08-26 04:00:00,2.0535,2.2485,1.877,1.9,85809.6
2024-08-27 04:00:00,1.9,2.0,1.5505,1.5745,124589.6
2024-08-28 04:00:00,1.62,2.62,1.52,2.21,7806999.0
2024-08-29 04:00:00,1.98,2.13,1.72,1.87,462514.0
2024-08-30 04:00:00,1.81,2.15,1.65,1.97,385846.0
2024-09-03 04:00:00,1.88,2.1,1.86,1.9416,118021.0
2024-09-04 04:00:00,1.89,1.92,1.7305,1.77,59132.0
2024-09-05 04:00:00,1.72,2.09,1.72,1.87,247173.0
2024-09-06 04:00:00,1.85,2.02,1.73,1.74,115165.0
2024-09-09 04:00:00,1.73,1.773135,1.6508,1.73,33851.0
2024-09-10 04:00:00,1.73,1.9299,1.72,1.78,52095.0
2024-09-11 04:00:00,1.75,1.75,1.52,1.55,67208.0
2024-09-12 04:00:00,1.53,1.67,1.52,1.53,108403.0
2024-09-13 04:00:00,1.5,1.63,1.44,1.6,3858349.0
2024-09-16 04:00:00,2.28,2.67,1.91,2.26,19071470.0
2024-09-17 04:00:00,2.19,2.38,2.0714,2.21,1016457.0
2024-09-18 04:00:00,2.11,2.65,2.1,2.29,9088862.0
2024-09-19 04:00:00,5.64,6.0,3.4601,3.93,17935720.0
2024-09-20 04:00:00,3.38,4.73,3.34,4.23,1178810.0
2024-09-23 04:00:00,3.71,4.52,3.71,4.03,318305.0
2024-09-24 04:00:00,3.76,4.0299,3.5701,3.7,186938.0
2024-09-25 04:00:00,3.66,3.82,3.55,3.66,63166.0
2024-09-26 04:00:00,3.59,4.01,3.58,3.81,132346.0
2024-09-27 04:00:00,3.73,3.85,3.58,3.64,47915.0
2024-09-30 04:00:00,3.64,3.74,3.45,3.47,125174.0
2024-10-01 04:00:00,3.63,3.63,3.04,3.09,46466.0
2024-10-02 04:00:00,3.08,3.1,2.7533,2.78,37189.0
2024-10-03 04:00:00,2.67,2.92,2.67,2.77,69956.0
2024-10-04 04:00:00,2.7,2.82,2.7,2.7,13446.0
2024-10-07 04:00:00,2.67,3.19,2.65,2.82,76919.0
2024-10-08 04:00:00,2.81,2.9308,2.6,2.6,23179.0
2024-10-09 04:00:00,2.52,2.52,2.398,2.41,51208.0
2024-10-10 04:00:00,2.41,2.6476,2.34,2.57,151806.0
2024-10-11 04:00:00,2.54,2.69,2.53,2.68,54976.0
2024-10-14 04:00:00,2.64,2.72,2.54,2.58,15643.0
2024-10-15 04:00:00,2.58,3.87,2.15,2.25,2556603.0
2024-10-16 04:00:00,2.24,3.02,2.1701,2.91,320662.0
2024-10-17 04:00:00,2.95,2.98,2.7501,2.91,44702.0
2024-10-18 04:00:00,2.9,2.9,2.5897,2.68,24445.0
2024-10-21 04:00:00,2.68,2.7295,2.5594,2.62,18489.0
2024-10-22 04:00:00,2.57,2.65,2.57,2.57,12814.0
2024-10-23 04:00:00,2.58,2.58,2.36,2.43,15557.0
2024-10-24 04:00:00,2.43,2.46,2.33,2.33,7102.0
2024-10-25 04:00:00,2.38,2.45,2.34,2.37,8581.0
2024-10-28 04:00:00,2.39,2.48,2.39,2.41,9767.0
2024-10-29 04:00:00,2.44,2.6,2.4367,2.58,7974.0
2024-10-30 04:00:00,2.54,2.69,2.47,2.62,81952.0
2024-10-31 04:00:00,2.6,3.36,2.56,3.03,156549.0
2024-11-01 04:00:00,3.09,3.25,2.79,3.16,66099.0
2024-11-04 05:00:00,3.17,3.265,2.91,2.96,19935.0
2024-11-05 05:00:00,2.97,3.1141,2.752,2.89,39208.0
2024-11-06 05:00:00,3.02,3.0999,2.44,2.58,28908.0
2024-11-07 05:00:00,2.57,2.685,2.57,2.58,5071.0
2024-11-08 05:00:00,2.61,2.95,2.57,2.75,139598.0
2024-11-11 05:00:00,2.81,3.43,2.81,3.0,94941.0
2024-11-12 05:00:00,2.97,3.38,2.94,3.22,107586.0
2024-11-13 05:00:00,3.5,3.5402,2.62,2.73,117155.0
2024-11-14 05:00:00,2.71,3.31,2.71,3.18,53189.0
2024-11-15 05:00:00,3.03,3.1105,2.75,2.9,20927.0
2024-11-18 05:00:00,3.32,4.27,3.26,3.94,2720368.0
2024-11-19 05:00:00,4.27,5.9792,4.25,5.82,3705293.0
2024-11-20 05:00:00,6.84,14.8,6.83,11.19,22925191.0
2024-11-21 05:00:00,10.64,12.0,8.43,10.86,1019698.0
2024-11-22 05:00:00,15.05,19.62,12.6401,18.38,4594995.0
2024-11-25 05:00:00,22.2,32.49,18.55,26.74,2459414.0
2024-11-26 05:00:00,26.87,28.4199,20.1073,27.69,498968.0
2024-11-27 05:00:00,27.58,36.0,26.4712,31.99,512903.0
2024-11-29 05:00:00,30.24,34.99,29.0,29.49,185734.0
2024-12-02 05:00:00,30.1,32.0,22.0,22.3,249851.0
2024-12-03 05:00:00,20.75,21.05,13.1001,14.0,433623.0
2024-12-04 05:00:00,17.43,22.3642,17.43,21.52,928655.0
2024-12-05 05:00:00,22.6,24.5,21.66,22.95,231546.0
2024-12-06 05:00:00,24.2,26.67,24.12,24.25,125262.0
2024-12-09 05:00:00,24.25,25.7194,20.8305,23.26,242289.0
2024-12-10 05:00:00,23.28,23.7309,16.0,16.15,225840.0
2024-12-11 05:00:00,18.28,20.68,17.13,18.87,214646.0
2024-12-12 05:00:00,18.0,19.49,17.2,17.5,84294.0
2024-12-13 05:00:00,17.4,18.9516,14.5,17.31,94712.0
2024-12-16 05:00:00,18.37,19.215,18.08,18.12,63586.0
2024-12-17 05:00:00,18.1,18.94,17.12,18.53,86587.0
2024-12-18 05:00:00,18.8,18.8,17.5037,17.56,46355.0
2024-12-19 05:00:00,17.31,17.38,15.3688,15.74,63919.0
2024-12-20 05:00:00,16.91,19.498,16.232,18.67,222813.0
2024-12-23 05:00:00,18.7,22.99,18.37,19.54,98784.0
2024-12-24 05:00:00,19.14,20.0,16.53,17.18,64024.0
2024-12-26 05:00:00,17.18,17.97,16.63,17.25,72221.0
2024-12-27 05:00:00,17.75,18.4277,16.3999,17.58,127274.0
2024-12-30 05:00:00,16.67,17.5,15.8,16.15,111997.0
2024-12-31 05:00:00,15.34,15.78,13.28,13.67,120485.0
2025-01-02 05:00:00,13.9,15.34,13.9,15.18,97017.0
2025-01-03 05:00:00,14.67,15.1981,13.83,14.36,23348.0
2025-01-06 05:00:00,14.0,14.01,12.74,12.84,76498.0
2025-01-07 05:00:00,12.77,12.77,8.78,9.21,141367.0
2025-01-08 05:00:00,9.2,9.8,8.9,8.99,65579.0
2025-01-10 05:00:00,10.25,10.67,9.4,9.46,76289.0
2025-01-13 05:00:00,9.42,10.41,7.7,7.9,149276.0
2025-01-14 05:00:00,7.96,8.96,7.96,8.62,22159.0
2025-01-15 05:00:00,9.9,11.37,9.01,9.14,125847.0
2025-01-16 05:00:00,8.84,9.0,8.5073,8.89,22888.0
2025-01-17 05:00:00,9.12,12.34,9.11,10.07,485205.0
2025-01-21 05:00:00,10.18,12.65,10.1201,12.21,107935.0
2025-01-22 05:00:00,11.38,11.8096,10.15,10.37,533909.0
2025-01-23 05:00:00,15.25,15.25,12.21,13.66,570785.0
2025-01-24 05:00:00,13.2,13.5,12.0172,12.02,99434.0
2025-01-27 05:00:00,11.47,12.22,11.02,11.72,22337.0
2025-01-28 05:00:00,11.52,11.8,11.3285,11.52,27574.0
2025-01-29 05:00:00,11.41,11.41,10.2,10.73,23822.0
2025-01-30 05:00:00,10.72,11.31,10.2245,10.81,16374.0
2025-01-31 05:00:00,10.95,11.4,10.26,11.23,34976.0
2025-02-03 05:00:00,11.23,11.23,10.51,10.67,7263.0
2025-02-04 05:00:00,10.67,11.0104,10.6,10.84,14442.0
2025-02-05 05:00:00,10.55,10.63,10.0,10.22,12273.0
2025-02-06 05:00:00,10.27,11.9999,10.27,11.5,13509.0
2025-02-07 05:00:00,11.9,11.9,10.16,10.3,13800.0
2025-02-10 05:00:00,10.62,10.7756,10.1,10.21,17851.0
2025-02-11 05:00:00,10.12,10.46,10.12,10.34,11684.0
2025-02-12 05:00:00,10.45,10.46,9.98,10.01,8223.0
2025-02-13 05:00:00,10.25,10.25,9.93,10.09,14077.0
2025-02-14 05:00:00,10.11,10.225,9.42,10.03,21672.0
2025-02-18 05:00:00,9.35,9.395,8.5,8.5,23128.0
2025-02-19 05:00:00,8.39,8.5833,8.39,8.58,9107.0
2025-02-20 05:00:00,8.49,8.67,8.4034,8.44,4657.0
2025-02-21 05:00:00,8.3,8.56,8.0,8.55,9458.0
2025-02-24 05:00:00,8.24,8.5,8.06,8.2,9231.0
2025-02-25 05:00:00,8.28,8.28,7.18,7.7,23747.0
2025-02-26 05:00:00,7.6,7.9,7.56,7.61,5572.0
2025-02-27 05:00:00,7.84,7.84,7.61,7.61,9656.0
2025-02-28 05:00:00,7.54,9.4881,7.54,9.45,32781.0
2025-03-03 05:00:00,9.91,11.745,9.86,11.32,43332.0
2025-03-04 05:00:00,13.71,15.48,12.09,14.28,273669.0
2025-03-05 05:00:00,13.33,13.4,9.7,9.95,133376.0
2025-03-06 05:00:00,10.93,14.44,10.91,11.42,148350.0
2025-03-07 05:00:00,12.36,12.55,10.42,11.6,45932.0
2025-03-10 04:00:00,12.13,12.3947,10.0601,10.7,34481.0
2025-03-11 04:00:00,10.43,11.35,10.43,10.65,19615.0
2025-03-12 04:00:00,11.1,11.9854,10.1,10.57,27399.0
2025-03-13 04:00:00,12.69,13.53,11.2924,13.22,70501.0
2025-03-14 04:00:00,14.0,14.8,12.81,12.83,51887.0
2025-03-17 04:00:00,13.22,13.649,12.67,12.99,22363.0
2025-03-18 04:00:00,13.3,13.3,12.0743,12.4,41359.0
2025-03-19 04:00:00,12.1,13.05,12.1,12.9,11555.0
2025-03-20 04:00:00,13.15,15.91,12.98,13.56,65795.0
2025-03-21 04:00:00,14.3,14.5362,14.05,14.05,16160.0
2025-03-24 04:00:00,14.17,14.9349,13.2,13.57,21238.0
2025-03-25 04:00:00,12.92,13.485,12.8886,13.27,7071.0
2025-03-26 04:00:00,13.5,13.91,12.9902,13.91,8297.0
2025-03-27 04:00:00,14.13,14.73,13.51,14.0,19769.0
2025-03-28 04:00:00,13.5,13.99,13.4501,13.99,7707.0
2025-03-31 04:00:00,13.57,13.9533,12.74,13.34,19736.0
2025-04-01 04:00:00,14.11,14.11,12.9,13.2,19078.0
2025-04-02 04:00:00,12.97,12.97,12.02,12.3,15882.0
2025-04-03 04:00:00,12.24,13.74,12.24,13.23,12238.0
2025-04-04 04:00:00,12.84,13.365,12.68,13.0,5795.0
2025-04-07 04:00:00,12.3,13.25,12.1,12.8,4015.0
2025-04-08 04:00:00,12.8,12.8499,11.35,11.39,9207.0
2025-04-09 04:00:00,11.195,12.1,11.195,11.5,6738.0
2025-04-10 04:00:00,11.6151,11.7481,11.3,11.3,6000.0
2025-04-11 04:00:00,11.76,11.76,11.5768,11.58,2527.0
2025-04-14 04:00:00,11.93,12.22,11.73,11.73,4501.0
2025-04-15 04:00:00,11.73,11.96,11.34,11.7,105235.0
2025-04-16 04:00:00,12.07,12.2891,10.3,11.55,170855.0
2025-04-17 04:00:00,11.8,11.83,8.28,8.44,65441.0
2025-04-21 04:00:00,9.6,11.44,9.6,11.3,26602.0
2025-04-22 04:00:00,11.3,11.5851,10.75,11.36,17557.0
2025-04-23 04:00:00,11.58,12.6522,11.2,11.26,27051.0
2025-04-24 04:00:00,11.44,11.44,10.7001,11.135,13327.0
2025-04-25 04:00:00,11.4317,11.6073,10.8,10.8,10130.0
2025-04-28 04:00:00,11.32,11.5899,11.0,11.0,7203.0
2025-04-29 04:00:00,11.12,11.56,10.92,10.92,8340.0
2025-04-30 04:00:00,10.92,11.25,10.04,10.45,11329.0
2025-05-01 04:00:00,10.25,10.6799,9.81,9.97,9233.0
2025-05-02 04:00:00,10.455,10.73,10.125,10.73,7366.0
2025-05-05 04:00:00,11.46,11.58,10.47,10.73,7255.0
2025-05-06 04:00:00,10.68,11.32,10.1693,10.5,61103.0
2025-05-07 04:00:00,10.5,10.5,9.96,9.97,9296.0
2025-05-08 04:00:00,9.96,11.6,9.96,11.38,65690.0
2025-05-09 04:00:00,11.55,11.55,11.06,11.44,5987.0
2025-05-12 04:00:00,11.44,11.86,11.22,11.86,9516.0
2025-05-13 04:00:00,11.37,11.4,11.13,11.4,2758.0
2025-05-14 04:00:00,10.76,11.2,10.5,10.67,3686.0
2025-05-15 04:00:00,10.76,10.93,10.0,10.3,12418.0
2025-05-16 04:00:00,10.0,10.3,9.99,10.06,7648.0
2025-05-19 04:00:00,9.9935,10.25,9.9935,10.23,3328.0
