Date,Open,High,Low,Close,Volume,Dividends,Stock Splits
2018-03-16 00:00:00-04:00,27.5,33.470001220703125,26.059999465942383,33.0,16931900,0.0,0.0
2018-03-19 00:00:00-04:00,31.450000762939453,31.5,26.75,27.899999618530273,5892100,0.0,0.0
2018-03-20 00:00:00-04:00,28.40999984741211,30.90399932861328,28.06999969482422,30.3799991607666,3262000,0.0,0.0
2018-03-21 00:00:00-04:00,30.790000915527344,34.83000183105469,29.290000915527344,31.079999923706055,4460900,0.0,0.0
2018-03-22 00:00:00-04:00,30.0,31.8799991607666,28.559999465942383,29.829999923706055,3239500,0.0,0.0
2018-03-23 00:00:00-04:00,30.309999465942383,30.450000762939453,28.600000381469727,29.43000030517578,1247100,0.0,0.0
2018-03-26 00:00:00-04:00,30.6299991607666,30.937999725341797,27.299999237060547,27.829999923706055,1916700,0.0,0.0
2018-03-27 00:00:00-04:00,28.0,28.599000930786133,26.600000381469727,27.75,1719500,0.0,0.0
2018-03-28 00:00:00-04:00,27.350000381469727,28.190000534057617,27.0,27.530000686645508,824700,0.0,0.0
2018-03-29 00:00:00-04:00,27.75,28.454999923706055,26.799999237060547,28.06999969482422,1137600,0.0,0.0
2018-04-02 00:00:00-04:00,27.899999618530273,28.65999984741211,26.80699920654297,27.059999465942383,786700,0.0,0.0
2018-04-03 00:00:00-04:00,27.1299991607666,27.190000534057617,26.5,26.799999237060547,787500,0.0,0.0
2018-04-04 00:00:00-04:00,26.350000381469727,28.950000762939453,26.31999969482422,27.969999313354492,1023800,0.0,0.0
2018-04-05 00:00:00-04:00,28.610000610351562,29.149999618530273,27.969999313354492,28.530000686645508,1210400,0.0,0.0
2018-04-06 00:00:00-04:00,28.31999969482422,29.663000106811523,28.049999237060547,28.219999313354492,737300,0.0,0.0
2018-04-09 00:00:00-04:00,28.469999313354492,28.700000762939453,26.5,26.540000915527344,934500,0.0,0.0
2018-04-10 00:00:00-04:00,27.059999465942383,28.5,26.84000015258789,28.06999969482422,1068400,0.0,0.0
2018-04-11 00:00:00-04:00,28.030000686645508,29.459999084472656,27.399999618530273,27.709999084472656,795300,0.0,0.0
2018-04-12 00:00:00-04:00,27.809999465942383,28.59000015258789,27.774999618530273,27.959999084472656,258900,0.0,0.0
2018-04-13 00:00:00-04:00,28.700000762939453,28.700000762939453,27.030000686645508,27.479999542236328,418300,0.0,0.0
2018-04-16 00:00:00-04:00,27.889999389648438,29.0,27.565000534057617,28.989999771118164,401000,0.0,0.0
2018-04-17 00:00:00-04:00,29.309999465942383,29.972999572753906,28.6299991607666,28.75,951500,0.0,0.0
2018-04-18 00:00:00-04:00,28.959999084472656,29.0,28.0,28.649999618530273,377700,0.0,0.0
2018-04-19 00:00:00-04:00,28.649999618530273,28.94499969482422,27.75,28.030000686645508,265500,0.0,0.0
2018-04-20 00:00:00-04:00,28.049999237060547,28.229999542236328,27.030000686645508,27.219999313354492,522500,0.0,0.0
2018-04-23 00:00:00-04:00,27.200000762939453,27.579999923706055,26.5,26.860000610351562,626800,0.0,0.0
2018-04-24 00:00:00-04:00,27.0,27.969999313354492,27.0,27.139999389648438,393200,0.0,0.0
2018-04-25 00:00:00-04:00,27.09000015258789,28.450000762939453,26.850000381469727,28.110000610351562,415700,0.0,0.0
2018-04-26 00:00:00-04:00,28.399999618530273,28.809999465942383,28.17099952697754,28.649999618530273,396000,0.0,0.0
2018-04-27 00:00:00-04:00,28.860000610351562,28.93000030517578,28.410999298095703,28.709999084472656,197200,0.0,0.0
2018-04-30 00:00:00-04:00,28.700000762939453,30.059999465942383,28.700000762939453,29.889999389648438,399100,0.0,0.0
2018-05-01 00:00:00-04:00,29.799999237060547,30.030000686645508,29.0,29.1299991607666,418400,0.0,0.0
2018-05-02 00:00:00-04:00,29.31999969482422,30.059999465942383,29.010000228881836,29.950000762939453,265300,0.0,0.0
2018-05-03 00:00:00-04:00,28.75,28.75,26.75,27.56999969482422,1937300,0.0,0.0
2018-05-04 00:00:00-04:00,27.579999923706055,27.959999084472656,27.579999923706055,27.860000610351562,651300,0.0,0.0
2018-05-07 00:00:00-04:00,28.0,28.350000381469727,27.510000228881836,27.649999618530273,470200,0.0,0.0
2018-05-08 00:00:00-04:00,27.649999618530273,27.90999984741211,27.270000457763672,27.530000686645508,266400,0.0,0.0
2018-05-09 00:00:00-04:00,27.489999771118164,27.8700008392334,27.333999633789062,27.850000381469727,325500,0.0,0.0
2018-05-10 00:00:00-04:00,27.850000381469727,28.81999969482422,27.5,28.18000030517578,380900,0.0,0.0
2018-05-11 00:00:00-04:00,28.25,29.459999084472656,28.010000228881836,29.31999969482422,604500,0.0,0.0
2018-05-14 00:00:00-04:00,29.3700008392334,30.100000381469727,28.40999984741211,28.469999313354492,564800,0.0,0.0
2018-05-15 00:00:00-04:00,28.420000076293945,28.760000228881836,27.25,27.40999984741211,753500,0.0,0.0
2018-05-16 00:00:00-04:00,27.530000686645508,27.799999237060547,27.065000534057617,27.09000015258789,383100,0.0,0.0
2018-05-17 00:00:00-04:00,27.06999969482422,28.510000228881836,26.75200080871582,27.389999389648438,676300,0.0,0.0
2018-05-18 00:00:00-04:00,27.399999618530273,27.809999465942383,27.209999084472656,27.280000686645508,227400,0.0,0.0
2018-05-21 00:00:00-04:00,27.350000381469727,27.989999771118164,27.040000915527344,27.420000076293945,268300,0.0,0.0
2018-05-22 00:00:00-04:00,27.559999465942383,27.559999465942383,27.0,27.09000015258789,348700,0.0,0.0
2018-05-23 00:00:00-04:00,26.8799991607666,27.139999389648438,26.260000228881836,26.559999465942383,693400,0.0,0.0
2018-05-24 00:00:00-04:00,26.450000762939453,27.030000686645508,26.350000381469727,26.549999237060547,467800,0.0,0.0
2018-05-25 00:00:00-04:00,26.5,26.75,24.760000228881836,24.950000762939453,1034000,0.0,0.0
2018-05-29 00:00:00-04:00,25.0,26.139999389648438,25.0,25.6299991607666,731200,0.0,0.0
2018-05-30 00:00:00-04:00,25.940000534057617,26.399999618530273,25.111000061035156,25.5,763300,0.0,0.0
2018-05-31 00:00:00-04:00,25.6200008392334,26.329999923706055,25.06999969482422,26.260000228881836,725900,0.0,0.0
2018-06-01 00:00:00-04:00,26.360000610351562,28.200000762939453,26.360000610351562,28.18000030517578,849100,0.0,0.0
2018-06-04 00:00:00-04:00,28.389999389648438,29.399999618530273,28.389999389648438,29.209999084472656,1217700,0.0,0.0
2018-06-05 00:00:00-04:00,29.31999969482422,30.15999984741211,28.90999984741211,30.1299991607666,818100,0.0,0.0
2018-06-06 00:00:00-04:00,30.200000762939453,31.510000228881836,29.860000610351562,30.649999618530273,2051600,0.0,0.0
2018-06-07 00:00:00-04:00,36.0,42.15999984741211,34.849998474121094,37.790000915527344,10862900,0.0,0.0
2018-06-08 00:00:00-04:00,37.4900016784668,40.95000076293945,37.400001525878906,40.529998779296875,3254200,0.0,0.0
2018-06-11 00:00:00-04:00,40.959999084472656,43.97999954223633,40.59000015258789,41.25,3320600,0.0,0.0
2018-06-12 00:00:00-04:00,41.7599983215332,41.79999923706055,38.790000915527344,38.93000030517578,2774100,0.0,0.0
2018-06-13 00:00:00-04:00,39.11000061035156,39.869998931884766,38.29999923706055,38.83000183105469,1568600,0.0,0.0
2018-06-14 00:00:00-04:00,39.58000183105469,41.0,39.27000045776367,39.38999938964844,1952300,0.0,0.0
2018-06-15 00:00:00-04:00,38.95000076293945,42.720001220703125,38.935001373291016,41.0,3448000,0.0,0.0
2018-06-18 00:00:00-04:00,40.75,40.84000015258789,39.52000045776367,40.400001525878906,1760500,0.0,0.0
2018-06-19 00:00:00-04:00,39.88999938964844,39.9900016784668,36.36000061035156,39.15999984741211,3160600,0.0,0.0
2018-06-20 00:00:00-04:00,39.61000061035156,39.9900016784668,37.77000045776367,37.8849983215332,1292000,0.0,0.0
2018-06-21 00:00:00-04:00,38.08000183105469,38.08000183105469,35.189998626708984,35.209999084472656,2687000,0.0,0.0
2018-06-22 00:00:00-04:00,35.599998474121094,36.900001525878906,34.25,36.630001068115234,3702500,0.0,0.0
2018-06-25 00:00:00-04:00,36.380001068115234,37.81999969482422,34.38999938964844,36.36000061035156,2068800,0.0,0.0
2018-06-26 00:00:00-04:00,36.45000076293945,37.34000015258789,35.29999923706055,35.869998931884766,1090100,0.0,0.0
2018-06-27 00:00:00-04:00,35.779998779296875,36.895999908447266,34.310001373291016,34.61000061035156,1080400,0.0,0.0
2018-06-28 00:00:00-04:00,34.5,35.66999816894531,33.5099983215332,35.310001373291016,1206200,0.0,0.0
2018-06-29 00:00:00-04:00,35.70000076293945,36.900001525878906,34.279998779296875,35.75,1381700,0.0,0.0
2018-07-02 00:00:00-04:00,36.0,37.47999954223633,34.79999923706055,37.08000183105469,1355700,0.0,0.0
2018-07-03 00:00:00-04:00,37.459999084472656,37.790000915527344,35.599998474121094,36.43000030517578,761200,0.0,0.0
2018-07-05 00:00:00-04:00,36.61000061035156,36.81999969482422,35.279998779296875,36.66999816894531,624400,0.0,0.0
2018-07-06 00:00:00-04:00,36.70000076293945,38.779998779296875,36.54999923706055,38.0099983215332,1256600,0.0,0.0
2018-07-09 00:00:00-04:00,38.95000076293945,40.06999969482422,37.619998931884766,39.869998931884766,1279800,0.0,0.0
2018-07-10 00:00:00-04:00,40.34000015258789,40.34000015258789,38.150001525878906,38.540000915527344,1241200,0.0,0.0
2018-07-11 00:00:00-04:00,38.0,39.310001373291016,37.0099983215332,39.119998931884766,970200,0.0,0.0
2018-07-12 00:00:00-04:00,39.22999954223633,40.790000915527344,38.810001373291016,40.540000915527344,1003000,0.0,0.0
2018-07-13 00:00:00-04:00,40.68000030517578,40.77000045776367,39.119998931884766,39.7400016784668,724400,0.0,0.0
2018-07-16 00:00:00-04:00,39.65999984741211,41.43000030517578,39.02000045776367,41.119998931884766,896800,0.0,0.0
2018-07-17 00:00:00-04:00,41.119998931884766,41.97999954223633,40.17499923706055,41.880001068115234,1151100,0.0,0.0
2018-07-18 00:00:00-04:00,42.31999969482422,42.630001068115234,40.91999816894531,41.68000030517578,963100,0.0,0.0
2018-07-19 00:00:00-04:00,41.45000076293945,41.8650016784668,40.15999984741211,40.380001068115234,722200,0.0,0.0
2018-07-20 00:00:00-04:00,40.56999969482422,41.7599983215332,39.31800079345703,39.790000915527344,1290900,0.0,0.0
2018-07-23 00:00:00-04:00,39.619998931884766,42.43000030517578,39.0,41.380001068115234,947600,0.0,0.0
2018-07-24 00:00:00-04:00,41.52000045776367,42.540000915527344,38.099998474121094,39.810001373291016,1207900,0.0,0.0
2018-07-25 00:00:00-04:00,39.689998626708984,41.279998779296875,39.0,41.220001220703125,599900,0.0,0.0
2018-07-26 00:00:00-04:00,39.869998931884766,40.72999954223633,39.47999954223633,39.66999816894531,856700,0.0,0.0
2018-07-27 00:00:00-04:00,40.099998474121094,40.40999984741211,37.11000061035156,37.380001068115234,1134100,0.0,0.0
2018-07-30 00:00:00-04:00,37.290000915527344,37.72999954223633,35.18000030517578,36.220001220703125,1235600,0.0,0.0
2018-07-31 00:00:00-04:00,36.099998474121094,36.77000045776367,33.900001525878906,35.310001373291016,1391200,0.0,0.0
2018-08-01 00:00:00-04:00,35.599998474121094,36.22999954223633,35.191001892089844,36.060001373291016,508700,0.0,0.0
2018-08-02 00:00:00-04:00,35.65999984741211,37.465999603271484,35.32400131225586,37.029998779296875,868700,0.0,0.0
2018-08-03 00:00:00-04:00,37.16999816894531,37.632999420166016,36.347999572753906,37.33000183105469,647700,0.0,0.0
2018-08-06 00:00:00-04:00,37.41999816894531,38.66999816894531,36.060001373291016,36.59000015258789,692800,0.0,0.0
2018-08-07 00:00:00-04:00,37.060001373291016,38.29999923706055,36.75,37.25,501500,0.0,0.0
2018-08-08 00:00:00-04:00,37.40999984741211,38.43000030517578,36.77899932861328,37.040000915527344,546900,0.0,0.0
2018-08-09 00:00:00-04:00,37.08000183105469,39.59000015258789,37.08000183105469,38.290000915527344,703600,0.0,0.0
2018-08-10 00:00:00-04:00,38.209999084472656,38.63999938964844,37.150001525878906,38.189998626708984,457300,0.0,0.0
2018-08-13 00:00:00-04:00,38.43000030517578,39.22600173950195,37.54999923706055,38.060001373291016,565500,0.0,0.0
2018-08-14 00:00:00-04:00,38.029998779296875,38.59000015258789,36.77000045776367,37.52000045776367,633900,0.0,0.0
2018-08-15 00:00:00-04:00,37.02000045776367,37.404998779296875,35.5099983215332,36.349998474121094,1100400,0.0,0.0
2018-08-16 00:00:00-04:00,36.9900016784668,39.150001525878906,36.678001403808594,39.099998474121094,1754700,0.0,0.0
2018-08-17 00:00:00-04:00,38.91999816894531,41.0,38.55500030517578,40.290000915527344,1513200,0.0,0.0
2018-08-20 00:00:00-04:00,40.70000076293945,40.9900016784668,39.779998779296875,39.81999969482422,968500,0.0,0.0
2018-08-21 00:00:00-04:00,39.79999923706055,39.98899841308594,39.060001373291016,39.43000030517578,922700,0.0,0.0
2018-08-22 00:00:00-04:00,39.70000076293945,42.5,39.04999923706055,41.720001220703125,1956100,0.0,0.0
2018-08-23 00:00:00-04:00,41.5,43.900001525878906,41.26100158691406,42.54999923706055,1528500,0.0,0.0
2018-08-24 00:00:00-04:00,43.099998474121094,45.439998626708984,43.0,44.43000030517578,1892300,0.0,0.0
2018-08-27 00:00:00-04:00,45.119998931884766,47.86000061035156,45.11000061035156,47.2599983215332,2974300,0.0,0.0
2018-08-28 00:00:00-04:00,48.2400016784668,48.2400016784668,45.604000091552734,47.0,1696500,0.0,0.0
2018-08-29 00:00:00-04:00,47.0,48.0,46.5099983215332,47.15999984741211,738200,0.0,0.0
2018-08-30 00:00:00-04:00,47.29999923706055,47.970001220703125,43.7599983215332,43.900001525878906,1913100,0.0,0.0
2018-08-31 00:00:00-04:00,43.400001525878906,44.435001373291016,42.5,42.790000915527344,1279200,0.0,0.0
2018-09-04 00:00:00-04:00,43.0,45.13999938964844,41.36000061035156,44.2599983215332,1703600,0.0,0.0
2018-09-05 00:00:00-04:00,44.540000915527344,45.470001220703125,43.099998474121094,44.06999969482422,3305300,0.0,0.0
2018-09-06 00:00:00-04:00,42.0099983215332,42.689998626708984,39.619998931884766,41.869998931884766,3115300,0.0,0.0
2018-09-07 00:00:00-04:00,41.79999923706055,46.900001525878906,41.66999816894531,46.04999923706055,2573000,0.0,0.0
2018-09-10 00:00:00-04:00,45.189998626708984,47.790000915527344,43.65599822998047,45.7599983215332,2130400,0.0,0.0
2018-09-11 00:00:00-04:00,45.7400016784668,45.880001068115234,42.77000045776367,42.95000076293945,1932100,0.0,0.0
2018-09-12 00:00:00-04:00,41.369998931884766,43.369998931884766,40.5099983215332,42.68000030517578,6087700,0.0,0.0
2018-09-13 00:00:00-04:00,42.25,43.2599983215332,41.51499938964844,42.439998626708984,1935100,0.0,0.0
2018-09-14 00:00:00-04:00,42.279998779296875,43.810001373291016,42.099998474121094,42.63999938964844,1878900,0.0,0.0
2018-09-17 00:00:00-04:00,42.56999969482422,42.84000015258789,40.099998474121094,40.2599983215332,2203200,0.0,0.0
2018-09-18 00:00:00-04:00,40.0099983215332,40.56999969482422,39.119998931884766,39.75,1532900,0.0,0.0
2018-09-19 00:00:00-04:00,39.150001525878906,39.70000076293945,37.5099983215332,37.83000183105469,2170700,0.0,0.0
2018-09-20 00:00:00-04:00,37.599998474121094,39.5,37.08000183105469,38.81999969482422,1450100,0.0,0.0
2018-09-21 00:00:00-04:00,38.900001525878906,40.25,38.38999938964844,40.130001068115234,2187300,0.0,0.0
2018-09-24 00:00:00-04:00,39.060001373291016,41.81999969482422,39.060001373291016,41.43000030517578,1881500,0.0,0.0
2018-09-25 00:00:00-04:00,41.349998474121094,43.13999938964844,41.11000061035156,42.63999938964844,1683300,0.0,0.0
2018-09-26 00:00:00-04:00,42.0,42.80500030517578,41.099998474121094,41.970001220703125,1612600,0.0,0.0
2018-09-27 00:00:00-04:00,41.869998931884766,42.470001220703125,41.439998626708984,41.61000061035156,753400,0.0,0.0
2018-09-28 00:00:00-04:00,41.41999816894531,42.34000015258789,40.5,40.779998779296875,1178800,0.0,0.0
2018-10-01 00:00:00-04:00,41.5,41.939998626708984,39.7400016784668,39.93000030517578,1496400,0.0,0.0
2018-10-02 00:00:00-04:00,39.790000915527344,40.40999984741211,36.790000915527344,37.029998779296875,2329100,0.0,0.0
2018-10-03 00:00:00-04:00,38.06999969482422,38.61000061035156,36.369998931884766,38.209999084472656,1389700,0.0,0.0
2018-10-04 00:00:00-04:00,38.29999923706055,38.369998931884766,36.58000183105469,37.810001373291016,1315900,0.0,0.0
2018-10-05 00:00:00-04:00,37.52000045776367,37.777000427246094,35.599998474121094,37.040000915527344,1484000,0.0,0.0
2018-10-08 00:00:00-04:00,36.720001220703125,37.220001220703125,35.599998474121094,36.349998474121094,1166500,0.0,0.0
2018-10-09 00:00:00-04:00,36.189998626708984,37.20000076293945,35.630001068115234,35.72999954223633,1036200,0.0,0.0
2018-10-10 00:00:00-04:00,35.189998626708984,35.84000015258789,33.439998626708984,33.540000915527344,1923600,0.0,0.0
2018-10-11 00:00:00-04:00,33.0,36.06999969482422,33.0,34.54999923706055,2001600,0.0,0.0
2018-10-12 00:00:00-04:00,37.09000015258789,37.2400016784668,34.97999954223633,36.29999923706055,1437600,0.0,0.0
2018-10-15 00:00:00-04:00,36.29999923706055,37.59000015258789,35.70000076293945,36.86000061035156,1033800,0.0,0.0
2018-10-16 00:00:00-04:00,37.29999923706055,39.130001068115234,37.060001373291016,38.959999084472656,1126900,0.0,0.0
2018-10-17 00:00:00-04:00,39.099998474121094,39.119998931884766,37.18000030517578,37.90999984741211,1122900,0.0,0.0
2018-10-18 00:00:00-04:00,37.95000076293945,38.375,36.439998626708984,36.779998779296875,1071800,0.0,0.0
2018-10-19 00:00:00-04:00,37.11000061035156,37.90999984741211,35.560001373291016,35.68000030517578,1188400,0.0,0.0
2018-10-22 00:00:00-04:00,36.13999938964844,36.724998474121094,34.939998626708984,36.29999923706055,1063800,0.0,0.0
2018-10-23 00:00:00-04:00,35.22999954223633,36.0,34.099998474121094,35.529998779296875,1047700,0.0,0.0
2018-10-24 00:00:00-04:00,35.54999923706055,36.04999923706055,33.939998626708984,34.02000045776367,1020000,0.0,0.0
2018-10-25 00:00:00-04:00,34.599998474121094,36.20000076293945,34.02000045776367,35.75,890300,0.0,0.0
2018-10-26 00:00:00-04:00,34.4900016784668,35.0099983215332,33.2400016784668,33.75,1511500,0.0,0.0
2018-10-29 00:00:00-04:00,34.70000076293945,35.5,33.45000076293945,34.16999816894531,1279200,0.0,0.0
2018-10-30 00:00:00-04:00,33.970001220703125,35.67499923706055,33.47999954223633,35.4900016784668,859800,0.0,0.0
2018-10-31 00:00:00-04:00,36.59000015258789,36.869998931884766,35.189998626708984,36.290000915527344,1047800,0.0,0.0
2018-11-01 00:00:00-04:00,36.29999923706055,39.369998931884766,35.25,38.959999084472656,2498100,0.0,0.0
2018-11-02 00:00:00-04:00,39.2599983215332,39.849998474121094,38.06999969482422,39.41999816894531,1435300,0.0,0.0
2018-11-05 00:00:00-05:00,39.84000015258789,40.0,38.75299835205078,39.77000045776367,1028000,0.0,0.0
2018-11-06 00:00:00-05:00,39.810001373291016,41.08000183105469,39.61000061035156,40.970001220703125,912000,0.0,0.0
2018-11-07 00:00:00-05:00,41.06999969482422,42.290000915527344,40.34000015258789,41.0,1446100,0.0,0.0
2018-11-08 00:00:00-05:00,41.25,42.47999954223633,40.891998291015625,41.7400016784668,617500,0.0,0.0
2018-11-09 00:00:00-05:00,41.7400016784668,41.854000091552734,39.95000076293945,40.709999084472656,648700,0.0,0.0
2018-11-12 00:00:00-05:00,40.52000045776367,40.569000244140625,38.06999969482422,39.34000015258789,962600,0.0,0.0
2018-11-13 00:00:00-05:00,39.27000045776367,40.75,39.08000183105469,40.31999969482422,533700,0.0,0.0
2018-11-14 00:00:00-05:00,41.0,41.33000183105469,39.869998931884766,40.09000015258789,839600,0.0,0.0
2018-11-15 00:00:00-05:00,40.029998779296875,41.599998474121094,39.79999923706055,40.9900016784668,1518200,0.0,0.0
2018-11-16 00:00:00-05:00,40.2599983215332,40.38999938964844,37.56999969482422,37.650001525878906,1853600,0.0,0.0
2018-11-19 00:00:00-05:00,37.599998474121094,37.970001220703125,31.709999084472656,33.099998474121094,2994300,0.0,0.0
2018-11-20 00:00:00-05:00,31.280000686645508,34.04999923706055,30.719999313354492,32.25,2057400,0.0,0.0
2018-11-21 00:00:00-05:00,32.95000076293945,33.880001068115234,32.500999450683594,33.47999954223633,788100,0.0,0.0
2018-11-23 00:00:00-05:00,33.11000061035156,34.29999923706055,32.540000915527344,33.849998474121094,280500,0.0,0.0
2018-11-26 00:00:00-05:00,34.459999084472656,34.7599983215332,33.54999923706055,34.68000030517578,961800,0.0,0.0
2018-11-27 00:00:00-05:00,34.25,34.869998931884766,33.90999984741211,34.61000061035156,794800,0.0,0.0
2018-11-28 00:00:00-05:00,35.15999984741211,36.90999984741211,35.0099983215332,36.900001525878906,1315700,0.0,0.0
2018-11-29 00:00:00-05:00,36.58000183105469,37.84000015258789,36.58000183105469,37.560001373291016,1670200,0.0,0.0
2018-11-30 00:00:00-05:00,37.720001220703125,39.310001373291016,37.189998626708984,39.2599983215332,2068900,0.0,0.0
2018-12-03 00:00:00-05:00,40.9900016784668,41.0,38.380001068115234,39.119998931884766,2161100,0.0,0.0
2018-12-04 00:00:00-05:00,38.84000015258789,40.20000076293945,36.9900016784668,37.209999084472656,2092200,0.0,0.0
2018-12-06 00:00:00-05:00,38.29999923706055,43.058998107910156,37.150001525878906,42.97999954223633,5616200,0.0,0.0
2018-12-07 00:00:00-05:00,42.61000061035156,43.400001525878906,39.099998474121094,40.38999938964844,2129300,0.0,0.0
2018-12-10 00:00:00-05:00,39.29999923706055,41.900001525878906,39.18000030517578,40.599998474121094,1923700,0.0,0.0
2018-12-11 00:00:00-05:00,41.25,41.9900016784668,39.41999816894531,39.7599983215332,1825200,0.0,0.0
2018-12-12 00:00:00-05:00,40.75,42.720001220703125,40.20399856567383,41.220001220703125,1911100,0.0,0.0
2018-12-13 00:00:00-05:00,41.33000183105469,42.4900016784668,41.0099983215332,41.86000061035156,1258300,0.0,0.0
2018-12-14 00:00:00-05:00,41.11000061035156,44.0,41.0,42.470001220703125,2855100,0.0,0.0
2018-12-17 00:00:00-05:00,41.900001525878906,42.220001220703125,37.90999984741211,38.27000045776367,2557200,0.0,0.0
2018-12-18 00:00:00-05:00,38.2599983215332,40.099998474121094,38.2599983215332,39.599998474121094,1555100,0.0,0.0
2018-12-19 00:00:00-05:00,39.529998779296875,41.150001525878906,38.90999984741211,39.33000183105469,1888800,0.0,0.0
2018-12-20 00:00:00-05:00,39.25,40.09000015258789,36.141998291015625,37.22999954223633,2439900,0.0,0.0
2018-12-21 00:00:00-05:00,37.5,37.5099983215332,34.209999084472656,34.959999084472656,7189800,0.0,0.0
2018-12-24 00:00:00-05:00,34.40999984741211,36.95000076293945,34.40999984741211,35.54999923706055,1123000,0.0,0.0
2018-12-26 00:00:00-05:00,35.95000076293945,39.20000076293945,35.790000915527344,39.130001068115234,1308900,0.0,0.0
2018-12-27 00:00:00-05:00,38.18000030517578,40.20000076293945,38.0,40.16999816894531,1629600,0.0,0.0
2018-12-28 00:00:00-05:00,40.13999938964844,40.45000076293945,38.88399887084961,39.79999923706055,817400,0.0,0.0
2018-12-31 00:00:00-05:00,40.2400016784668,40.400001525878906,37.72999954223633,39.209999084472656,1515200,0.0,0.0
2019-01-02 00:00:00-05:00,38.38999938964844,40.939998626708984,38.0260009765625,39.810001373291016,1280700,0.0,0.0
2019-01-03 00:00:00-05:00,38.95000076293945,39.91999816894531,38.27000045776367,39.31999969482422,974800,0.0,0.0
2019-01-04 00:00:00-05:00,40.15999984741211,42.31999969482422,39.650001525878906,41.77000045776367,1782700,0.0,0.0
2019-01-07 00:00:00-05:00,41.970001220703125,43.983001708984375,41.869998931884766,43.560001373291016,2211000,0.0,0.0
2019-01-08 00:00:00-05:00,44.0,45.0099983215332,42.56399917602539,43.97999954223633,1568600,0.0,0.0
2019-01-09 00:00:00-05:00,43.68000030517578,45.0,43.36000061035156,44.880001068115234,1194500,0.0,0.0
2019-01-10 00:00:00-05:00,43.970001220703125,45.722999572753906,43.65299987792969,45.40999984741211,1303300,0.0,0.0
2019-01-11 00:00:00-05:00,44.90999984741211,45.869998931884766,44.68000030517578,45.20000076293945,1115200,0.0,0.0
2019-01-14 00:00:00-05:00,44.5099983215332,45.369998931884766,44.13999938964844,45.0099983215332,529100,0.0,0.0
2019-01-15 00:00:00-05:00,43.31999969482422,45.5,42.20000076293945,45.31999969482422,1146500,0.0,0.0
2019-01-16 00:00:00-05:00,45.5,45.59000015258789,43.439998626708984,44.150001525878906,1417900,0.0,0.0
2019-01-17 00:00:00-05:00,44.15999984741211,45.290000915527344,44.029998779296875,44.84000015258789,820100,0.0,0.0
2019-01-18 00:00:00-05:00,45.38999938964844,46.0,44.88999938964844,45.349998474121094,2477300,0.0,0.0
2019-01-22 00:00:00-05:00,45.099998474121094,45.220001220703125,43.61000061035156,44.59000015258789,1059900,0.0,0.0
2019-01-23 00:00:00-05:00,45.0,45.880001068115234,44.27000045776367,45.04999923706055,973800,0.0,0.0
2019-01-24 00:00:00-05:00,45.0,45.36000061035156,42.59000015258789,45.060001373291016,1125300,0.0,0.0
2019-01-25 00:00:00-05:00,45.56999969482422,46.68000030517578,45.08000183105469,45.88999938964844,2473900,0.0,0.0
2019-01-28 00:00:00-05:00,44.970001220703125,45.61000061035156,44.2599983215332,45.59000015258789,959700,0.0,0.0
2019-01-29 00:00:00-05:00,45.70000076293945,45.95000076293945,44.599998474121094,45.16999816894531,970900,0.0,0.0
2019-01-30 00:00:00-05:00,45.560001373291016,46.29499816894531,44.90999984741211,45.52000045776367,1129100,0.0,0.0
2019-01-31 00:00:00-05:00,45.369998931884766,48.849998474121094,45.099998474121094,48.369998931884766,3566400,0.0,0.0
2019-02-01 00:00:00-05:00,48.040000915527344,48.40999984741211,47.0,48.31999969482422,2014200,0.0,0.0
2019-02-04 00:00:00-05:00,48.41999816894531,49.75,48.04999923706055,49.06999969482422,2257100,0.0,0.0
2019-02-05 00:00:00-05:00,49.380001068115234,49.95000076293945,47.85200119018555,48.31999969482422,1603500,0.0,0.0
2019-02-06 00:00:00-05:00,48.0,48.65999984741211,46.52000045776367,47.75,1231800,0.0,0.0
2019-02-07 00:00:00-05:00,47.220001220703125,48.060001373291016,46.5099983215332,48.029998779296875,988000,0.0,0.0
2019-02-08 00:00:00-05:00,47.220001220703125,48.790000915527344,47.11000061035156,48.459999084472656,1023800,0.0,0.0
2019-02-11 00:00:00-05:00,48.90999984741211,49.28799819946289,48.18000030517578,48.59000015258789,1122800,0.0,0.0
2019-02-12 00:00:00-05:00,49.130001068115234,50.70000076293945,48.81999969482422,50.099998474121094,1493600,0.0,0.0
2019-02-13 00:00:00-05:00,50.459999084472656,50.900001525878906,48.88999938964844,49.0,1194800,0.0,0.0
2019-02-14 00:00:00-05:00,48.85499954223633,50.32600021362305,48.5,50.08000183105469,1315000,0.0,0.0
2019-02-15 00:00:00-05:00,50.400001525878906,50.79999923706055,49.70000076293945,50.11000061035156,1018100,0.0,0.0
2019-02-19 00:00:00-05:00,50.18000030517578,50.5,49.76499938964844,49.9900016784668,1004400,0.0,0.0
2019-02-20 00:00:00-05:00,50.18000030517578,50.58000183105469,49.2400016784668,49.83000183105469,943200,0.0,0.0
2019-02-21 00:00:00-05:00,50.040000915527344,50.18000030517578,48.81999969482422,49.66999816894531,631500,0.0,0.0
2019-02-22 00:00:00-05:00,50.060001373291016,50.56999969482422,49.52000045776367,49.779998779296875,1426000,0.0,0.0
2019-02-25 00:00:00-05:00,50.29999923706055,50.599998474121094,49.290000915527344,49.93000030517578,2270500,0.0,0.0
2019-02-26 00:00:00-05:00,50.029998779296875,50.099998474121094,49.47999954223633,50.0,1938700,0.0,0.0
2019-02-27 00:00:00-05:00,50.27000045776367,51.36000061035156,49.95000076293945,50.720001220703125,3252700,0.0,0.0
2019-02-28 00:00:00-05:00,51.0,51.0,49.08000183105469,49.68000030517578,2881600,0.0,0.0
2019-03-01 00:00:00-05:00,57.4900016784668,61.13999938964844,55.29999923706055,60.56999969482422,9658400,0.0,0.0
2019-03-04 00:00:00-05:00,60.61000061035156,61.63999938964844,56.61000061035156,58.029998779296875,4175900,0.0,0.0
2019-03-05 00:00:00-05:00,57.0,57.959999084472656,56.70000076293945,57.529998779296875,1748700,0.0,0.0
2019-03-06 00:00:00-05:00,57.400001525878906,59.25,57.23099899291992,58.27000045776367,2371000,0.0,0.0
2019-03-07 00:00:00-05:00,58.25,60.0,57.66999816894531,59.18000030517578,2242500,0.0,0.0
2019-03-08 00:00:00-05:00,58.22999954223633,60.709999084472656,57.02000045776367,60.540000915527344,2423600,0.0,0.0
2019-03-11 00:00:00-04:00,60.79999923706055,64.4000015258789,60.75,63.34000015258789,3669000,0.0,0.0
2019-03-12 00:00:00-04:00,63.349998474121094,65.0,62.59000015258789,63.650001525878906,2297600,0.0,0.0
2019-03-13 00:00:00-04:00,64.0,65.0199966430664,63.7599983215332,64.80000305175781,1889700,0.0,0.0
2019-03-14 00:00:00-04:00,65.0,67.33000183105469,64.80000305175781,66.94000244140625,2201400,0.0,0.0
2019-03-15 00:00:00-04:00,67.2300033569336,68.8499984741211,66.66000366210938,67.19000244140625,3089800,0.0,0.0
2019-03-18 00:00:00-04:00,67.38999938964844,68.4800033569336,66.18000030517578,67.27999877929688,1519500,0.0,0.0
2019-03-19 00:00:00-04:00,68.0,68.2229995727539,66.68000030517578,67.91000366210938,1103800,0.0,0.0
2019-03-20 00:00:00-04:00,67.73999786376953,68.30000305175781,66.55000305175781,67.48999786376953,1788100,0.0,0.0
2019-03-21 00:00:00-04:00,67.01000213623047,70.0,67.01000213623047,69.91999816894531,1550700,0.0,0.0
2019-03-22 00:00:00-04:00,69.9000015258789,70.9000015258789,65.43000030517578,66.01000213623047,3158900,0.0,0.0
2019-03-25 00:00:00-04:00,65.55000305175781,68.30000305175781,63.5,67.80999755859375,2430600,0.0,0.0
2019-03-26 00:00:00-04:00,68.66999816894531,72.69000244140625,67.93000030517578,71.02999877929688,4153200,0.0,0.0
2019-03-27 00:00:00-04:00,71.11000061035156,72.08999633789062,67.0,69.75,3130000,0.0,0.0
2019-03-28 00:00:00-04:00,69.9800033569336,71.98999786376953,69.27999877929688,71.05000305175781,2189700,0.0,0.0
2019-03-29 00:00:00-04:00,71.38999938964844,71.7300033569336,70.0199966430664,70.93000030517578,1782000,0.0,0.0
2019-04-01 00:00:00-04:00,72.0,72.94000244140625,69.55999755859375,70.73999786376953,1635900,0.0,0.0
2019-04-02 00:00:00-04:00,70.93000030517578,71.29499816894531,69.22000122070312,70.91000366210938,1460400,0.0,0.0
2019-04-03 00:00:00-04:00,71.30000305175781,71.45999908447266,69.30999755859375,69.33999633789062,1670200,0.0,0.0
2019-04-04 00:00:00-04:00,69.70999908447266,69.70999908447266,61.38999938964844,63.279998779296875,7484600,0.0,0.0
2019-04-05 00:00:00-04:00,63.5,64.69999694824219,62.5,63.13999938964844,2553900,0.0,0.0
2019-04-08 00:00:00-04:00,62.810001373291016,64.80000305175781,61.51499938964844,63.470001220703125,1603000,0.0,0.0
2019-04-09 00:00:00-04:00,64.70999908447266,65.61499786376953,63.5099983215332,64.94000244140625,2349500,0.0,0.0
2019-04-10 00:00:00-04:00,64.75,68.45999908447266,64.5,68.44000244140625,3402900,0.0,0.0
2019-04-11 00:00:00-04:00,68.2300033569336,68.81999969482422,66.69000244140625,67.75,1708900,0.0,0.0
2019-04-12 00:00:00-04:00,68.30999755859375,68.7300033569336,66.25,66.63999938964844,1241700,0.0,0.0
2019-04-15 00:00:00-04:00,66.58999633789062,67.99500274658203,66.01000213623047,67.04000091552734,1269200,0.0,0.0
2019-04-16 00:00:00-04:00,67.30000305175781,67.44999694824219,65.2699966430664,66.26000213623047,1378300,0.0,0.0
2019-04-17 00:00:00-04:00,66.44000244140625,66.5,62.060001373291016,62.43000030517578,2414900,0.0,0.0
2019-04-18 00:00:00-04:00,62.27000045776367,62.79999923706055,60.02000045776367,62.72999954223633,2081000,0.0,0.0
2019-04-22 00:00:00-04:00,62.5,64.4800033569336,62.400001525878906,64.26000213623047,1234600,0.0,0.0
2019-04-23 00:00:00-04:00,65.0,65.76000213623047,64.58000183105469,65.41999816894531,1170300,0.0,0.0
2019-04-24 00:00:00-04:00,65.93000030517578,66.26000213623047,64.06999969482422,64.98999786376953,1027200,0.0,0.0
2019-04-25 00:00:00-04:00,65.8499984741211,69.0,65.83000183105469,66.95999908447266,3386300,0.0,0.0
2019-04-26 00:00:00-04:00,66.7699966430664,67.69999694824219,65.26499938964844,66.94000244140625,1225700,0.0,0.0
2019-04-29 00:00:00-04:00,66.87000274658203,69.5,66.87000274658203,68.19999694824219,1776800,0.0,0.0
2019-04-30 00:00:00-04:00,67.95999908447266,69.19999694824219,66.43000030517578,68.30999755859375,1293000,0.0,0.0
2019-05-01 00:00:00-04:00,68.9800033569336,69.4000015258789,65.97000122070312,66.16999816894531,1551700,0.0,0.0
2019-05-02 00:00:00-04:00,65.87999725341797,67.1500015258789,64.43499755859375,65.66999816894531,1741700,0.0,0.0
2019-05-03 00:00:00-04:00,66.31999969482422,67.56999969482422,65.11000061035156,67.4000015258789,1147500,0.0,0.0
2019-05-06 00:00:00-04:00,65.01000213623047,69.98999786376953,63.404998779296875,69.5,2097300,0.0,0.0
2019-05-07 00:00:00-04:00,68.88999938964844,69.94999694824219,64.80000305175781,66.36000061035156,2758000,0.0,0.0
2019-05-08 00:00:00-04:00,66.33000183105469,68.19000244140625,65.58999633789062,67.61000061035156,1305000,0.0,0.0
2019-05-09 00:00:00-04:00,66.91000366210938,69.0,65.3949966430664,68.62000274658203,1867800,0.0,0.0
2019-05-10 00:00:00-04:00,68.76000213623047,74.58999633789062,68.23400115966797,73.55000305175781,5345000,0.0,0.0
2019-05-13 00:00:00-04:00,71.62000274658203,72.5199966430664,67.51000213623047,68.08999633789062,3355700,0.0,0.0
2019-05-14 00:00:00-04:00,69.97000122070312,72.86000061035156,69.69999694824219,72.05000305175781,2503800,0.0,0.0
2019-05-15 00:00:00-04:00,71.6500015258789,75.9000015258789,71.08599853515625,75.0199966430664,2661100,0.0,0.0
2019-05-16 00:00:00-04:00,75.12999725341797,79.33000183105469,75.12999725341797,78.66000366210938,2544500,0.0,0.0
2019-05-17 00:00:00-04:00,77.68000030517578,80.37999725341797,77.54000091552734,78.79000091552734,2481200,0.0,0.0
2019-05-20 00:00:00-04:00,77.5999984741211,77.88999938964844,74.81999969482422,76.63999938964844,2121700,0.0,0.0
2019-05-21 00:00:00-04:00,77.52999877929688,78.19000244140625,75.51000213623047,76.08999633789062,1651300,0.0,0.0
2019-05-22 00:00:00-04:00,75.30999755859375,77.88999938964844,75.30999755859375,75.88999938964844,1531400,0.0,0.0
2019-05-23 00:00:00-04:00,75.25,75.30999755859375,72.19000244140625,73.44999694824219,2554400,0.0,0.0
2019-05-24 00:00:00-04:00,74.11000061035156,75.11000061035156,72.85600280761719,73.76000213623047,1588700,0.0,0.0
2019-05-28 00:00:00-04:00,74.58000183105469,76.76000213623047,73.60700225830078,74.23999786376953,2385500,0.0,0.0
2019-05-29 00:00:00-04:00,72.87999725341797,73.04000091552734,70.58000183105469,71.1500015258789,3162000,0.0,0.0
2019-05-30 00:00:00-04:00,71.83999633789062,74.55000305175781,71.55000305175781,72.98999786376953,4186500,0.0,0.0
2019-05-31 00:00:00-04:00,71.9800033569336,72.72000122070312,66.41999816894531,68.62999725341797,5813400,0.0,0.0
2019-06-03 00:00:00-04:00,68.66000366210938,69.5999984741211,65.30400085449219,66.9000015258789,3906400,0.0,0.0
2019-06-04 00:00:00-04:00,68.0,72.125,67.26000213623047,71.95999908447266,3323800,0.0,0.0
2019-06-05 00:00:00-04:00,72.97000122070312,74.0199966430664,71.20999908447266,72.44999694824219,2554100,0.0,0.0
2019-06-06 00:00:00-04:00,72.5,73.16999816894531,71.06999969482422,72.33000183105469,1926200,0.0,0.0
2019-06-07 00:00:00-04:00,72.5,76.0,72.44999694824219,75.51000213623047,3024200,0.0,0.0
2019-06-10 00:00:00-04:00,76.76000213623047,79.38999938964844,76.61000061035156,76.91999816894531,2584100,0.0,0.0
2019-06-11 00:00:00-04:00,77.18000030517578,78.14299774169922,73.11000061035156,75.83000183105469,2842300,0.0,0.0
2019-06-12 00:00:00-04:00,76.0,77.33000183105469,74.41000366210938,77.16999816894531,1433000,0.0,0.0
2019-06-13 00:00:00-04:00,77.38999938964844,80.19999694824219,76.51000213623047,79.72000122070312,4243200,0.0,0.0
2019-06-14 00:00:00-04:00,79.69999694824219,79.70999908447266,76.83999633789062,77.66999816894531,1949200,0.0,0.0
2019-06-17 00:00:00-04:00,78.43000030517578,78.9800033569336,75.80000305175781,76.73999786376953,2101500,0.0,0.0
2019-06-18 00:00:00-04:00,77.91999816894531,78.93000030517578,76.61000061035156,78.0,2320300,0.0,0.0
2019-06-19 00:00:00-04:00,78.62999725341797,80.06999969482422,77.31999969482422,79.87999725341797,2642500,0.0,0.0
2019-06-20 00:00:00-04:00,80.80000305175781,82.25,78.18000030517578,79.18000030517578,3184500,0.0,0.0
2019-06-21 00:00:00-04:00,78.88999938964844,78.88999938964844,76.8499984741211,77.23999786376953,2786700,0.0,0.0
2019-06-24 00:00:00-04:00,77.72000122070312,77.80000305175781,74.3010025024414,75.45999908447266,2691000,0.0,0.0
2019-06-25 00:00:00-04:00,75.4800033569336,76.26000213623047,73.05000305175781,73.81999969482422,2089600,0.0,0.0
2019-06-26 00:00:00-04:00,74.8499984741211,75.98999786376953,73.9010009765625,74.30000305175781,1741700,0.0,0.0
2019-06-27 00:00:00-04:00,75.95999908447266,78.08999633789062,74.81999969482422,77.5,2244000,0.0,0.0
2019-06-28 00:00:00-04:00,78.01000213623047,78.01000213623047,76.34100341796875,76.63999938964844,8153500,0.0,0.0
2019-07-01 00:00:00-04:00,78.2300033569336,78.4000015258789,75.0,76.61000061035156,1516600,0.0,0.0
2019-07-02 00:00:00-04:00,76.83000183105469,79.63999938964844,76.5,78.95999908447266,2047100,0.0,0.0
2019-07-03 00:00:00-04:00,79.16000366210938,80.93000030517578,78.5,80.63999938964844,3215000,0.0,0.0
2019-07-05 00:00:00-04:00,80.52999877929688,83.4219970703125,79.0199966430664,83.05999755859375,2726200,0.0,0.0
2019-07-08 00:00:00-04:00,82.56999969482422,84.56999969482422,81.19999694824219,83.79000091552734,2850100,0.0,0.0
2019-07-09 00:00:00-04:00,83.01000213623047,84.41000366210938,82.55000305175781,84.30999755859375,1463700,0.0,0.0
2019-07-10 00:00:00-04:00,84.62000274658203,85.5,83.16000366210938,83.29000091552734,2189000,0.0,0.0
2019-07-11 00:00:00-04:00,83.8499984741211,84.24199676513672,80.44000244140625,82.27999877929688,1853200,0.0,0.0
2019-07-12 00:00:00-04:00,82.4000015258789,82.80000305175781,80.61000061035156,81.87000274658203,1070800,0.0,0.0
2019-07-15 00:00:00-04:00,82.44000244140625,84.6449966430664,81.93000030517578,83.79000091552734,1628900,0.0,0.0
2019-07-16 00:00:00-04:00,83.87999725341797,84.83999633789062,81.87999725341797,82.58999633789062,1691300,0.0,0.0
2019-07-17 00:00:00-04:00,82.94999694824219,83.18000030517578,81.1500015258789,82.0,1687700,0.0,0.0
2019-07-18 00:00:00-04:00,81.83000183105469,82.52999877929688,81.01000213623047,82.37999725341797,1626400,0.0,0.0
2019-07-19 00:00:00-04:00,83.79000091552734,85.5,82.52999877929688,82.68000030517578,1843900,0.0,0.0
2019-07-22 00:00:00-04:00,83.25,85.1500015258789,83.0199966430664,84.0,1155900,0.0,0.0
2019-07-23 00:00:00-04:00,85.0,85.0999984741211,82.52999877929688,84.0,1277200,0.0,0.0
2019-07-24 00:00:00-04:00,83.80999755859375,86.83999633789062,82.94300079345703,86.69000244140625,2084500,0.0,0.0
2019-07-25 00:00:00-04:00,86.51000213623047,86.66999816894531,84.78099822998047,86.41999816894531,1623400,0.0,0.0
2019-07-26 00:00:00-04:00,87.0,89.54000091552734,86.69999694824219,88.20999908447266,2000600,0.0,0.0
2019-07-29 00:00:00-04:00,88.5,88.68000030517578,82.5199966430664,85.56999969482422,2595300,0.0,0.0
2019-07-30 00:00:00-04:00,84.69999694824219,85.93000030517578,83.86000061035156,84.68000030517578,1159200,0.0,0.0
2019-07-31 00:00:00-04:00,85.19999694824219,86.29000091552734,83.0,84.2699966430664,1744000,0.0,0.0
2019-08-01 00:00:00-04:00,84.83000183105469,85.91999816894531,83.66100311279297,85.26000213623047,1801400,0.0,0.0
2019-08-02 00:00:00-04:00,84.13999938964844,84.5,81.04000091552734,83.4800033569336,2072000,0.0,0.0
2019-08-05 00:00:00-04:00,80.0,80.197998046875,76.2699966430664,78.16999816894531,2863400,0.0,0.0
2019-08-06 00:00:00-04:00,79.91000366210938,81.69999694824219,79.20999908447266,79.94000244140625,2186900,0.0,0.0
2019-08-07 00:00:00-04:00,79.0,81.7300033569336,77.30000305175781,81.22000122070312,1681900,0.0,0.0
2019-08-08 00:00:00-04:00,82.87999725341797,84.98999786376953,81.75,84.72000122070312,1590000,0.0,0.0
2019-08-09 00:00:00-04:00,84.38999938964844,86.41000366210938,84.11000061035156,85.18000030517578,1337600,0.0,0.0
2019-08-12 00:00:00-04:00,84.69999694824219,84.93000030517578,82.25,83.20999908447266,1525900,0.0,0.0
2019-08-13 00:00:00-04:00,83.02999877929688,85.58999633789062,82.51000213623047,85.04000091552734,1118400,0.0,0.0
2019-08-14 00:00:00-04:00,83.36000061035156,83.6500015258789,79.23999786376953,81.5,2121800,0.0,0.0
2019-08-15 00:00:00-04:00,82.26000213623047,82.6989974975586,78.20500183105469,79.18000030517578,1838800,0.0,0.0
2019-08-16 00:00:00-04:00,80.0,81.88600158691406,79.9000015258789,80.91000366210938,1482400,0.0,0.0
2019-08-19 00:00:00-04:00,80.27999877929688,80.44999694824219,71.0999984741211,71.80000305175781,8783400,0.0,0.0
2019-08-20 00:00:00-04:00,71.5,71.70899963378906,69.87000274658203,70.80000305175781,3640200,0.0,0.0
2019-08-21 00:00:00-04:00,71.55999755859375,74.51000213623047,71.33999633789062,72.98999786376953,2746900,0.0,0.0
2019-08-22 00:00:00-04:00,73.6500015258789,73.78900146484375,70.81999969482422,72.54000091552734,1862900,0.0,0.0
2019-08-23 00:00:00-04:00,72.5,74.33999633789062,71.0,71.27999877929688,1843200,0.0,0.0
2019-08-26 00:00:00-04:00,72.0999984741211,72.45999908447266,70.05999755859375,71.77999877929688,1716400,0.0,0.0
2019-08-27 00:00:00-04:00,72.37999725341797,72.94999694824219,70.16000366210938,71.45999908447266,961300,0.0,0.0
2019-08-28 00:00:00-04:00,70.91999816894531,70.91999816894531,68.5,69.16000366210938,1699500,0.0,0.0
2019-08-29 00:00:00-04:00,70.19999694824219,70.87000274658203,68.94999694824219,70.51000213623047,1506800,0.0,0.0
2019-08-30 00:00:00-04:00,70.88999938964844,71.25299835205078,67.77999877929688,68.73999786376953,1958200,0.0,0.0
2019-09-03 00:00:00-04:00,68.08999633789062,68.9000015258789,65.2959976196289,65.66999816894531,2326400,0.0,0.0
2019-09-04 00:00:00-04:00,66.5199966430664,68.01000213623047,66.02999877929688,67.91000366210938,2606800,0.0,0.0
2019-09-05 00:00:00-04:00,68.94000244140625,68.94000244140625,63.689998626708984,66.9800033569336,4720400,0.0,0.0
2019-09-06 00:00:00-04:00,65.86000061035156,66.4800033569336,63.869998931884766,64.05000305175781,3384300,0.0,0.0
2019-09-09 00:00:00-04:00,64.30999755859375,65.38999938964844,60.560001373291016,62.02000045776367,5137900,0.0,0.0
2019-09-10 00:00:00-04:00,60.939998626708984,64.48999786376953,60.029998779296875,61.599998474121094,6961700,0.0,0.0
2019-09-11 00:00:00-04:00,48.36000061035156,50.15999984741211,46.040000915527344,49.66999816894531,26845800,0.0,0.0
2019-09-12 00:00:00-04:00,50.70000076293945,51.400001525878906,48.417999267578125,49.59000015258789,7085800,0.0,0.0
2019-09-13 00:00:00-04:00,49.34000015258789,49.400001525878906,47.279998779296875,47.47999954223633,4892800,0.0,0.0
2019-09-16 00:00:00-04:00,47.02000045776367,48.724998474121094,46.85300064086914,47.619998931884766,2863800,0.0,0.0
2019-09-17 00:00:00-04:00,48.04999923706055,51.54999923706055,48.0,50.63999938964844,7088100,0.0,0.0
2019-09-18 00:00:00-04:00,50.75,52.619998931884766,49.86000061035156,51.95000076293945,6867600,0.0,0.0
2019-09-19 00:00:00-04:00,52.15999984741211,53.150001525878906,48.90999984741211,50.349998474121094,5432500,0.0,0.0
2019-09-20 00:00:00-04:00,50.66999816894531,52.36000061035156,50.36000061035156,51.45000076293945,6801900,0.0,0.0
2019-09-23 00:00:00-04:00,51.20000076293945,52.08000183105469,50.220001220703125,50.31999969482422,2970100,0.0,0.0
2019-09-24 00:00:00-04:00,51.45000076293945,51.97999954223633,48.93000030517578,49.22999954223633,3343200,0.0,0.0
2019-09-25 00:00:00-04:00,48.869998931884766,49.380001068115234,47.369998931884766,48.88999938964844,3053800,0.0,0.0
2019-09-26 00:00:00-04:00,49.20000076293945,49.8849983215332,48.45000076293945,48.77000045776367,2363500,0.0,0.0
2019-09-27 00:00:00-04:00,48.86000061035156,49.0,46.310001373291016,46.9900016784668,2877900,0.0,0.0
2019-09-30 00:00:00-04:00,46.869998931884766,47.72999954223633,46.060001373291016,47.2599983215332,2122100,0.0,0.0
2019-10-01 00:00:00-04:00,47.400001525878906,47.650001525878906,46.029998779296875,47.02000045776367,2177600,0.0,0.0
2019-10-02 00:00:00-04:00,46.459999084472656,47.20000076293945,46.119998931884766,46.939998626708984,2286400,0.0,0.0
2019-10-03 00:00:00-04:00,47.599998474121094,49.310001373291016,46.68000030517578,48.970001220703125,3225500,0.0,0.0
2019-10-04 00:00:00-04:00,49.310001373291016,49.77000045776367,47.880001068115234,49.209999084472656,1897500,0.0,0.0
2019-10-07 00:00:00-04:00,49.369998931884766,50.58000183105469,49.24700164794922,49.880001068115234,2720600,0.0,0.0
2019-10-08 00:00:00-04:00,49.36000061035156,49.3849983215332,46.81999969482422,46.900001525878906,2435100,0.0,0.0
2019-10-09 00:00:00-04:00,47.369998931884766,48.7400016784668,47.369998931884766,48.220001220703125,1346300,0.0,0.0
2019-10-10 00:00:00-04:00,48.16999816894531,48.2400016784668,47.029998779296875,47.29999923706055,2330700,0.0,0.0
2019-10-11 00:00:00-04:00,47.880001068115234,48.66999816894531,47.154998779296875,48.119998931884766,2346100,0.0,0.0
2019-10-14 00:00:00-04:00,48.150001525878906,48.279998779296875,47.2599983215332,47.5,1886800,0.0,0.0
2019-10-15 00:00:00-04:00,47.59000015258789,47.939998626708984,46.15999984741211,46.3849983215332,2458100,0.0,0.0
2019-10-16 00:00:00-04:00,45.099998474121094,46.0,44.5,45.650001525878906,2634200,0.0,0.0
2019-10-17 00:00:00-04:00,45.72999954223633,45.90999984741211,44.779998779296875,45.150001525878906,1343100,0.0,0.0
2019-10-18 00:00:00-04:00,44.88999938964844,45.150001525878906,41.650001525878906,42.84000015258789,5720300,0.0,0.0
2019-10-21 00:00:00-04:00,42.869998931884766,43.316001892089844,41.869998931884766,42.16999816894531,2239600,0.0,0.0
2019-10-22 00:00:00-04:00,42.599998474121094,43.04999923706055,40.47999954223633,40.75,2573200,0.0,0.0
2019-10-23 00:00:00-04:00,40.209999084472656,42.099998474121094,40.04999923706055,41.09000015258789,2805600,0.0,0.0
2019-10-24 00:00:00-04:00,41.65999984741211,43.40999984741211,41.11000061035156,43.33000183105469,2794000,0.0,0.0
2019-10-25 00:00:00-04:00,43.380001068115234,43.45000076293945,41.91999816894531,42.86000061035156,1411600,0.0,0.0
2019-10-28 00:00:00-04:00,43.34000015258789,43.45500183105469,42.18000030517578,42.40999984741211,1338800,0.0,0.0
2019-10-29 00:00:00-04:00,42.65999984741211,44.11000061035156,42.5099983215332,43.119998931884766,1580100,0.0,0.0
2019-10-30 00:00:00-04:00,43.70000076293945,45.58000183105469,42.42100143432617,45.15999984741211,3486700,0.0,0.0
2019-10-31 00:00:00-04:00,45.29999923706055,45.5,42.439998626708984,43.97999954223633,2164100,0.0,0.0
2019-11-01 00:00:00-04:00,44.0,45.0,43.279998779296875,45.0,1592400,0.0,0.0
2019-11-04 00:00:00-05:00,45.209999084472656,45.439998626708984,44.040000915527344,44.36000061035156,1366000,0.0,0.0
2019-11-05 00:00:00-05:00,44.70000076293945,45.22999954223633,43.45000076293945,44.43000030517578,1593000,0.0,0.0
2019-11-06 00:00:00-05:00,44.88999938964844,45.63999938964844,43.43000030517578,43.90999984741211,1822400,0.0,0.0
2019-11-07 00:00:00-05:00,44.5,44.5,42.290000915527344,42.54999923706055,2179200,0.0,0.0
2019-11-08 00:00:00-05:00,42.54999923706055,44.0099983215332,42.34000015258789,43.900001525878906,2117300,0.0,0.0
2019-11-11 00:00:00-05:00,43.79999923706055,44.439998626708984,43.369998931884766,44.06999969482422,1035300,0.0,0.0
2019-11-12 00:00:00-05:00,44.599998474121094,45.349998474121094,44.20000076293945,44.77000045776367,1993000,0.0,0.0
2019-11-13 00:00:00-05:00,44.810001373291016,45.2239990234375,44.380001068115234,44.81999969482422,1207900,0.0,0.0
2019-11-14 00:00:00-05:00,44.83000183105469,46.060001373291016,44.83000183105469,45.31999969482422,1554100,0.0,0.0
2019-11-15 00:00:00-05:00,45.599998474121094,46.04999923706055,44.599998474121094,45.83000183105469,1885800,0.0,0.0
2019-11-18 00:00:00-05:00,46.0,46.09000015258789,44.45000076293945,44.5099983215332,2742000,0.0,0.0
2019-11-19 00:00:00-05:00,45.2400016784668,46.68000030517578,45.060001373291016,46.220001220703125,3037800,0.0,0.0
2019-11-20 00:00:00-05:00,46.54999923706055,47.665000915527344,45.599998474121094,46.599998474121094,2541400,0.0,0.0
2019-11-21 00:00:00-05:00,46.77000045776367,46.95000076293945,45.130001068115234,45.41999816894531,2120100,0.0,0.0
2019-11-22 00:00:00-05:00,45.959999084472656,46.45000076293945,45.220001220703125,46.31999969482422,1524100,0.0,0.0
2019-11-25 00:00:00-05:00,48.15999984741211,51.060001373291016,48.05500030517578,50.38999938964844,5551600,0.0,0.0
2019-11-26 00:00:00-05:00,50.31999969482422,52.68000030517578,50.064998626708984,51.65999984741211,4011300,0.0,0.0
2019-11-27 00:00:00-05:00,52.0,52.68000030517578,51.400001525878906,52.060001373291016,2250400,0.0,0.0
2019-11-29 00:00:00-05:00,52.040000915527344,52.34299850463867,51.439998626708984,52.130001068115234,1184100,0.0,0.0
2019-12-02 00:00:00-05:00,52.06999969482422,52.165000915527344,49.40999984741211,51.06999969482422,4164600,0.0,0.0
2019-12-03 00:00:00-05:00,49.29999923706055,53.06999969482422,48.630001068115234,52.79999923706055,4494500,0.0,0.0
2019-12-04 00:00:00-05:00,48.7400016784668,50.5,47.209999084472656,49.849998474121094,7754300,0.0,0.0
2019-12-05 00:00:00-05:00,49.79999923706055,50.15999984741211,47.709999084472656,48.11000061035156,3181000,0.0,0.0
2019-12-06 00:00:00-05:00,48.38999938964844,48.4900016784668,46.33000183105469,46.70000076293945,3071500,0.0,0.0
2019-12-09 00:00:00-05:00,46.5,47.86000061035156,46.5,47.29999923706055,1649900,0.0,0.0
2019-12-10 00:00:00-05:00,47.0,47.25,45.720001220703125,46.130001068115234,2126200,0.0,0.0
2019-12-11 00:00:00-05:00,46.279998779296875,46.33000183105469,44.540000915527344,45.20000076293945,2250500,0.0,0.0
2019-12-12 00:00:00-05:00,45.130001068115234,45.68000030517578,44.61000061035156,45.189998626708984,1475700,0.0,0.0
2019-12-13 00:00:00-05:00,45.22999954223633,46.0,44.56999969482422,45.97999954223633,1520000,0.0,0.0
2019-12-16 00:00:00-05:00,46.04999923706055,47.0,45.310001373291016,46.959999084472656,1801800,0.0,0.0
2019-12-17 00:00:00-05:00,46.130001068115234,47.279998779296875,46.119998931884766,46.52000045776367,1829400,0.0,0.0
2019-12-18 00:00:00-05:00,46.619998931884766,47.790000915527344,46.29999923706055,47.2400016784668,1634900,0.0,0.0
2019-12-19 00:00:00-05:00,47.029998779296875,47.970001220703125,46.33000183105469,47.90999984741211,1624900,0.0,0.0
2019-12-20 00:00:00-05:00,48.060001373291016,49.20000076293945,47.70000076293945,49.130001068115234,2670600,0.0,0.0
2019-12-23 00:00:00-05:00,49.20000076293945,49.61000061035156,48.0099983215332,48.16999816894531,1750900,0.0,0.0
2019-12-24 00:00:00-05:00,48.400001525878906,48.43000030517578,47.470001220703125,47.7400016784668,637700,0.0,0.0
2019-12-26 00:00:00-05:00,48.0,48.66999816894531,47.650001525878906,48.15999984741211,893000,0.0,0.0
2019-12-27 00:00:00-05:00,48.5,48.5,47.2599983215332,47.61000061035156,1134700,0.0,0.0
2019-12-30 00:00:00-05:00,47.25,47.28900146484375,45.61000061035156,46.5,1484800,0.0,0.0
2019-12-31 00:00:00-05:00,46.11000061035156,46.70899963378906,45.849998474121094,46.5,1256300,0.0,0.0
2020-01-02 00:00:00-05:00,46.869998931884766,47.900001525878906,46.5099983215332,47.33000183105469,1377200,0.0,0.0
2020-01-03 00:00:00-05:00,46.619998931884766,47.88999938964844,46.52000045776367,47.380001068115234,1165200,0.0,0.0
2020-01-06 00:00:00-05:00,46.900001525878906,48.959999084472656,46.810001373291016,48.70000076293945,1534600,0.0,0.0
2020-01-07 00:00:00-05:00,49.040000915527344,49.689998626708984,48.16999816894531,48.400001525878906,1714900,0.0,0.0
2020-01-08 00:00:00-05:00,48.13999938964844,51.75,47.79999923706055,50.75,3232500,0.0,0.0
2020-01-09 00:00:00-05:00,51.15999984741211,54.08000183105469,51.040000915527344,54.0,4279200,0.0,0.0
2020-01-10 00:00:00-05:00,54.0,55.349998474121094,53.95000076293945,55.0,4006000,0.0,0.0
2020-01-13 00:00:00-05:00,55.5,59.79999923706055,55.45000076293945,59.619998931884766,3985700,0.0,0.0
2020-01-14 00:00:00-05:00,59.61000061035156,59.88999938964844,57.0,59.540000915527344,3445600,0.0,0.0
2020-01-15 00:00:00-05:00,58.810001373291016,60.7599983215332,58.36000061035156,59.9900016784668,2909000,0.0,0.0
2020-01-16 00:00:00-05:00,60.0099983215332,61.84000015258789,59.7599983215332,61.81999969482422,2916700,0.0,0.0
2020-01-17 00:00:00-05:00,62.0,62.290000915527344,58.90999984741211,59.43000030517578,3098900,0.0,0.0
2020-01-21 00:00:00-05:00,59.290000915527344,61.0,58.33000183105469,60.5099983215332,2175300,0.0,0.0
2020-01-22 00:00:00-05:00,61.119998931884766,62.689998626708984,59.869998931884766,59.91999816894531,2726300,0.0,0.0
2020-01-23 00:00:00-05:00,59.9900016784668,60.380001068115234,59.073001861572266,59.310001373291016,1825400,0.0,0.0
2020-01-24 00:00:00-05:00,59.70000076293945,60.45000076293945,57.130001068115234,57.79999923706055,2359300,0.0,0.0
2020-01-27 00:00:00-05:00,55.54999923706055,56.58000183105469,54.75,56.040000915527344,2068400,0.0,0.0
2020-01-28 00:00:00-05:00,56.52000045776367,56.90999984741211,56.02000045776367,56.5,1165300,0.0,0.0
2020-01-29 00:00:00-05:00,56.93000030517578,57.63999938964844,56.08000183105469,57.130001068115234,1359900,0.0,0.0
2020-01-30 00:00:00-05:00,56.90999984741211,58.20000076293945,56.5099983215332,57.689998626708984,1375700,0.0,0.0
2020-01-31 00:00:00-05:00,57.75,57.90999984741211,55.939998626708984,56.09000015258789,1823400,0.0,0.0
2020-02-03 00:00:00-05:00,56.560001373291016,57.09000015258789,55.849998474121094,56.81999969482422,951100,0.0,0.0
2020-02-04 00:00:00-05:00,58.189998626708984,59.630001068115234,57.68000030517578,58.880001068115234,1431400,0.0,0.0
2020-02-05 00:00:00-05:00,60.0,60.400001525878906,58.09000015258789,58.5099983215332,1635900,0.0,0.0
2020-02-06 00:00:00-05:00,59.0,59.0,57.0099983215332,58.400001525878906,1015300,0.0,0.0
2020-02-07 00:00:00-05:00,58.380001068115234,59.880001068115234,57.9900016784668,58.970001220703125,955800,0.0,0.0
2020-02-10 00:00:00-05:00,59.04999923706055,61.0,58.7400016784668,60.84000015258789,1130500,0.0,0.0
2020-02-11 00:00:00-05:00,61.2599983215332,61.599998474121094,59.65999984741211,60.91999816894531,1366200,0.0,0.0
2020-02-12 00:00:00-05:00,61.220001220703125,61.43000030517578,59.060001373291016,60.47999954223633,1569500,0.0,0.0
2020-02-13 00:00:00-05:00,60.09000015258789,62.255001068115234,59.900001525878906,61.900001525878906,1672200,0.0,0.0
2020-02-14 00:00:00-05:00,62.15999984741211,63.06999969482422,61.720001220703125,62.11000061035156,1334800,0.0,0.0
2020-02-18 00:00:00-05:00,62.0,65.5,61.650001525878906,63.86000061035156,2576500,0.0,0.0
2020-02-19 00:00:00-05:00,64.63999938964844,65.80999755859375,64.01000213623047,65.16999816894531,2236300,0.0,0.0
2020-02-20 00:00:00-05:00,65.47000122070312,66.5,62.54999923706055,65.18000030517578,4711000,0.0,0.0
2020-02-21 00:00:00-05:00,56.71500015258789,58.290000915527344,52.2599983215332,54.5099983215332,13200700,0.0,0.0
2020-02-24 00:00:00-05:00,50.16999816894531,53.47999954223633,50.0,51.86000061035156,3711400,0.0,0.0
2020-02-25 00:00:00-05:00,52.779998779296875,53.400001525878906,49.720001220703125,50.40999984741211,3310800,0.0,0.0
2020-02-26 00:00:00-05:00,51.0,52.119998931884766,50.75,51.33000183105469,2114500,0.0,0.0
2020-02-27 00:00:00-05:00,49.9900016784668,51.83000183105469,48.5,49.7400016784668,2617100,0.0,0.0
2020-02-28 00:00:00-05:00,48.14500045776367,52.0,48.040000915527344,51.9900016784668,3012600,0.0,0.0
2020-03-02 00:00:00-05:00,52.810001373291016,53.16999816894531,50.90999984741211,52.779998779296875,1990200,0.0,0.0
2020-03-03 00:00:00-05:00,52.65999984741211,53.150001525878906,50.20000076293945,51.33000183105469,1771000,0.0,0.0
2020-03-04 00:00:00-05:00,52.38999938964844,53.43000030517578,51.77000045776367,53.38999938964844,1491500,0.0,0.0
2020-03-05 00:00:00-05:00,52.619998931884766,53.810001373291016,52.040000915527344,53.36000061035156,1603100,0.0,0.0
2020-03-06 00:00:00-05:00,53.0,53.040000915527344,48.22999954223633,49.38999938964844,2984100,0.0,0.0
2020-03-09 00:00:00-04:00,44.95000076293945,46.400001525878906,43.619998931884766,43.939998626708984,2974600,0.0,0.0
2020-03-10 00:00:00-04:00,46.150001525878906,47.2400016784668,43.470001220703125,47.0099983215332,2989400,0.0,0.0
2020-03-11 00:00:00-04:00,45.790000915527344,46.45000076293945,42.20000076293945,42.880001068115234,3079300,0.0,0.0
2020-03-12 00:00:00-04:00,37.5,40.56999969482422,35.0,39.5,4014100,0.0,0.0
2020-03-13 00:00:00-04:00,41.959999084472656,42.13999938964844,37.279998779296875,41.88999938964844,3056000,0.0,0.0
2020-03-16 00:00:00-04:00,37.0,43.7400016784668,36.66999816894531,41.81999969482422,3219800,0.0,0.0
2020-03-17 00:00:00-04:00,40.970001220703125,47.959999084472656,40.88999938964844,46.86000061035156,3358300,0.0,0.0
2020-03-18 00:00:00-04:00,44.0,50.64500045776367,44.0,50.16999816894531,4373600,0.0,0.0
2020-03-19 00:00:00-04:00,50.0,53.36000061035156,48.59199905395508,51.80500030517578,3202700,0.0,0.0
2020-03-20 00:00:00-04:00,52.540000915527344,55.34199905395508,51.590999603271484,53.63999938964844,4209500,0.0,0.0
2020-03-23 00:00:00-04:00,53.36000061035156,58.150001525878906,52.4900016784668,58.029998779296875,5662400,0.0,0.0
2020-03-24 00:00:00-04:00,58.54999923706055,64.27999877929688,58.45000076293945,62.13999938964844,4847200,0.0,0.0
2020-03-25 00:00:00-04:00,61.93000030517578,66.5,58.0099983215332,59.130001068115234,6479000,0.0,0.0
2020-03-26 00:00:00-04:00,60.290000915527344,62.0,59.439998626708984,60.54999923706055,3618400,0.0,0.0
2020-03-27 00:00:00-04:00,59.540000915527344,60.84000015258789,57.939998626708984,58.630001068115234,3422300,0.0,0.0
2020-03-30 00:00:00-04:00,59.15999984741211,60.5,57.77000045776367,58.84000015258789,3815100,0.0,0.0
2020-03-31 00:00:00-04:00,58.5,62.33000183105469,58.290000915527344,60.86000061035156,3648000,0.0,0.0
2020-04-01 00:00:00-04:00,59.25,64.75,59.20000076293945,61.9900016784668,4603000,0.0,0.0
2020-04-02 00:00:00-04:00,61.650001525878906,64.0,59.63999938964844,61.18000030517578,3277100,0.0,0.0
2020-04-03 00:00:00-04:00,61.0,63.88999938964844,60.599998474121094,63.400001525878906,4136300,0.0,0.0
2020-04-06 00:00:00-04:00,64.76000213623047,65.0,62.150001525878906,63.310001373291016,2975300,0.0,0.0
2020-04-07 00:00:00-04:00,62.84000015258789,63.650001525878906,61.599998474121094,62.36000061035156,2827100,0.0,0.0
2020-04-08 00:00:00-04:00,62.43000030517578,65.0199966430664,62.06999969482422,64.93000030517578,2621600,0.0,0.0
2020-04-09 00:00:00-04:00,64.18000030517578,66.41999816894531,62.02000045776367,62.59000015258789,4588600,0.0,0.0
2020-04-13 00:00:00-04:00,64.01000213623047,64.04000091552734,61.880001068115234,62.16999816894531,2649700,0.0,0.0
2020-04-14 00:00:00-04:00,63.349998474121094,66.58000183105469,63.25,66.4800033569336,3513000,0.0,0.0
2020-04-15 00:00:00-04:00,65.94999694824219,70.0999984741211,65.5250015258789,69.95999908447266,4389100,0.0,0.0
2020-04-16 00:00:00-04:00,70.69999694824219,73.5999984741211,69.95999908447266,70.37000274658203,3440200,0.0,0.0
2020-04-17 00:00:00-04:00,70.41000366210938,70.41000366210938,67.80000305175781,68.0,2563600,0.0,0.0
2020-04-20 00:00:00-04:00,68.33999633789062,70.83000183105469,67.11000061035156,70.51000213623047,3187900,0.0,0.0
2020-04-21 00:00:00-04:00,70.77999877929688,71.42500305175781,64.27999877929688,65.18000030517578,5615100,0.0,0.0
2020-04-22 00:00:00-04:00,67.0999984741211,68.36000061035156,66.38999938964844,66.91000366210938,1814300,0.0,0.0
2020-04-23 00:00:00-04:00,66.0,66.80000305175781,64.86000061035156,66.23999786376953,3402100,0.0,0.0
2020-04-24 00:00:00-04:00,66.5999984741211,68.0999984741211,66.05999755859375,67.5,2607400,0.0,0.0
2020-04-27 00:00:00-04:00,68.50499725341797,71.26000213623047,68.19999694824219,70.47000122070312,2615600,0.0,0.0
2020-04-28 00:00:00-04:00,71.0,71.19999694824219,66.26000213623047,66.72000122070312,3035700,0.0,0.0
2020-04-29 00:00:00-04:00,66.70999908447266,68.06999969482422,64.9000015258789,66.62999725341797,2567500,0.0,0.0
2020-04-30 00:00:00-04:00,66.97000122070312,69.0,66.2699966430664,67.08000183105469,1828400,0.0,0.0
2020-05-01 00:00:00-04:00,66.2300033569336,67.75,65.51000213623047,66.8499984741211,1794000,0.0,0.0
2020-05-04 00:00:00-04:00,66.61000061035156,69.0999984741211,66.0,69.08000183105469,2026200,0.0,0.0
2020-05-05 00:00:00-04:00,70.0,71.66999816894531,69.66000366210938,71.2300033569336,2501300,0.0,0.0
2020-05-06 00:00:00-04:00,71.83999633789062,73.0999984741211,70.30000305175781,72.54000091552734,3089400,0.0,0.0
2020-05-07 00:00:00-04:00,73.5,75.1500015258789,73.11000061035156,74.87999725341797,2773400,0.0,0.0
2020-05-08 00:00:00-04:00,75.1500015258789,75.55000305175781,73.0009994506836,74.0199966430664,2091400,0.0,0.0
2020-05-11 00:00:00-04:00,73.98999786376953,77.5,73.66000366210938,76.95999908447266,2408900,0.0,0.0
2020-05-12 00:00:00-04:00,77.5,78.76000213623047,75.72000122070312,76.44999694824219,2006800,0.0,0.0
2020-05-13 00:00:00-04:00,76.94999694824219,78.19499969482422,73.26499938964844,75.16000366210938,2089200,0.0,0.0
2020-05-14 00:00:00-04:00,73.72000122070312,75.88999938964844,73.20999908447266,75.62000274658203,2596200,0.0,0.0
2020-05-15 00:00:00-04:00,75.4800033569336,78.30999755859375,75.4800033569336,76.38999938964844,1856000,0.0,0.0
2020-05-18 00:00:00-04:00,77.87000274658203,77.87000274658203,73.5,73.80999755859375,2361300,0.0,0.0
2020-05-19 00:00:00-04:00,75.0,76.01000213623047,74.26000213623047,75.23999786376953,1644500,0.0,0.0
2020-05-20 00:00:00-04:00,76.83000183105469,77.77999877929688,75.95999908447266,77.05999755859375,1517600,0.0,0.0
2020-05-21 00:00:00-04:00,77.62999725341797,77.6500015258789,74.16000366210938,75.62999725341797,1638600,0.0,0.0
2020-05-22 00:00:00-04:00,76.66999816894531,77.13999938964844,75.0999984741211,76.94000244140625,1330600,0.0,0.0
2020-05-26 00:00:00-04:00,79.0,80.0,76.30000305175781,76.5199966430664,2485100,0.0,0.0
2020-05-27 00:00:00-04:00,76.86000061035156,76.91000366210938,69.83000183105469,74.52999877929688,3720100,0.0,0.0
2020-05-28 00:00:00-04:00,74.69999694824219,77.05000305175781,73.78800201416016,75.80000305175781,4293200,0.0,0.0
2020-05-29 00:00:00-04:00,87.08000183105469,98.37999725341797,85.5,98.08999633789062,22768800,0.0,0.0
2020-06-01 00:00:00-04:00,96.80000305175781,112.7300033569336,96.5,109.9800033569336,17087800,0.0,0.0
2020-06-02 00:00:00-04:00,108.05000305175781,111.83000183105469,102.25,106.16999816894531,10192100,0.0,0.0
2020-06-03 00:00:00-04:00,105.54000091552734,108.87999725341797,104.23999786376953,107.41000366210938,3607600,0.0,0.0
2020-06-04 00:00:00-04:00,106.51000213623047,107.19999694824219,101.66000366210938,103.05000305175781,3989500,0.0,0.0
2020-06-05 00:00:00-04:00,100.37999725341797,101.05000305175781,96.58999633789062,99.30999755859375,4659200,0.0,0.0
2020-06-08 00:00:00-04:00,99.23999786376953,102.87999725341797,96.80999755859375,102.73999786376953,4852900,0.0,0.0
2020-06-09 00:00:00-04:00,103.22000122070312,105.94999694824219,102.11000061035156,103.58999633789062,2522500,0.0,0.0
2020-06-10 00:00:00-04:00,105.08999633789062,106.46800231933594,103.40499877929688,105.72000122070312,2310200,0.0,0.0
2020-06-11 00:00:00-04:00,104.4800033569336,108.97000122070312,102.30000305175781,102.68000030517578,2662600,0.0,0.0
2020-06-12 00:00:00-04:00,104.80999755859375,106.47000122070312,100.52999877929688,102.47000122070312,2010500,0.0,0.0
2020-06-15 00:00:00-04:00,101.94999694824219,105.30000305175781,101.1500015258789,104.5199966430664,2664600,0.0,0.0
2020-06-16 00:00:00-04:00,99.86000061035156,103.82499694824219,98.55000305175781,102.80999755859375,3334300,0.0,0.0
2020-06-17 00:00:00-04:00,103.18000030517578,108.37000274658203,103.01000213623047,106.18000030517578,2505700,0.0,0.0
2020-06-18 00:00:00-04:00,108.91000366210938,115.16999816894531,108.48999786376953,113.05000305175781,5456700,0.0,0.0
2020-06-19 00:00:00-04:00,114.80000305175781,114.80000305175781,108.19999694824219,108.56999969482422,3898100,0.0,0.0
2020-06-22 00:00:00-04:00,110.29000091552734,113.25,109.3499984741211,109.66999816894531,3734300,0.0,0.0
2020-06-23 00:00:00-04:00,109.5999984741211,112.0,107.70999908447266,110.30999755859375,4584800,0.0,0.0
2020-06-24 00:00:00-04:00,111.0,113.69999694824219,107.2300033569336,108.26000213623047,3018800,0.0,0.0
2020-06-25 00:00:00-04:00,109.88999938964844,112.44999694824219,108.25,111.61000061035156,2660800,0.0,0.0
2020-06-26 00:00:00-04:00,112.5999984741211,113.55999755859375,105.61000061035156,106.0,4791300,0.0,0.0
2020-06-29 00:00:00-04:00,106.86000061035156,107.0,103.05000305175781,105.38999938964844,2430800,0.0,0.0
2020-06-30 00:00:00-04:00,106.23999786376953,110.0,105.52999877929688,109.5,2959000,0.0,0.0
2020-07-01 00:00:00-04:00,109.30000305175781,111.79499816894531,107.02400207519531,111.51000213623047,2552400,0.0,0.0
2020-07-02 00:00:00-04:00,112.26000213623047,112.9000015258789,109.69200134277344,110.20999908447266,1897000,0.0,0.0
2020-07-06 00:00:00-04:00,113.0199966430664,121.45999908447266,112.5,114.77999877929688,5131300,0.0,0.0
2020-07-07 00:00:00-04:00,115.9800033569336,116.55000305175781,112.58000183105469,113.83999633789062,2241600,0.0,0.0
2020-07-08 00:00:00-04:00,115.68000030517578,121.01000213623047,115.41000366210938,120.8499984741211,3072800,0.0,0.0
2020-07-09 00:00:00-04:00,122.0999984741211,128.75,122.0999984741211,127.41000366210938,5372200,0.0,0.0
2020-07-10 00:00:00-04:00,126.51000213623047,127.0,123.13999938964844,125.48999786376953,2757000,0.0,0.0
2020-07-13 00:00:00-04:00,126.11000061035156,129.0,118.58200073242188,119.91000366210938,3936500,0.0,0.0
2020-07-14 00:00:00-04:00,119.0,123.25,115.68000030517578,122.43000030517578,3197900,0.0,0.0
2020-07-15 00:00:00-04:00,122.5,123.7699966430664,119.2300033569336,119.83999633789062,2389500,0.0,0.0
2020-07-16 00:00:00-04:00,118.75,119.5,113.80999755859375,117.1500015258789,2316500,0.0,0.0
2020-07-17 00:00:00-04:00,118.25,120.98999786376953,115.67400360107422,120.30999755859375,1860900,0.0,0.0
2020-07-20 00:00:00-04:00,121.19999694824219,128.1300048828125,121.19999694824219,127.5999984741211,2053000,0.0,0.0
2020-07-21 00:00:00-04:00,127.44999694824219,127.61000061035156,124.78500366210938,125.47000122070312,1555200,0.0,0.0
2020-07-22 00:00:00-04:00,126.58999633789062,128.35000610351562,123.70999908447266,125.11000061035156,1186500,0.0,0.0
2020-07-23 00:00:00-04:00,125.26000213623047,129.3000030517578,121.83000183105469,123.45999908447266,2186900,0.0,0.0
2020-07-24 00:00:00-04:00,121.23999786376953,124.81999969482422,118.52999877929688,121.72000122070312,1567700,0.0,0.0
2020-07-27 00:00:00-04:00,123.68000030517578,125.58000183105469,122.30999755859375,124.87000274658203,4151900,0.0,0.0
2020-07-28 00:00:00-04:00,124.58999633789062,126.48999786376953,121.44999694824219,124.37999725341797,3422900,0.0,0.0
2020-07-29 00:00:00-04:00,126.26000213623047,131.30999755859375,126.0,126.97000122070312,2966400,0.0,0.0
2020-07-30 00:00:00-04:00,127.36000061035156,129.94000244140625,126.18399810791016,129.2899932861328,1300600,0.0,0.0
2020-07-31 00:00:00-04:00,131.00999450683594,131.35000610351562,126.9000015258789,129.85000610351562,1672200,0.0,0.0
2020-08-03 00:00:00-04:00,131.0500030517578,133.125,130.25999450683594,132.5800018310547,1767000,0.0,0.0
2020-08-04 00:00:00-04:00,132.47999572753906,132.97999572753906,130.32000732421875,132.49000549316406,1186900,0.0,0.0
2020-08-05 00:00:00-04:00,132.49000549316406,135.2100067138672,131.3300018310547,134.52999877929688,1286400,0.0,0.0
2020-08-06 00:00:00-04:00,135.85000610351562,135.85000610351562,130.7100067138672,132.27999877929688,1570300,0.0,0.0
2020-08-07 00:00:00-04:00,131.3300018310547,131.7899932861328,125.19999694824219,125.8499984741211,2425800,0.0,0.0
2020-08-10 00:00:00-04:00,125.8499984741211,126.5,118.66000366210938,122.38999938964844,3014200,0.0,0.0
2020-08-11 00:00:00-04:00,119.5,121.4800033569336,116.87999725341797,117.51000213623047,2547600,0.0,0.0
2020-08-12 00:00:00-04:00,118.95999908447266,122.12000274658203,117.5,119.33999633789062,1949800,0.0,0.0
2020-08-13 00:00:00-04:00,121.0,124.29000091552734,120.94000244140625,122.06999969482422,2024000,0.0,0.0
2020-08-14 00:00:00-04:00,124.19999694824219,126.20999908447266,120.83000183105469,122.88999938964844,3389000,0.0,0.0
2020-08-17 00:00:00-04:00,124.63999938964844,125.93000030517578,122.1500015258789,124.48999786376953,1575200,0.0,0.0
2020-08-18 00:00:00-04:00,125.70999908447266,128.09800720214844,125.01000213623047,127.97000122070312,1829200,0.0,0.0
2020-08-19 00:00:00-04:00,129.1300048828125,131.47000122070312,127.7750015258789,128.25999450683594,1738000,0.0,0.0
2020-08-20 00:00:00-04:00,129.0,137.02999877929688,129.0,136.4199981689453,3133600,0.0,0.0
2020-08-21 00:00:00-04:00,136.4199981689453,138.8000030517578,135.0,135.22000122070312,2136700,0.0,0.0
2020-08-24 00:00:00-04:00,137.02000427246094,137.5,132.7899932861328,135.74000549316406,1661800,0.0,0.0
2020-08-25 00:00:00-04:00,135.61000061035156,136.55999755859375,134.22000122070312,135.6300048828125,1195800,0.0,0.0
2020-08-26 00:00:00-04:00,137.5,142.24000549316406,137.02000427246094,140.0,2228500,0.0,0.0
2020-08-27 00:00:00-04:00,141.99000549316406,142.24000549316406,137.67999267578125,138.75999450683594,1906400,0.0,0.0
2020-08-28 00:00:00-04:00,139.52000427246094,143.5500030517578,139.44000244140625,141.1300048828125,2135000,0.0,0.0
2020-08-31 00:00:00-04:00,141.99000549316406,146.92999267578125,141.77000427246094,143.33999633789062,5861100,0.0,0.0
2020-09-01 00:00:00-04:00,147.60000610351562,159.80999755859375,146.21499633789062,159.36000061035156,4511200,0.0,0.0
2020-09-02 00:00:00-04:00,162.99000549316406,163.8000030517578,152.8300018310547,158.52000427246094,3489200,0.0,0.0
2020-09-03 00:00:00-04:00,150.80999755859375,153.0500030517578,140.57000732421875,143.4499969482422,4213300,0.0,0.0
2020-09-04 00:00:00-04:00,140.0,143.0,127.5,134.33999633789062,4313300,0.0,0.0
2020-09-08 00:00:00-04:00,130.11000061035156,137.3699951171875,129.00100708007812,133.1699981689453,2558100,0.0,0.0
2020-09-09 00:00:00-04:00,137.0,139.58999633789062,132.07000732421875,134.19000244140625,4560200,0.0,0.0
2020-09-10 00:00:00-04:00,140.0,146.0,131.0399932861328,132.61000061035156,5889800,0.0,0.0
2020-09-11 00:00:00-04:00,135.47999572753906,135.9600067138672,126.86000061035156,128.5,2401000,0.0,0.0
2020-09-14 00:00:00-04:00,130.75,130.89999389648438,125.77999877929688,130.10000610351562,2163500,0.0,0.0
2020-09-15 00:00:00-04:00,131.14999389648438,132.75,127.48999786376953,132.63999938964844,1818900,0.0,0.0
2020-09-16 00:00:00-04:00,133.0,135.10000610351562,129.27000427246094,131.05999755859375,2221200,0.0,0.0
2020-09-17 00:00:00-04:00,127.0,128.45799255371094,124.0,127.20999908447266,2718500,0.0,0.0
2020-09-18 00:00:00-04:00,128.22999572753906,130.17999267578125,125.55999755859375,129.10000610351562,3113000,0.0,0.0
2020-09-21 00:00:00-04:00,127.69000244140625,135.0,126.51000213623047,134.92999267578125,2541000,0.0,0.0
2020-09-22 00:00:00-04:00,135.0500030517578,138.0,130.2550048828125,137.99000549316406,2328100,0.0,0.0
2020-09-23 00:00:00-04:00,137.0,140.50999450683594,134.89999389648438,135.61000061035156,2042700,0.0,0.0
2020-09-24 00:00:00-04:00,134.97000122070312,136.35000610351562,131.4199981689453,134.55999755859375,1718100,0.0,0.0
2020-09-25 00:00:00-04:00,135.0399932861328,139.13999938964844,134.86500549316406,138.27000427246094,1710500,0.0,0.0
2020-09-28 00:00:00-04:00,139.0800018310547,139.9499969482422,136.10000610351562,138.4199981689453,1733800,0.0,0.0
2020-09-29 00:00:00-04:00,138.7899932861328,141.41900634765625,138.49000549316406,140.49000549316406,2122300,0.0,0.0
2020-09-30 00:00:00-04:00,139.47000122070312,142.3000030517578,138.72000122070312,140.69000244140625,1946200,0.0,0.0
2020-10-01 00:00:00-04:00,142.1999969482422,146.4499969482422,141.0,144.2949981689453,3491100,0.0,0.0
2020-10-02 00:00:00-04:00,141.4199981689453,145.55999755859375,140.61000061035156,142.0500030517578,1924700,0.0,0.0
2020-10-05 00:00:00-04:00,143.00999450683594,145.7100067138672,141.5,145.30999755859375,1636600,0.0,0.0
2020-10-06 00:00:00-04:00,145.0,148.33999633789062,144.1060028076172,145.50999450683594,1985400,0.0,0.0
2020-10-07 00:00:00-04:00,147.16000366210938,149.4499969482422,146.0,147.67999267578125,1830100,0.0,0.0
2020-10-08 00:00:00-04:00,149.35000610351562,150.41099548339844,146.9600067138672,147.66000366210938,1524000,0.0,0.0
2020-10-09 00:00:00-04:00,148.0,152.72999572753906,147.7050018310547,151.9600067138672,1641700,0.0,0.0
2020-10-12 00:00:00-04:00,153.0,155.50999450683594,150.86000061035156,151.14999389648438,1798100,0.0,0.0
2020-10-13 00:00:00-04:00,153.10000610351562,155.13999938964844,152.11000061035156,154.4199981689453,1764800,0.0,0.0
2020-10-14 00:00:00-04:00,155.52000427246094,157.4499969482422,152.7100067138672,155.08999633789062,2904100,0.0,0.0
2020-10-15 00:00:00-04:00,152.41000366210938,155.25,149.69000244140625,154.97000122070312,1871700,0.0,0.0
2020-10-16 00:00:00-04:00,155.66000366210938,156.7100067138672,152.50999450683594,154.85000610351562,1710000,0.0,0.0
2020-10-19 00:00:00-04:00,156.0,158.73599243164062,152.3699951171875,153.1699981689453,2135700,0.0,0.0
2020-10-20 00:00:00-04:00,153.0,155.2899932861328,150.50999450683594,150.8000030517578,1097400,0.0,0.0
2020-10-21 00:00:00-04:00,151.97000122070312,151.97000122070312,145.4499969482422,146.85000610351562,1369100,0.0,0.0
2020-10-22 00:00:00-04:00,147.7899932861328,150.77999877929688,144.8000030517578,146.5800018310547,1088200,0.0,0.0
2020-10-23 00:00:00-04:00,145.6999969482422,147.0500030517578,143.17999267578125,147.0500030517578,972300,0.0,0.0
2020-10-26 00:00:00-04:00,148.27000427246094,154.60000610351562,147.25999450683594,149.0,2071300,0.0,0.0
2020-10-27 00:00:00-04:00,151.5399932861328,154.5800018310547,147.9510040283203,148.63999938964844,1596100,0.0,0.0
2020-10-28 00:00:00-04:00,147.49000549316406,147.8000030517578,142.3000030517578,144.05999755859375,1471500,0.0,0.0
2020-10-29 00:00:00-04:00,145.3800048828125,146.60000610351562,140.92999267578125,142.55999755859375,1311600,0.0,0.0
2020-10-30 00:00:00-04:00,140.75999450683594,141.38400268554688,133.80999755859375,135.75,1741300,0.0,0.0
2020-11-02 00:00:00-05:00,136.75,137.8699951171875,132.7899932861328,134.42999267578125,1355000,0.0,0.0
2020-11-03 00:00:00-05:00,135.02000427246094,136.177001953125,132.8300018310547,134.64999389648438,1041500,0.0,0.0
2020-11-04 00:00:00-05:00,139.99000549316406,145.47999572753906,139.12899780273438,145.35000610351562,2022900,0.0,0.0
2020-11-05 00:00:00-05:00,148.5500030517578,151.61000061035156,147.1699981689453,150.07000732421875,1911000,0.0,0.0
2020-11-06 00:00:00-05:00,151.0,151.7899932861328,146.4600067138672,150.05999755859375,1225200,0.0,0.0
2020-11-09 00:00:00-05:00,145.6199951171875,146.4499969482422,128.75999450683594,128.77000427246094,3936300,0.0,0.0
2020-11-10 00:00:00-05:00,132.22999572753906,132.22999572753906,120.33999633789062,127.76000213623047,3787400,0.0,0.0
2020-11-11 00:00:00-05:00,133.0399932861328,138.1699981689453,129.8000030517578,135.49000549316406,2463200,0.0,0.0
2020-11-12 00:00:00-05:00,137.6199951171875,140.41000366210938,137.27499389648438,140.05999755859375,1643300,0.0,0.0
2020-11-13 00:00:00-05:00,140.0399932861328,140.31700134277344,131.6699981689453,131.9199981689453,2314500,0.0,0.0
2020-11-16 00:00:00-05:00,128.99000549316406,134.1699981689453,127.0,133.52000427246094,2650800,0.0,0.0
2020-11-17 00:00:00-05:00,135.0800018310547,137.85000610351562,132.5,136.63999938964844,1347400,0.0,0.0
2020-11-18 00:00:00-05:00,136.99000549316406,139.0,132.92999267578125,135.3800048828125,1272800,0.0,0.0
2020-11-19 00:00:00-05:00,136.14999389648438,141.5,136.0800018310547,138.5399932861328,1474700,0.0,0.0
2020-11-20 00:00:00-05:00,139.99000549316406,144.9600067138672,139.00999450683594,143.00999450683594,1491400,0.0,0.0
2020-11-23 00:00:00-05:00,142.38999938964844,144.4199981689453,140.4600067138672,143.0399932861328,1511000,0.0,0.0
2020-11-24 00:00:00-05:00,143.39999389648438,143.61000061035156,138.6750030517578,141.19000244140625,1636300,0.0,0.0
2020-11-25 00:00:00-05:00,145.11000061035156,149.77999877929688,144.50999450683594,146.94000244140625,2329700,0.0,0.0
2020-11-27 00:00:00-05:00,150.0,150.39999389648438,146.4290008544922,149.74000549316406,939600,0.0,0.0
2020-11-30 00:00:00-05:00,151.67999267578125,155.75,148.5,155.75,3377400,0.0,0.0
2020-12-01 00:00:00-05:00,155.50999450683594,157.3300018310547,147.82000732421875,151.67999267578125,2276100,0.0,0.0
2020-12-02 00:00:00-05:00,149.0330047607422,149.0330047607422,143.39999389648438,146.7899932861328,2924100,0.0,0.0
2020-12-03 00:00:00-05:00,163.4499969482422,189.64500427246094,163.2899932861328,185.61000061035156,15382800,0.0,0.0
2020-12-04 00:00:00-05:00,181.72999572753906,183.3699951171875,175.60000610351562,180.75,4358600,0.0,0.0
2020-12-07 00:00:00-05:00,180.0,181.89500427246094,176.5500030517578,178.11000061035156,2135700,0.0,0.0
2020-12-08 00:00:00-05:00,178.5,189.55999755859375,178.5,184.60000610351562,2852400,0.0,0.0
2020-12-09 00:00:00-05:00,183.02999877929688,185.0,173.4499969482422,176.6999969482422,2296000,0.0,0.0
2020-12-10 00:00:00-05:00,173.0,182.5,172.0749969482422,179.75,2566500,0.0,0.0
2020-12-11 00:00:00-05:00,181.60000610351562,184.47000122070312,178.24000549316406,181.91000366210938,1851900,0.0,0.0
2020-12-14 00:00:00-05:00,182.343994140625,187.42999267578125,181.8000030517578,183.4499969482422,2162500,0.0,0.0
2020-12-15 00:00:00-05:00,184.97999572753906,185.0,178.6649932861328,181.24000549316406,1677700,0.0,0.0
2020-12-16 00:00:00-05:00,180.9199981689453,186.0,179.83999633789062,184.02999877929688,2119700,0.0,0.0
2020-12-17 00:00:00-05:00,186.0,194.6999969482422,185.80999755859375,187.75999450683594,4202600,0.0,0.0
2020-12-18 00:00:00-05:00,191.97999572753906,198.16000366210938,190.52000427246094,195.8800048828125,4657200,0.0,0.0
2020-12-21 00:00:00-05:00,196.64999389648438,200.39999389648438,194.22000122070312,199.6199951171875,2790400,0.0,0.0
2020-12-22 00:00:00-05:00,202.22999572753906,208.06500244140625,200.00999450683594,206.77999877929688,3587300,0.0,0.0
2020-12-23 00:00:00-05:00,208.8300018310547,212.5850067138672,203.1300048828125,207.47000122070312,2297400,0.0,0.0
2020-12-24 00:00:00-05:00,208.0,209.97999572753906,204.0,205.27000427246094,908800,0.0,0.0
2020-12-28 00:00:00-05:00,207.47999572753906,209.4499969482422,197.47000122070312,199.3699951171875,2552900,0.0,0.0
2020-12-29 00:00:00-05:00,198.50999450683594,199.38999938964844,194.00999450683594,197.83999633789062,2225500,0.0,0.0
2020-12-30 00:00:00-05:00,198.8000030517578,201.3699951171875,197.07000732421875,201.30999755859375,1126400,0.0,0.0
2020-12-31 00:00:00-05:00,202.25,203.0,198.6199951171875,199.7100067138672,1469600,0.0,0.0
2021-01-04 00:00:00-05:00,199.72000122070312,200.4949951171875,192.52000427246094,196.08999633789062,3510700,0.0,0.0
2021-01-05 00:00:00-05:00,192.3699951171875,197.94000244140625,189.5399932861328,193.47999572753906,2365500,0.0,0.0
2021-01-06 00:00:00-05:00,187.52999877929688,190.3000030517578,183.25,184.4199981689453,2131100,0.0,0.0
2021-01-07 00:00:00-05:00,188.09500122070312,193.6999969482422,185.27999877929688,193.0500030517578,1734600,0.0,0.0
2021-01-08 00:00:00-05:00,196.75,199.9499969482422,194.10000610351562,197.3699951171875,2024800,0.0,0.0
2021-01-11 00:00:00-05:00,196.99000549316406,204.99000549316406,191.60000610351562,198.6999969482422,2493900,0.0,0.0
2021-01-12 00:00:00-05:00,201.13999938964844,206.5,200.00999450683594,205.89999389648438,2115800,0.0,0.0
2021-01-13 00:00:00-05:00,209.3000030517578,214.8300018310547,206.49000549316406,207.0800018310547,3481200,0.0,0.0
2021-01-14 00:00:00-05:00,209.25,213.57000732421875,207.4600067138672,209.8699951171875,1594300,0.0,0.0
2021-01-15 00:00:00-05:00,212.1199951171875,213.927001953125,207.3300018310547,211.05999755859375,2009000,0.0,0.0
2021-01-19 00:00:00-05:00,215.77000427246094,217.1510009765625,208.3699951171875,212.0,1643200,0.0,0.0
2021-01-20 00:00:00-05:00,215.08999633789062,217.4499969482422,212.52999877929688,214.75999450683594,1641200,0.0,0.0
2021-01-21 00:00:00-05:00,217.99000549316406,218.0,211.53500366210938,213.6300048828125,1196100,0.0,0.0
2021-01-22 00:00:00-05:00,211.89999389648438,217.72999572753906,211.05999755859375,217.36000061035156,1446300,0.0,0.0
2021-01-25 00:00:00-05:00,220.75999450683594,224.0,206.0,207.66000366210938,2885600,0.0,0.0
2021-01-26 00:00:00-05:00,209.47999572753906,209.85000610351562,196.52999877929688,197.0,3030400,0.0,0.0
2021-01-27 00:00:00-05:00,195.8699951171875,203.3000030517578,187.75999450683594,199.22000122070312,2640000,0.0,0.0
2021-01-28 00:00:00-05:00,199.3300018310547,208.1999969482422,199.22000122070312,206.27999877929688,1489600,0.0,0.0
2021-01-29 00:00:00-05:00,204.99000549316406,205.0399932861328,196.8000030517578,199.6999969482422,1746600,0.0,0.0
2021-02-01 00:00:00-05:00,202.52000427246094,206.85000610351562,199.92999267578125,204.47000122070312,1434800,0.0,0.0
2021-02-02 00:00:00-05:00,207.05999755859375,217.44000244140625,207.05999755859375,216.7100067138672,1892500,0.0,0.0
2021-02-03 00:00:00-05:00,217.89999389648438,218.2100067138672,207.0590057373047,209.55999755859375,2395900,0.0,0.0
2021-02-04 00:00:00-05:00,210.11000061035156,214.2449951171875,207.3300018310547,213.75,1235900,0.0,0.0
2021-02-05 00:00:00-05:00,215.4499969482422,219.99000549316406,211.8800048828125,216.77999877929688,2018400,0.0,0.0
2021-02-08 00:00:00-05:00,219.30999755859375,221.25,214.0800018310547,215.8699951171875,1162700,0.0,0.0
2021-02-09 00:00:00-05:00,218.5760040283203,220.85000610351562,215.99000549316406,220.0,1115500,0.0,0.0
2021-02-10 00:00:00-05:00,221.0,224.49000549316406,216.48800659179688,223.08999633789062,2138900,0.0,0.0
2021-02-11 00:00:00-05:00,225.0,227.0399932861328,217.97000122070312,222.88999938964844,1486100,0.0,0.0
2021-02-12 00:00:00-05:00,224.75999450683594,228.3800048828125,221.58099365234375,226.47999572753906,1522600,0.0,0.0
2021-02-16 00:00:00-05:00,230.88099670410156,230.88099670410156,217.75,223.6300048828125,1919500,0.0,0.0
2021-02-17 00:00:00-05:00,223.15499877929688,225.89999389648438,217.6649932861328,224.8300018310547,1471300,0.0,0.0
2021-02-18 00:00:00-05:00,222.05999755859375,224.1999969482422,216.1999969482422,223.3800048828125,1418800,0.0,0.0
2021-02-19 00:00:00-05:00,225.5500030517578,228.08999633789062,223.41000366210938,226.02999877929688,1486800,0.0,0.0
2021-02-22 00:00:00-05:00,225.1300048828125,225.25,212.89999389648438,213.4499969482422,2424000,0.0,0.0
2021-02-23 00:00:00-05:00,203.25999450683594,206.83999633789062,190.60000610351562,206.50999450683594,3704100,0.0,0.0
2021-02-24 00:00:00-05:00,208.3800048828125,210.7899932861328,203.5500030517578,207.80999755859375,1684100,0.0,0.0
2021-02-25 00:00:00-05:00,204.0,210.91000366210938,194.33999633789062,195.7899932861328,2557500,0.0,0.0
2021-02-26 00:00:00-05:00,213.10000610351562,224.0800018310547,197.08200073242188,205.02999877929688,3721700,0.0,0.0
2021-03-01 00:00:00-05:00,208.75,211.13999938964844,202.17999267578125,210.16000366210938,1917300,0.0,0.0
2021-03-02 00:00:00-05:00,212.0,212.0,202.27000427246094,202.61000061035156,1788600,0.0,0.0
2021-03-03 00:00:00-05:00,202.11000061035156,202.1199951171875,187.4600067138672,187.8300018310547,2703800,0.0,0.0
2021-03-04 00:00:00-05:00,184.3300018310547,190.9600067138672,175.67999267578125,180.89999389648438,3184300,0.0,0.0
2021-03-05 00:00:00-05:00,185.5399932861328,185.5399932861328,165.57000732421875,175.3699951171875,3941600,0.0,0.0
2021-03-08 00:00:00-05:00,175.75999450683594,181.6999969482422,166.88600158691406,167.83999633789062,2751300,0.0,0.0
2021-03-09 00:00:00-05:00,178.71499633789062,182.7899932861328,175.0,181.42999267578125,2824700,0.0,0.0
2021-03-10 00:00:00-05:00,185.0500030517578,188.97999572753906,178.80999755859375,180.07000732421875,2427300,0.0,0.0
2021-03-11 00:00:00-05:00,187.0,189.75,183.08999633789062,188.8699951171875,2080600,0.0,0.0
2021-03-12 00:00:00-05:00,184.54100036621094,185.2100067138672,179.8800048828125,184.61000061035156,1521400,0.0,0.0
2021-03-15 00:00:00-04:00,184.97999572753906,185.0,180.5500030517578,184.27000427246094,1435000,0.0,0.0
2021-03-16 00:00:00-04:00,187.0,187.9199981689453,178.0229949951172,182.17999267578125,2178800,0.0,0.0
2021-03-17 00:00:00-04:00,178.61000061035156,188.49000549316406,177.0,185.3300018310547,2333000,0.0,0.0
2021-03-18 00:00:00-04:00,184.4040069580078,184.6699981689453,177.39999389648438,178.2100067138672,2675400,0.0,0.0
2021-03-19 00:00:00-04:00,178.66000366210938,182.02999877929688,175.75,181.55999755859375,2320400,0.0,0.0
2021-03-22 00:00:00-04:00,183.5,185.16000366210938,181.39999389648438,182.61000061035156,1710900,0.0,0.0
2021-03-23 00:00:00-04:00,182.4600067138672,185.4499969482422,180.0,183.0,1619800,0.0,0.0
2021-03-24 00:00:00-04:00,186.39999389648438,186.39999389648438,174.99000549316406,175.10000610351562,2133800,0.0,0.0
2021-03-25 00:00:00-04:00,171.4499969482422,175.3000030517578,168.39999389648438,172.85000610351562,1557200,0.0,0.0
2021-03-26 00:00:00-04:00,170.9199981689453,174.0,164.6699981689453,169.77999877929688,1816700,0.0,0.0
2021-03-29 00:00:00-04:00,169.00999450683594,174.86000061035156,163.4499969482422,165.75,2372300,0.0,0.0
2021-03-30 00:00:00-04:00,164.24000549316406,166.86000061035156,160.65899658203125,165.7899932861328,1336000,0.0,0.0
2021-03-31 00:00:00-04:00,168.49000549316406,173.1699981689453,167.1999969482422,171.6699981689453,1918800,0.0,0.0
2021-04-01 00:00:00-04:00,174.8000030517578,180.0,174.3000030517578,175.77000427246094,2097400,0.0,0.0
2021-04-05 00:00:00-04:00,176.61000061035156,178.9499969482422,172.32000732421875,175.19000244140625,1368500,0.0,0.0
2021-04-06 00:00:00-04:00,175.42999267578125,184.9600067138672,173.52999877929688,182.1199951171875,2282700,0.0,0.0
2021-04-07 00:00:00-04:00,180.80999755859375,183.32000732421875,179.0,180.02000427246094,1242100,0.0,0.0
2021-04-08 00:00:00-04:00,183.0,187.1699981689453,181.8000030517578,185.19000244140625,1926400,0.0,0.0
2021-04-09 00:00:00-04:00,183.99000549316406,185.25999450683594,180.8730010986328,185.0399932861328,1122700,0.0,0.0
2021-04-12 00:00:00-04:00,185.5800018310547,189.5,183.5500030517578,188.3800048828125,2056700,0.0,0.0
2021-04-13 00:00:00-04:00,190.14999389648438,199.5,189.58999633789062,196.64999389648438,2487400,0.0,0.0
2021-04-14 00:00:00-04:00,198.0399932861328,198.89999389648438,192.0800018310547,192.38999938964844,1369100,0.0,0.0
2021-04-15 00:00:00-04:00,195.30999755859375,197.52000427246094,193.03799438476562,195.9199981689453,1258900,0.0,0.0
2021-04-16 00:00:00-04:00,196.80999755859375,196.80999755859375,189.74000549316406,192.49000549316406,1319100,0.0,0.0
2021-04-19 00:00:00-04:00,191.13999938964844,195.7100067138672,189.1999969482422,190.94000244140625,919500,0.0,0.0
2021-04-20 00:00:00-04:00,191.99000549316406,194.7899932861328,185.07000732421875,186.0800018310547,1119600,0.0,0.0
2021-04-21 00:00:00-04:00,183.7100067138672,188.4600067138672,181.42999267578125,186.1199951171875,1057200,0.0,0.0
2021-04-22 00:00:00-04:00,186.19000244140625,194.25,185.75,190.02999877929688,1827400,0.0,0.0
2021-04-23 00:00:00-04:00,192.47999572753906,194.22000122070312,188.5500030517578,190.25999450683594,1496400,0.0,0.0
2021-04-26 00:00:00-04:00,191.6999969482422,196.77999877929688,188.72000122070312,196.69000244140625,1319100,0.0,0.0
2021-04-27 00:00:00-04:00,198.0800018310547,199.5,193.89599609375,195.92999267578125,1365900,0.0,0.0
2021-04-28 00:00:00-04:00,195.39999389648438,198.0,192.50999450683594,195.4199981689453,2200000,0.0,0.0
2021-04-29 00:00:00-04:00,196.0,196.2899932861328,185.1999969482422,187.27999877929688,2168500,0.0,0.0
2021-04-30 00:00:00-04:00,184.99000549316406,191.47999572753906,184.39999389648438,187.63999938964844,1174800,0.0,0.0
2021-05-03 00:00:00-04:00,186.60000610351562,188.22000122070312,179.60000610351562,180.58999633789062,2060500,0.0,0.0
2021-05-04 00:00:00-04:00,176.47000122070312,177.73500061035156,169.36000061035156,175.47999572753906,2196200,0.0,0.0
2021-05-05 00:00:00-04:00,178.02999877929688,179.5399932861328,171.02999877929688,172.3000030517578,968300,0.0,0.0
2021-05-06 00:00:00-04:00,171.4600067138672,172.49000549316406,163.5,167.35000610351562,2067900,0.0,0.0
2021-05-07 00:00:00-04:00,171.5,174.0,168.24000549316406,169.32000732421875,1524400,0.0,0.0
2021-05-10 00:00:00-04:00,168.16000366210938,169.32000732421875,164.77000427246094,165.77000427246094,1924500,0.0,0.0
2021-05-11 00:00:00-04:00,157.07899475097656,172.27999877929688,157.02999877929688,170.69000244140625,2774200,0.0,0.0
2021-05-12 00:00:00-04:00,167.47000122070312,169.52000427246094,160.91000366210938,164.0800018310547,2069800,0.0,0.0
2021-05-13 00:00:00-04:00,166.25999450683594,167.9199981689453,158.47000122070312,160.9199981689453,1913000,0.0,0.0
2021-05-14 00:00:00-04:00,162.52000427246094,166.16000366210938,161.6300048828125,165.33999633789062,1431000,0.0,0.0
2021-05-17 00:00:00-04:00,164.10000610351562,166.88999938964844,160.6999969482422,163.27999877929688,1374100,0.0,0.0
2021-05-18 00:00:00-04:00,164.50999450683594,168.75399780273438,163.22999572753906,166.5,2239300,0.0,0.0
2021-05-19 00:00:00-04:00,164.35000610351562,166.47000122070312,161.38999938964844,164.80999755859375,1893700,0.0,0.0
2021-05-20 00:00:00-04:00,167.25900268554688,171.9530029296875,165.9199981689453,170.72999572753906,1897200,0.0,0.0
2021-05-21 00:00:00-04:00,174.9199981689453,175.0,169.89999389648438,170.0800018310547,1759500,0.0,0.0
2021-05-24 00:00:00-04:00,172.49000549316406,175.9499969482422,172.13900756835938,174.39999389648438,2361600,0.0,0.0
2021-05-25 00:00:00-04:00,175.0500030517578,176.03500366210938,170.30999755859375,172.74000549316406,3323200,0.0,0.0
2021-05-26 00:00:00-04:00,195.0,199.77000427246094,191.5,194.1999969482422,7966000,0.0,0.0
2021-05-27 00:00:00-04:00,193.60000610351562,196.3000030517578,188.02000427246094,194.25999450683594,3949300,0.0,0.0
2021-05-28 00:00:00-04:00,194.47999572753906,197.69000244140625,193.94000244140625,194.1999969482422,1949100,0.0,0.0
2021-06-01 00:00:00-04:00,194.1699981689453,195.9499969482422,190.0500030517578,191.77000427246094,1445100,0.0,0.0
2021-06-02 00:00:00-04:00,190.55999755859375,193.16000366210938,189.02999877929688,191.33999633789062,1287800,0.0,0.0
2021-06-03 00:00:00-04:00,190.1199951171875,190.4600067138672,183.9499969482422,184.25,1656500,0.0,0.0
2021-06-04 00:00:00-04:00,186.82699584960938,188.30999755859375,184.77000427246094,185.8000030517578,1795300,0.0,0.0
2021-06-07 00:00:00-04:00,184.80999755859375,193.60000610351562,183.08999633789062,192.72999572753906,2099400,0.0,0.0
2021-06-08 00:00:00-04:00,194.0399932861328,197.53500366210938,192.47500610351562,194.64999389648438,1972400,0.0,0.0
2021-06-09 00:00:00-04:00,195.27000427246094,198.427001953125,195.07000732421875,195.99000549316406,1604700,0.0,0.0
2021-06-10 00:00:00-04:00,194.77499389648438,205.61000061035156,194.5500030517578,204.91000366210938,3558600,0.0,0.0
2021-06-11 00:00:00-04:00,203.0,208.5399932861328,201.8699951171875,207.7899932861328,2106500,0.0,0.0
2021-06-14 00:00:00-04:00,207.7899932861328,212.8000030517578,207.3300018310547,211.42999267578125,1897100,0.0,0.0
2021-06-15 00:00:00-04:00,209.6199951171875,213.5449981689453,206.91000366210938,207.38999938964844,1281500,0.0,0.0
2021-06-16 00:00:00-04:00,209.11199951171875,217.80999755859375,208.5,212.27000427246094,3092600,0.0,0.0
2021-06-17 00:00:00-04:00,209.00999450683594,217.0,208.02000427246094,215.13999938964844,1708000,0.0,0.0
2021-06-18 00:00:00-04:00,215.57000732421875,219.9499969482422,214.10000610351562,218.60000610351562,2049800,0.0,0.0
2021-06-21 00:00:00-04:00,216.5500030517578,218.10000610351562,211.50999450683594,216.41000366210938,1480100,0.0,0.0
2021-06-22 00:00:00-04:00,216.66000366210938,221.1199951171875,216.4199981689453,219.61000061035156,1502200,0.0,0.0
2021-06-23 00:00:00-04:00,219.5500030517578,221.0399932861328,218.41000366210938,218.86000061035156,1385400,0.0,0.0
2021-06-24 00:00:00-04:00,220.19000244140625,222.3159942626953,218.88999938964844,219.63999938964844,1320400,0.0,0.0
2021-06-25 00:00:00-04:00,220.91000366210938,222.0,216.75,218.83999633789062,1907700,0.0,0.0
2021-06-28 00:00:00-04:00,220.55999755859375,223.94000244140625,219.67999267578125,221.27000427246094,1571200,0.0,0.0
2021-06-29 00:00:00-04:00,220.0,221.88999938964844,218.25,221.44000244140625,919800,0.0,0.0
2021-06-30 00:00:00-04:00,220.8000030517578,220.8000030517578,215.3699951171875,216.05999755859375,1633700,0.0,0.0
2021-07-01 00:00:00-04:00,214.97999572753906,217.47999572753906,211.1909942626953,213.72000122070312,1063000,0.0,0.0
2021-07-02 00:00:00-04:00,215.33999633789062,218.60000610351562,214.0,214.77999877929688,837500,0.0,0.0
2021-07-06 00:00:00-04:00,217.06500244140625,225.69500732421875,217.0,225.0,2754400,0.0,0.0
2021-07-07 00:00:00-04:00,227.0,231.58999633789062,223.27000427246094,227.89999389648438,2624000,0.0,0.0
2021-07-08 00:00:00-04:00,222.02000427246094,227.5,220.0,227.1699981689453,1742000,0.0,0.0
2021-07-09 00:00:00-04:00,227.1699981689453,228.36000061035156,224.0,227.7899932861328,910000,0.0,0.0
2021-07-12 00:00:00-04:00,232.52000427246094,236.4600067138672,227.5,227.97000122070312,1541000,0.0,0.0
2021-07-13 00:00:00-04:00,230.0,234.75999450683594,226.30999755859375,227.17999267578125,1511300,0.0,0.0
2021-07-14 00:00:00-04:00,229.91000366210938,231.0,223.25,224.50999450683594,1426600,0.0,0.0
2021-07-15 00:00:00-04:00,227.14999389648438,227.25,218.33999633789062,219.30999755859375,1354800,0.0,0.0
2021-07-16 00:00:00-04:00,221.74000549316406,223.43499755859375,217.8800048828125,221.16000366210938,1489500,0.0,0.0
2021-07-19 00:00:00-04:00,217.5,223.5500030517578,216.4499969482422,223.00999450683594,1289300,0.0,0.0
2021-07-20 00:00:00-04:00,227.0800018310547,230.2100067138672,221.67999267578125,229.11000061035156,1747100,0.0,0.0
2021-07-21 00:00:00-04:00,228.8800048828125,232.60499572753906,226.36000061035156,231.05999755859375,1263700,0.0,0.0
2021-07-22 00:00:00-04:00,232.0,237.4499969482422,230.64999389648438,235.58999633789062,1265100,0.0,0.0
2021-07-23 00:00:00-04:00,237.13999938964844,240.2899932861328,234.6999969482422,238.72000122070312,1309600,0.0,0.0
2021-07-26 00:00:00-04:00,235.72999572753906,237.31500244140625,230.8800048828125,234.52000427246094,850600,0.0,0.0
2021-07-27 00:00:00-04:00,236.1999969482422,238.0,228.72999572753906,233.02999877929688,1032200,0.0,0.0
2021-07-28 00:00:00-04:00,234.61000061035156,238.5,231.36000061035156,236.83999633789062,819100,0.0,0.0
2021-07-29 00:00:00-04:00,235.01499938964844,239.5,234.8699951171875,237.02999877929688,808500,0.0,0.0
2021-07-30 00:00:00-04:00,235.97000122070312,239.08999633789062,235.25,235.91000366210938,955000,0.0,0.0
2021-08-02 00:00:00-04:00,237.0,242.11000061035156,229.5,239.0399932861328,1837700,0.0,0.0
2021-08-03 00:00:00-04:00,239.50999450683594,244.8699951171875,238.32000732421875,243.07000732421875,1039700,0.0,0.0
2021-08-04 00:00:00-04:00,243.6300048828125,248.8350067138672,242.99000549316406,247.92999267578125,1212200,0.0,0.0
2021-08-05 00:00:00-04:00,248.0,249.7100067138672,245.6199951171875,247.6699981689453,979900,0.0,0.0
2021-08-06 00:00:00-04:00,247.0,247.42999267578125,237.86000061035156,242.0500030517578,1405800,0.0,0.0
2021-08-09 00:00:00-04:00,241.5,245.5800018310547,239.88499450683594,245.0399932861328,701000,0.0,0.0
2021-08-10 00:00:00-04:00,246.7100067138672,247.6699981689453,238.07000732421875,240.5,1051100,0.0,0.0
2021-08-11 00:00:00-04:00,241.57899475097656,243.33399963378906,235.3000030517578,237.6699981689453,1174900,0.0,0.0
2021-08-12 00:00:00-04:00,235.17999267578125,244.1999969482422,235.17999267578125,242.94000244140625,767600,0.0,0.0
2021-08-13 00:00:00-04:00,244.0,246.99000549316406,242.39999389648438,245.14999389648438,870300,0.0,0.0
2021-08-16 00:00:00-04:00,244.0,245.1999969482422,237.3000030517578,243.42999267578125,973000,0.0,0.0
2021-08-17 00:00:00-04:00,243.42999267578125,243.42999267578125,237.0,241.47000122070312,1053400,0.0,0.0
2021-08-18 00:00:00-04:00,242.14999389648438,244.83999633789062,237.5800018310547,242.5399932861328,860800,0.0,0.0
2021-08-19 00:00:00-04:00,242.0,245.6300048828125,241.69000244140625,244.8800048828125,1108500,0.0,0.0
2021-08-20 00:00:00-04:00,246.64999389648438,250.0,243.63999938964844,246.39999389648438,1140400,0.0,0.0
2021-08-23 00:00:00-04:00,248.99000549316406,252.64999389648438,246.22999572753906,250.80999755859375,1148100,0.0,0.0
2021-08-24 00:00:00-04:00,258.9739990234375,259.8399963378906,255.6300048828125,257.9700012207031,1663600,0.0,0.0
2021-08-25 00:00:00-04:00,258.3500061035156,263.54998779296875,256.9700012207031,263.0299987792969,1458100,0.0,0.0
2021-08-26 00:00:00-04:00,263.0,270.8999938964844,262.54901123046875,266.9700012207031,1713400,0.0,0.0
2021-08-27 00:00:00-04:00,268.6679992675781,275.0,266.7699890136719,273.7300109863281,1315300,0.0,0.0
2021-08-30 00:00:00-04:00,275.6499938964844,279.2900085449219,272.57000732421875,278.1700134277344,1503900,0.0,0.0
2021-08-31 00:00:00-04:00,276.760009765625,279.1400146484375,273.1099853515625,278.3399963378906,1593800,0.0,0.0
2021-09-01 00:00:00-04:00,276.1400146484375,279.5299987792969,275.55999755859375,276.7099914550781,1489400,0.0,0.0
2021-09-02 00:00:00-04:00,277.1099853515625,284.7900085449219,276.3500061035156,282.20001220703125,1591200,0.0,0.0
2021-09-03 00:00:00-04:00,282.54998779296875,288.8699951171875,281.3800048828125,287.3999938964844,1786400,0.0,0.0
2021-09-07 00:00:00-04:00,293.44000244140625,293.44000244140625,280.04998779296875,282.9049987792969,1991100,0.0,0.0
2021-09-08 00:00:00-04:00,282.2550048828125,283.989990234375,277.20001220703125,280.6600036621094,2558200,0.0,0.0
2021-09-09 00:00:00-04:00,280.4200134277344,284.25,278.6300048828125,280.2200012207031,3115400,0.0,0.0
2021-09-10 00:00:00-04:00,289.0299987792969,289.0299987792969,269.5199890136719,270.6400146484375,4536200,0.0,0.0
2021-09-13 00:00:00-04:00,267.6000061035156,269.54998779296875,260.1199951171875,267.8399963378906,2936100,0.0,0.0
2021-09-14 00:00:00-04:00,269.94000244140625,276.0,269.07000732421875,275.79998779296875,2291100,0.0,0.0
2021-09-15 00:00:00-04:00,275.8699951171875,278.0299987792969,270.1600036621094,273.44000244140625,1429300,0.0,0.0
2021-09-16 00:00:00-04:00,273.25,274.6400146484375,266.7099914550781,274.3900146484375,2276200,0.0,0.0
2021-09-17 00:00:00-04:00,273.3299865722656,276.510009765625,269.6700134277344,275.6600036621094,4428500,0.0,0.0
2021-09-20 00:00:00-04:00,268.00299072265625,275.0,267.2799987792969,269.9800109863281,1911700,0.0,0.0
2021-09-21 00:00:00-04:00,272.2300109863281,275.739990234375,269.4800109863281,272.3299865722656,1227800,0.0,0.0
2021-09-22 00:00:00-04:00,273.9599914550781,279.1700134277344,271.1499938964844,277.70001220703125,1717300,0.0,0.0
2021-09-23 00:00:00-04:00,279.94000244140625,281.8999938964844,276.3599853515625,280.0199890136719,1699800,0.0,0.0
2021-09-24 00:00:00-04:00,280.0,280.3999938964844,271.29998779296875,279.989990234375,1126200,0.0,0.0
2021-09-27 00:00:00-04:00,277.70001220703125,279.572998046875,271.2099914550781,272.7300109863281,1630600,0.0,0.0
2021-09-28 00:00:00-04:00,267.989990234375,268.0,256.010009765625,258.739990234375,3149000,0.0,0.0
2021-09-29 00:00:00-04:00,263.4100036621094,265.4200134277344,256.79998779296875,258.8800048828125,2244000,0.0,0.0
2021-09-30 00:00:00-04:00,260.4100036621094,263.5199890136719,258.29998779296875,262.2200012207031,1355300,0.0,0.0
2021-10-01 00:00:00-04:00,263.1700134277344,264.8500061035156,257.09698486328125,263.1600036621094,1135300,0.0,0.0
2021-10-04 00:00:00-04:00,261.3500061035156,261.3500061035156,248.3300018310547,251.86000061035156,2245600,0.0,0.0
2021-10-05 00:00:00-04:00,253.4499969482422,260.0,252.5,258.5,1506500,0.0,0.0
2021-10-06 00:00:00-04:00,256.2799987792969,265.614990234375,255.10499572753906,264.25,1900600,0.0,0.0
2021-10-07 00:00:00-04:00,266.0199890136719,274.239990234375,265.5799865722656,269.8800048828125,1706700,0.0,0.0
2021-10-08 00:00:00-04:00,272.29998779296875,272.29998779296875,266.0,266.6600036621094,1230200,0.0,0.0
2021-10-11 00:00:00-04:00,263.6000061035156,271.1700134277344,262.0199890136719,267.70001220703125,1224400,0.0,0.0
2021-10-12 00:00:00-04:00,270.0799865722656,278.3399963378906,266.7650146484375,277.7200012207031,1889200,0.0,0.0
2021-10-13 00:00:00-04:00,279.7799987792969,287.9700012207031,279.32000732421875,286.6400146484375,1960900,0.0,0.0
2021-10-14 00:00:00-04:00,290.0,294.44000244140625,288.6600036621094,293.8900146484375,1544100,0.0,0.0
2021-10-15 00:00:00-04:00,294.5,294.989990234375,291.6099853515625,292.70001220703125,1433200,0.0,0.0
2021-10-18 00:00:00-04:00,292.510009765625,301.3299865722656,291.6000061035156,301.30999755859375,1766300,0.0,0.0
2021-10-19 00:00:00-04:00,301.5,303.6099853515625,297.4100036621094,298.0299987792969,1587600,0.0,0.0
2021-10-20 00:00:00-04:00,300.2080078125,301.7699890136719,294.3999938964844,297.6700134277344,789000,0.0,0.0
2021-10-21 00:00:00-04:00,298.70001220703125,305.7699890136719,298.4110107421875,305.69000244140625,1205100,0.0,0.0
2021-10-22 00:00:00-04:00,305.7300109863281,309.69000244140625,304.010009765625,307.8699951171875,941500,0.0,0.0
2021-10-25 00:00:00-04:00,308.0,314.1059875488281,305.57000732421875,311.20001220703125,1139000,0.0,0.0
2021-10-26 00:00:00-04:00,313.8800048828125,316.0,307.8900146484375,315.32000732421875,1814600,0.0,0.0
2021-10-27 00:00:00-04:00,316.20001220703125,319.8399963378906,309.010009765625,310.1000061035156,1419200,0.0,0.0
2021-10-28 00:00:00-04:00,310.94000244140625,316.989990234375,308.239990234375,316.3399963378906,1351300,0.0,0.0
2021-10-29 00:00:00-04:00,315.95001220703125,319.989990234375,314.0,318.8599853515625,1084900,0.0,0.0
2021-11-01 00:00:00-04:00,319.4599914550781,321.5,315.1300048828125,318.67999267578125,1472400,0.0,0.0
2021-11-02 00:00:00-04:00,318.510009765625,326.20001220703125,317.38299560546875,325.8699951171875,1585400,0.0,0.0
2021-11-03 00:00:00-04:00,328.5,329.0,321.30999755859375,327.5,1298800,0.0,0.0
2021-11-04 00:00:00-04:00,329.0,333.8800048828125,325.1600036621094,331.8999938964844,1413700,0.0,0.0
2021-11-05 00:00:00-04:00,333.95001220703125,338.5400085449219,332.1099853515625,338.489990234375,1888000,0.0,0.0
2021-11-08 00:00:00-05:00,340.54998779296875,351.8999938964844,339.3699951171875,350.1700134277344,1944000,0.0,0.0
2021-11-09 00:00:00-05:00,353.3999938964844,356.45001220703125,347.7200012207031,352.6099853515625,2009400,0.0,0.0
2021-11-10 00:00:00-05:00,348.2699890136719,350.614013671875,333.7300109863281,337.1099853515625,2229100,0.0,0.0
2021-11-11 00:00:00-05:00,343.1700134277344,348.2699890136719,342.2300109863281,343.6199951171875,1680900,0.0,0.0
2021-11-12 00:00:00-05:00,346.760009765625,349.57000732421875,343.1600036621094,349.07000732421875,1330200,0.0,0.0
2021-11-15 00:00:00-05:00,352.9100036621094,352.9100036621094,341.8299865722656,345.79998779296875,1235700,0.0,0.0
2021-11-16 00:00:00-05:00,345.79998779296875,355.4100036621094,345.6099853515625,353.75,1426600,0.0,0.0
2021-11-17 00:00:00-05:00,352.75,358.1300048828125,345.739990234375,356.0,1655200,0.0,0.0
2021-11-18 00:00:00-05:00,358.260009765625,369.8999938964844,358.1199951171875,365.6499938964844,1772200,0.0,0.0
2021-11-19 00:00:00-05:00,372.5,376.1099853515625,367.5400085449219,368.7799987792969,1824500,0.0,0.0
2021-11-22 00:00:00-05:00,367.07000732421875,368.0,342.2200012207031,343.8599853515625,2518400,0.0,0.0
2021-11-23 00:00:00-05:00,336.6000061035156,345.5790100097656,330.6600036621094,336.1099853515625,2671300,0.0,0.0
2021-11-24 00:00:00-05:00,334.7699890136719,343.7049865722656,328.4750061035156,342.4700012207031,1462800,0.0,0.0
2021-11-26 00:00:00-05:00,343.0400085449219,347.6499938964844,335.3800048828125,336.8999938964844,839700,0.0,0.0
2021-11-29 00:00:00-05:00,342.2699890136719,358.3599853515625,342.2699890136719,355.9200134277344,2288000,0.0,0.0
2021-11-30 00:00:00-05:00,355.8800048828125,358.82000732421875,343.69000244140625,346.9700012207031,3887400,0.0,0.0
2021-12-01 00:00:00-05:00,371.05999755859375,373.739990234375,314.70001220703125,318.2099914550781,5676000,0.0,0.0
2021-12-02 00:00:00-05:00,318.2200012207031,334.739990234375,316.510009765625,331.9700012207031,2609800,0.0,0.0
2021-12-03 00:00:00-05:00,330.0,330.0,300.5400085449219,313.3500061035156,2632000,0.0,0.0
2021-12-06 00:00:00-05:00,301.94000244140625,304.1669921875,265.3299865722656,274.3599853515625,7468600,0.0,0.0
2021-12-07 00:00:00-05:00,286.0,300.44000244140625,285.010009765625,297.760009765625,4002800,0.0,0.0
2021-12-08 00:00:00-05:00,298.3800048828125,313.4100036621094,293.20001220703125,311.80999755859375,3206300,0.0,0.0
2021-12-09 00:00:00-05:00,313.0,317.7799987792969,300.2650146484375,303.0400085449219,3579700,0.0,0.0
2021-12-10 00:00:00-05:00,303.5,311.8699951171875,300.5,305.75,1929400,0.0,0.0
2021-12-13 00:00:00-05:00,311.1000061035156,320.989990234375,304.1700134277344,308.5400085449219,2417100,0.0,0.0
2021-12-14 00:00:00-05:00,285.44000244140625,287.8299865722656,272.5199890136719,284.3399963378906,5116800,0.0,0.0
2021-12-15 00:00:00-05:00,282.9700012207031,309.0400085449219,281.5570068359375,307.239990234375,2972400,0.0,0.0
2021-12-16 00:00:00-05:00,305.0,307.19000244140625,291.7799987792969,295.25,3188400,0.0,0.0
2021-12-17 00:00:00-05:00,286.7099914550781,307.07000732421875,285.0,304.8699951171875,9125500,0.0,0.0
2021-12-20 00:00:00-05:00,298.45001220703125,308.489990234375,294.5400085449219,305.94000244140625,2154400,0.0,0.0
2021-12-21 00:00:00-05:00,307.8800048828125,320.68499755859375,300.1099853515625,319.4200134277344,3284700,0.0,0.0
2021-12-22 00:00:00-05:00,319.0799865722656,322.4800109863281,314.0199890136719,322.010009765625,1292300,0.0,0.0
2021-12-23 00:00:00-05:00,322.0,326.239990234375,316.75,323.0,940900,0.0,0.0
2021-12-27 00:00:00-05:00,326.8500061035156,332.5,326.3900146484375,329.8900146484375,1242500,0.0,0.0
2021-12-28 00:00:00-05:00,331.54998779296875,332.04998779296875,321.6499938964844,324.6600036621094,949600,0.0,0.0
2021-12-29 00:00:00-05:00,326.0,326.0,317.0,323.17999267578125,1068400,0.0,0.0
2021-12-30 00:00:00-05:00,323.17999267578125,329.67999267578125,323.0050048828125,324.5899963378906,1192000,0.0,0.0
2021-12-31 00:00:00-05:00,324.4599914550781,326.0,321.0,321.3299865722656,940800,0.0,0.0
2022-01-03 00:00:00-05:00,322.6000061035156,323.54998779296875,300.5,301.8299865722656,2576000,0.0,0.0
2022-01-04 00:00:00-05:00,297.9649963378906,298.19000244140625,270.7200012207031,281.5799865722656,3827700,0.0,0.0
2022-01-05 00:00:00-05:00,275.010009765625,280.3699951171875,256.3999938964844,262.3299865722656,3437700,0.0,0.0
2022-01-06 00:00:00-05:00,261.0,266.32000732421875,252.35000610351562,260.2099914550781,2439600,0.0,0.0
2022-01-07 00:00:00-05:00,258.3800048828125,268.3599853515625,254.3509979248047,261.5299987792969,1696000,0.0,0.0
2022-01-10 00:00:00-05:00,254.5,276.0199890136719,249.00999450683594,275.6499938964844,4333300,0.0,0.0
2022-01-11 00:00:00-05:00,270.45001220703125,281.3699951171875,267.3299865722656,277.5299987792969,1517900,0.0,0.0
2022-01-12 00:00:00-05:00,283.1099853515625,288.6099853515625,272.8800048828125,273.9800109863281,1881000,0.0,0.0
2022-01-13 00:00:00-05:00,274.6499938964844,277.2699890136719,250.32000732421875,250.47000122070312,3137300,0.0,0.0
2022-01-14 00:00:00-05:00,248.0,257.70001220703125,247.44000244140625,254.74000549316406,2071300,0.0,0.0
2022-01-18 00:00:00-05:00,251.49000549316406,266.4599914550781,245.3000030517578,259.20001220703125,3172400,0.0,0.0
2022-01-19 00:00:00-05:00,258.8800048828125,267.489990234375,252.97999572753906,253.11000061035156,2433700,0.0,0.0
2022-01-20 00:00:00-05:00,256.510009765625,264.3349914550781,250.24000549316406,250.6699981689453,2179000,0.0,0.0
2022-01-21 00:00:00-05:00,249.32699584960938,256.510009765625,241.11000061035156,241.94000244140625,2761500,0.0,0.0
2022-01-24 00:00:00-05:00,234.99000549316406,244.2100067138672,220.0709991455078,243.1999969482422,4143300,0.0,0.0
2022-01-25 00:00:00-05:00,239.83999633789062,241.5,225.61000061035156,228.8800048828125,3005500,0.0,0.0
2022-01-26 00:00:00-05:00,236.91000366210938,241.9600067138672,224.4199981689453,226.85000610351562,3335900,0.0,0.0
2022-01-27 00:00:00-05:00,229.86000061035156,235.5500030517578,220.92999267578125,223.0800018310547,2697200,0.0,0.0
2022-01-28 00:00:00-05:00,226.50999450683594,238.94000244140625,220.6699981689453,238.6999969482422,2803900,0.0,0.0
2022-01-31 00:00:00-05:00,240.36000061035156,257.3299865722656,240.0,257.1099853515625,2759500,0.0,0.0
2022-02-01 00:00:00-05:00,260.0,264.625,253.49000549316406,261.0899963378906,1959900,0.0,0.0
2022-02-02 00:00:00-05:00,261.7200012207031,263.57000732421875,251.94500732421875,257.5,1791900,0.0,0.0
2022-02-03 00:00:00-05:00,249.25999450683594,259.1300048828125,244.25999450683594,245.02000427246094,1835200,0.0,0.0
2022-02-04 00:00:00-05:00,247.42999267578125,263.2799987792969,243.52000427246094,258.9800109863281,2010000,0.0,0.0
2022-02-07 00:00:00-05:00,260.1650085449219,271.42999267578125,258.70001220703125,262.9200134277344,1557700,0.0,0.0
2022-02-08 00:00:00-05:00,260.57000732421875,273.75,259.0799865722656,270.7099914550781,2017500,0.0,0.0
2022-02-09 00:00:00-05:00,276.0,281.25,270.1199951171875,280.8500061035156,2173400,0.0,0.0
2022-02-10 00:00:00-05:00,276.5199890136719,290.4700012207031,274.2099914550781,284.1000061035156,2104400,0.0,0.0
2022-02-11 00:00:00-05:00,285.07000732421875,288.5199890136719,269.43499755859375,273.0,2015000,0.0,0.0
2022-02-14 00:00:00-05:00,273.5199890136719,283.45001220703125,272.5,274.42999267578125,2134300,0.0,0.0
2022-02-15 00:00:00-05:00,280.239990234375,287.2699890136719,275.5,285.82000732421875,2136500,0.0,0.0
2022-02-16 00:00:00-05:00,284.1099853515625,286.8900146484375,277.25,280.8699951171875,1863100,0.0,0.0
2022-02-17 00:00:00-05:00,280.90301513671875,280.90301513671875,259.3800048828125,261.94000244140625,2325200,0.0,0.0
2022-02-18 00:00:00-05:00,264.5199890136719,264.5199890136719,253.1999969482422,255.22000122070312,2221200,0.0,0.0
2022-02-22 00:00:00-05:00,251.55999755859375,263.0,251.0,254.80999755859375,1680800,0.0,0.0
2022-02-23 00:00:00-05:00,262.5,265.45001220703125,239.11000061035156,239.39999389648438,3024600,0.0,0.0
2022-02-24 00:00:00-05:00,227.6199951171875,264.7900085449219,227.47999572753906,263.3800048828125,6517500,0.0,0.0
2022-02-25 00:00:00-05:00,224.49000549316406,228.0,206.0,221.85000610351562,12093100,0.0,0.0
2022-02-28 00:00:00-05:00,228.4199981689453,244.94700622558594,227.16000366210938,239.14999389648438,6713600,0.0,0.0
2022-03-01 00:00:00-05:00,245.10000610351562,260.8659973144531,241.30999755859375,247.8300018310547,5707900,0.0,0.0
2022-03-02 00:00:00-05:00,253.25999450683594,257.5400085449219,242.11000061035156,254.41000366210938,2968400,0.0,0.0
2022-03-03 00:00:00-05:00,252.97999572753906,256.4100036621094,238.3800048828125,242.02999877929688,2799400,0.0,0.0
2022-03-04 00:00:00-05:00,242.36000061035156,244.0,223.0399932861328,225.5,3613100,0.0,0.0
2022-03-07 00:00:00-05:00,228.3699951171875,229.97000122070312,204.36000061035156,204.3699951171875,4379300,0.0,0.0
2022-03-08 00:00:00-05:00,203.5,203.9199981689453,190.1300048828125,198.6300048828125,4389600,0.0,0.0
2022-03-09 00:00:00-05:00,203.83999633789062,213.57000732421875,199.1199951171875,212.35000610351562,3050600,0.0,0.0
2022-03-10 00:00:00-05:00,212.1300048828125,213.50999450683594,204.8699951171875,208.41000366210938,2305100,0.0,0.0
2022-03-11 00:00:00-05:00,211.02000427246094,211.6699981689453,200.5,201.13999938964844,1893600,0.0,0.0
2022-03-14 00:00:00-04:00,200.0,203.5800018310547,186.0,189.52999877929688,2968400,0.0,0.0
2022-03-15 00:00:00-04:00,190.85000610351562,197.21499633789062,186.24000549316406,196.61000061035156,2215800,0.0,0.0
2022-03-16 00:00:00-04:00,200.60000610351562,208.8800048828125,195.1300048828125,207.02999877929688,3084200,0.0,0.0
2022-03-17 00:00:00-04:00,204.41000366210938,216.3300018310547,202.55999755859375,214.8300018310547,1865900,0.0,0.0
2022-03-18 00:00:00-04:00,213.80999755859375,224.75,212.1199951171875,222.7100067138672,5406800,0.0,0.0
2022-03-21 00:00:00-04:00,217.58999633789062,221.16000366210938,210.92799377441406,220.86000061035156,2374100,0.0,0.0
2022-03-22 00:00:00-04:00,219.6999969482422,234.86000061035156,218.75,232.38999938964844,2641700,0.0,0.0
2022-03-23 00:00:00-04:00,229.4600067138672,238.47000122070312,224.64999389648438,233.3800048828125,1880100,0.0,0.0
2022-03-24 00:00:00-04:00,233.3000030517578,236.11000061035156,226.13999938964844,235.7899932861328,1624900,0.0,0.0
2022-03-25 00:00:00-04:00,237.52000427246094,237.6199951171875,224.61000061035156,230.32000732421875,1899300,0.0,0.0
2022-03-28 00:00:00-04:00,231.60000610351562,239.36000061035156,229.75,237.92999267578125,2227200,0.0,0.0
2022-03-29 00:00:00-04:00,242.1699981689453,247.9499969482422,236.41000366210938,243.99000549316406,1878600,0.0,0.0
2022-03-30 00:00:00-04:00,242.41000366210938,247.24000549316406,237.39999389648438,239.89999389648438,1226600,0.0,0.0
2022-03-31 00:00:00-04:00,240.5500030517578,246.82000732421875,236.44000244140625,241.27999877929688,1705300,0.0,0.0
2022-04-01 00:00:00-04:00,240.0,253.35000610351562,240.0,246.2100067138672,2174100,0.0,0.0
2022-04-04 00:00:00-04:00,247.6699981689453,253.74000549316406,247.2100067138672,252.11000061035156,1279700,0.0,0.0
2022-04-05 00:00:00-04:00,251.0,252.0,235.55999755859375,238.61000061035156,2509300,0.0,0.0
2022-04-06 00:00:00-04:00,233.88999938964844,233.9499969482422,222.66000366210938,226.07000732421875,2143700,0.0,0.0
2022-04-07 00:00:00-04:00,224.63999938964844,239.9499969482422,224.4199981689453,231.9600067138672,2768500,0.0,0.0
2022-04-08 00:00:00-04:00,231.02999877929688,233.27999877929688,225.97000122070312,226.7899932861328,1271500,0.0,0.0
2022-04-11 00:00:00-04:00,223.7100067138672,228.25,220.24000549316406,224.32000732421875,1643200,0.0,0.0
2022-04-12 00:00:00-04:00,228.47999572753906,236.08999633789062,221.10000610351562,223.0,2014300,0.0,0.0
2022-04-13 00:00:00-04:00,225.13999938964844,243.5,222.3699951171875,241.22999572753906,3102600,0.0,0.0
2022-04-14 00:00:00-04:00,240.00999450683594,240.61000061035156,230.0,230.83999633789062,1729700,0.0,0.0
2022-04-18 00:00:00-04:00,228.07000732421875,229.32000732421875,219.36000061035156,223.57000732421875,1617700,0.0,0.0
2022-04-19 00:00:00-04:00,222.0,231.36000061035156,219.07000732421875,228.7899932861328,1143400,0.0,0.0
2022-04-20 00:00:00-04:00,230.39999389648438,230.86000061035156,219.36000061035156,221.7100067138672,1179400,0.0,0.0
2022-04-21 00:00:00-04:00,224.77000427246094,230.89999389648438,210.50999450683594,211.47000122070312,1958400,0.0,0.0
2022-04-22 00:00:00-04:00,211.99000549316406,215.5,204.91000366210938,206.47000122070312,1517200,0.0,0.0
2022-04-25 00:00:00-04:00,204.9199981689453,217.22000122070312,204.1199951171875,216.7899932861328,1836700,0.0,0.0
2022-04-26 00:00:00-04:00,215.5500030517578,215.5500030517578,207.0500030517578,207.30999755859375,1620600,0.0,0.0
2022-04-27 00:00:00-04:00,204.83999633789062,211.3000030517578,203.72999572753906,204.75999450683594,1461900,0.0,0.0
2022-04-28 00:00:00-04:00,208.89999389648438,215.74000549316406,202.66000366210938,213.58999633789062,1555800,0.0,0.0
2022-04-29 00:00:00-04:00,212.1199951171875,217.39999389648438,202.25999450683594,202.74000549316406,1912600,0.0,0.0
2022-05-02 00:00:00-04:00,201.30999755859375,208.5,200.00999450683594,208.22999572753906,1267000,0.0,0.0
2022-05-03 00:00:00-04:00,207.32000732421875,210.66000366210938,200.43899536132812,204.6999969482422,1263000,0.0,0.0
2022-05-04 00:00:00-04:00,205.33999633789062,209.36000061035156,192.72999572753906,208.92999267578125,2252500,0.0,0.0
2022-05-05 00:00:00-04:00,206.1999969482422,206.83999633789062,185.6999969482422,190.41000366210938,2497200,0.0,0.0
2022-05-06 00:00:00-04:00,186.8000030517578,186.8800048828125,171.91000366210938,172.94000244140625,3173000,0.0,0.0
2022-05-09 00:00:00-04:00,167.6300048828125,169.58999633789062,152.36500549316406,153.08999633789062,4232700,0.0,0.0
2022-05-10 00:00:00-04:00,159.13999938964844,161.7169952392578,143.82000732421875,150.2899932861328,3626400,0.0,0.0
2022-05-11 00:00:00-04:00,144.99000549316406,150.30999755859375,135.9600067138672,136.57000732421875,3949500,0.0,0.0
2022-05-12 00:00:00-04:00,132.33999633789062,144.60499572753906,127.62000274658203,137.6300048828125,4260100,0.0,0.0
2022-05-13 00:00:00-04:00,142.22999572753906,155.0399932861328,141.94000244140625,153.22999572753906,3011000,0.0,0.0
2022-05-16 00:00:00-04:00,149.8699951171875,152.9199981689453,139.72999572753906,140.0800018310547,2391100,0.0,0.0
2022-05-17 00:00:00-04:00,145.19000244140625,147.4600067138672,137.02000427246094,141.77999877929688,2824000,0.0,0.0
2022-05-18 00:00:00-04:00,138.5500030517578,140.48500061035156,125.12000274658203,128.08999633789062,3788200,0.0,0.0
2022-05-19 00:00:00-04:00,126.72000122070312,137.0,125.80000305175781,132.3000030517578,3104100,0.0,0.0
2022-05-20 00:00:00-04:00,139.42999267578125,144.89999389648438,131.91000366210938,136.88999938964844,3807000,0.0,0.0
2022-05-23 00:00:00-04:00,135.9600067138672,138.38999938964844,130.39999389648438,138.1699981689453,2635400,0.0,0.0
2022-05-24 00:00:00-04:00,136.00999450683594,136.00999450683594,125.9000015258789,127.80999755859375,2539000,0.0,0.0
2022-05-25 00:00:00-04:00,127.79000091552734,134.58999633789062,126.56999969482422,132.5800018310547,2476000,0.0,0.0
2022-05-26 00:00:00-04:00,130.55999755859375,145.7899932861328,129.92999267578125,142.1300048828125,5940400,0.0,0.0
2022-05-27 00:00:00-04:00,156.4600067138672,162.63999938964844,150.22000122070312,160.0,6763600,0.0,0.0
2022-05-31 00:00:00-04:00,160.5,161.07000732421875,151.0500030517578,153.08999633789062,3645300,0.0,0.0
2022-06-01 00:00:00-04:00,155.17999267578125,158.2899932861328,146.16000366210938,148.94000244140625,2213000,0.0,0.0
2022-06-02 00:00:00-04:00,148.89999389648438,161.08999633789062,148.27000427246094,160.83999633789062,3603900,0.0,0.0
2022-06-03 00:00:00-04:00,157.52000427246094,163.35000610351562,154.6199951171875,156.92999267578125,2420000,0.0,0.0
2022-06-06 00:00:00-04:00,160.41000366210938,162.85499572753906,154.50999450683594,158.57000732421875,2028200,0.0,0.0
2022-06-07 00:00:00-04:00,155.5,164.9600067138672,155.1999969482422,162.80999755859375,1613900,0.0,0.0
2022-06-08 00:00:00-04:00,162.0,169.8699951171875,162.0,165.57000732421875,2280900,0.0,0.0
2022-06-09 00:00:00-04:00,163.91000366210938,167.2899932861328,159.1999969482422,160.4199981689453,1968800,0.0,0.0
2022-06-10 00:00:00-04:00,155.5,158.6300048828125,150.39999389648438,153.61000061035156,2228200,0.0,0.0
2022-06-13 00:00:00-04:00,146.0,149.36000061035156,139.77999877929688,140.97999572753906,2306800,0.0,0.0
2022-06-14 00:00:00-04:00,142.3300018310547,146.44400024414062,139.80999755859375,142.11000061035156,1545700,0.0,0.0
2022-06-15 00:00:00-04:00,145.2899932861328,151.17999267578125,143.49000549316406,148.25,1427400,0.0,0.0
2022-06-16 00:00:00-04:00,141.60000610351562,142.76499938964844,133.31500244140625,136.02999877929688,2679500,0.0,0.0
2022-06-17 00:00:00-04:00,138.1999969482422,145.83999633789062,137.13999938964844,144.22000122070312,3506000,0.0,0.0
2022-06-21 00:00:00-04:00,146.5,153.85000610351562,146.5,150.25,2091700,0.0,0.0
2022-06-22 00:00:00-04:00,147.83999633789062,155.0,147.1009979248047,149.11000061035156,2191700,0.0,0.0
2022-06-23 00:00:00-04:00,151.6199951171875,164.18499755859375,149.9199981689453,162.75999450683594,3006500,0.0,0.0
2022-06-24 00:00:00-04:00,165.89999389648438,171.9600067138672,163.49000549316406,170.82000732421875,3083000,0.0,0.0
2022-06-27 00:00:00-04:00,170.0,171.74000549316406,163.0,164.22999572753906,1896400,0.0,0.0
2022-06-28 00:00:00-04:00,163.5500030517578,166.52000427246094,153.3300018310547,154.9199981689453,2141100,0.0,0.0
2022-06-29 00:00:00-04:00,153.67999267578125,156.14999389648438,150.89999389648438,154.9499969482422,1796800,0.0,0.0
2022-06-30 00:00:00-04:00,154.36000061035156,154.38499450683594,145.8000030517578,149.50999450683594,2472400,0.0,0.0
2022-07-01 00:00:00-04:00,149.64999389648438,157.5500030517578,147.39999389648438,155.3699951171875,1838700,0.0,0.0
2022-07-05 00:00:00-04:00,154.69000244140625,167.02000427246094,151.61000061035156,166.30999755859375,2763800,0.0,0.0
2022-07-06 00:00:00-04:00,165.86000061035156,167.8800048828125,161.4459991455078,163.75,1502600,0.0,0.0
2022-07-07 00:00:00-04:00,163.02999877929688,168.74000549316406,162.91000366210938,167.42999267578125,1876200,0.0,0.0
2022-07-08 00:00:00-04:00,164.0,170.2449951171875,161.6300048828125,166.88999938964844,1473900,0.0,0.0
2022-07-11 00:00:00-04:00,165.14999389648438,165.49000549316406,157.50999450683594,162.4199981689453,1726700,0.0,0.0
2022-07-12 00:00:00-04:00,163.9600067138672,168.67999267578125,148.49000549316406,150.9199981689453,3581600,0.0,0.0
2022-07-13 00:00:00-04:00,146.65199279785156,153.6999969482422,144.07000732421875,148.9499969482422,1562200,0.0,0.0
2022-07-14 00:00:00-04:00,148.11000061035156,148.9499969482422,143.2899932861328,146.05999755859375,1701300,0.0,0.0
2022-07-15 00:00:00-04:00,147.16000366210938,149.92300415039062,145.3699951171875,149.32000732421875,1600900,0.0,0.0
2022-07-18 00:00:00-04:00,153.6699981689453,157.39999389648438,150.0449981689453,150.82000732421875,2301300,0.0,0.0
2022-07-19 00:00:00-04:00,153.47999572753906,156.05999755859375,148.88999938964844,155.83999633789062,1325600,0.0,0.0
2022-07-20 00:00:00-04:00,156.6699981689453,165.85000610351562,156.0,162.9499969482422,1990400,0.0,0.0
2022-07-21 00:00:00-04:00,163.00999450683594,166.38999938964844,159.07000732421875,164.63999938964844,1321300,0.0,0.0
2022-07-22 00:00:00-04:00,165.1300048828125,168.5,158.5399932861328,159.92999267578125,1057900,0.0,0.0
2022-07-25 00:00:00-04:00,157.99000549316406,158.88999938964844,154.11000061035156,156.08999633789062,1265800,0.0,0.0
2022-07-26 00:00:00-04:00,149.4499969482422,151.1199951171875,140.72000122070312,141.9499969482422,3747800,0.0,0.0
2022-07-27 00:00:00-04:00,144.49000549316406,150.88999938964844,141.97999572753906,148.7100067138672,2139900,0.0,0.0
2022-07-28 00:00:00-04:00,149.0500030517578,154.60000610351562,144.3300018310547,153.05999755859375,2279100,0.0,0.0
2022-07-29 00:00:00-04:00,154.13999938964844,155.36000061035156,150.49000549316406,155.05999755859375,1624100,0.0,0.0
2022-08-01 00:00:00-04:00,152.0,157.41000366210938,149.0800018310547,153.5,1723000,0.0,0.0
2022-08-02 00:00:00-04:00,150.4499969482422,160.42999267578125,150.3000030517578,157.77999877929688,1825700,0.0,0.0
2022-08-03 00:00:00-04:00,160.0,165.52000427246094,159.6699981689453,165.2899932861328,2057300,0.0,0.0
2022-08-04 00:00:00-04:00,162.1300048828125,164.24000549316406,156.75,161.99000549316406,2942400,0.0,0.0
2022-08-05 00:00:00-04:00,158.61000061035156,164.5,157.85000610351562,163.4199981689453,1632800,0.0,0.0
2022-08-08 00:00:00-04:00,164.77999877929688,176.22000122070312,163.4199981689453,168.14999389648438,2234000,0.0,0.0
2022-08-09 00:00:00-04:00,166.32000732421875,167.61500549316406,161.35000610351562,163.41000366210938,1072000,0.0,0.0
2022-08-10 00:00:00-04:00,171.3800048828125,181.99000549316406,171.36700439453125,180.41000366210938,3303200,0.0,0.0
2022-08-11 00:00:00-04:00,184.25,188.05999755859375,178.17999267578125,178.7100067138672,2574800,0.0,0.0
2022-08-12 00:00:00-04:00,182.17999267578125,184.27999877929688,179.3350067138672,182.63999938964844,1667700,0.0,0.0
2022-08-15 00:00:00-04:00,180.32000732421875,183.42999267578125,177.5399932861328,181.7100067138672,1131400,0.0,0.0
2022-08-16 00:00:00-04:00,179.1199951171875,181.36000061035156,173.89999389648438,178.60000610351562,1512700,0.0,0.0
2022-08-17 00:00:00-04:00,175.0,176.35499572753906,171.61000061035156,174.35000610351562,1583500,0.0,0.0
2022-08-18 00:00:00-04:00,175.00999450683594,176.72000122070312,172.86000061035156,175.30999755859375,1141000,0.0,0.0
2022-08-19 00:00:00-04:00,172.82000732421875,172.82000732421875,163.3300018310547,166.22000122070312,2554700,0.0,0.0
2022-08-22 00:00:00-04:00,162.41000366210938,165.7100067138672,159.7050018310547,163.0,1771800,0.0,0.0
2022-08-23 00:00:00-04:00,167.80999755859375,172.25,164.64999389648438,165.35000610351562,2384700,0.0,0.0
2022-08-24 00:00:00-04:00,165.61000061035156,167.0800018310547,163.90699768066406,165.64999389648438,1153200,0.0,0.0
2022-08-25 00:00:00-04:00,169.3800048828125,169.4250030517578,164.8000030517578,167.72000122070312,1657800,0.0,0.0
2022-08-26 00:00:00-04:00,167.52000427246094,168.35499572753906,160.4600067138672,161.19000244140625,1983700,0.0,0.0
2022-08-29 00:00:00-04:00,158.32000732421875,162.66000366210938,157.00100708007812,158.52999877929688,1215600,0.0,0.0
2022-08-30 00:00:00-04:00,160.25,162.75,156.17999267578125,160.8800048828125,1778100,0.0,0.0
2022-08-31 00:00:00-04:00,163.69000244140625,168.2899932861328,158.33999633789062,159.24000549316406,1792400,0.0,0.0
2022-09-01 00:00:00-04:00,156.1300048828125,156.1300048828125,142.66000366210938,145.57000732421875,2846900,0.0,0.0
2022-09-02 00:00:00-04:00,148.22999572753906,150.15899658203125,143.75,145.1199951171875,1982100,0.0,0.0
2022-09-06 00:00:00-04:00,144.72000122070312,146.0,142.11000061035156,145.02999877929688,1840500,0.0,0.0
2022-09-07 00:00:00-04:00,146.25,148.2899932861328,142.05999755859375,147.7100067138672,2254300,0.0,0.0
2022-09-08 00:00:00-04:00,145.52999877929688,154.5500030517578,145.5,154.25,4145100,0.0,0.0
2022-09-09 00:00:00-04:00,174.9499969482422,188.7899932861328,173.08999633789062,188.0,11398000,0.0,0.0
2022-09-12 00:00:00-04:00,188.50999450683594,194.2100067138672,185.7100067138672,193.60000610351562,5398500,0.0,0.0
2022-09-13 00:00:00-04:00,185.3000030517578,188.6999969482422,179.75,181.22000122070312,4251900,0.0,0.0
2022-09-14 00:00:00-04:00,182.14999389648438,183.77999877929688,177.61000061035156,182.97999572753906,2408900,0.0,0.0
2022-09-15 00:00:00-04:00,179.2100067138672,182.78799438476562,174.83999633789062,175.99000549316406,2584000,0.0,0.0
2022-09-16 00:00:00-04:00,171.64999389648438,172.74000549316406,165.11000061035156,169.49000549316406,6490200,0.0,0.0
2022-09-19 00:00:00-04:00,167.0,175.3699951171875,166.50999450683594,174.57000732421875,2591700,0.0,0.0
2022-09-20 00:00:00-04:00,173.52999877929688,177.75999450683594,171.6999969482422,172.67999267578125,2170400,0.0,0.0
2022-09-21 00:00:00-04:00,173.02000427246094,179.88999938964844,171.74000549316406,171.8800048828125,1901800,0.0,0.0
2022-09-22 00:00:00-04:00,171.14999389648438,173.66000366210938,162.5,162.55999755859375,2068700,0.0,0.0
2022-09-23 00:00:00-04:00,160.25999450683594,162.55999755859375,156.05999755859375,158.69000244140625,1987900,0.0,0.0
2022-09-26 00:00:00-04:00,158.77999877929688,164.3800048828125,158.77999877929688,159.75999450683594,1628700,0.0,0.0
2022-09-27 00:00:00-04:00,163.91000366210938,166.39999389648438,159.99000549316406,163.2100067138672,1718300,0.0,0.0
2022-09-28 00:00:00-04:00,164.0,169.5399932861328,162.63499450683594,168.77999877929688,1723100,0.0,0.0
2022-09-29 00:00:00-04:00,164.67999267578125,167.77999877929688,162.6999969482422,165.88999938964844,1422800,0.0,0.0
2022-09-30 00:00:00-04:00,166.55999755859375,171.52999877929688,164.1300048828125,164.3699951171875,1339200,0.0,0.0
2022-10-03 00:00:00-04:00,165.05499267578125,171.91000366210938,163.2100067138672,170.50999450683594,2364300,0.0,0.0
2022-10-04 00:00:00-04:00,175.76800537109375,178.74000549316406,174.2899932861328,176.0,1683700,0.0,0.0
2022-10-05 00:00:00-04:00,171.99000549316406,181.94000244140625,171.61000061035156,180.14999389648438,1552500,0.0,0.0
2022-10-06 00:00:00-04:00,181.17999267578125,185.99000549316406,180.6999969482422,182.9199981689453,2059900,0.0,0.0
2022-10-07 00:00:00-04:00,178.0,179.7449951171875,169.8300018310547,170.08999633789062,2536100,0.0,0.0
2022-10-10 00:00:00-04:00,169.49000549316406,170.3260040283203,154.1439971923828,157.17999267578125,3376600,0.0,0.0
2022-10-11 00:00:00-04:00,151.49000549316406,153.91000366210938,145.22999572753906,148.72999572753906,4441300,0.0,0.0
2022-10-12 00:00:00-04:00,148.8300018310547,149.42999267578125,143.50999450683594,147.6300048828125,2369200,0.0,0.0
2022-10-13 00:00:00-04:00,141.27999877929688,146.6999969482422,136.99000549316406,145.1300048828125,3135200,0.0,0.0
2022-10-14 00:00:00-04:00,148.10000610351562,148.72000122070312,134.44000244140625,135.30999755859375,2982700,0.0,0.0
2022-10-17 00:00:00-04:00,141.1300048828125,146.58999633789062,138.92999267578125,145.27999877929688,2595000,0.0,0.0
2022-10-18 00:00:00-04:00,151.10000610351562,152.5,146.67999267578125,149.69000244140625,2059400,0.0,0.0
2022-10-19 00:00:00-04:00,147.91000366210938,151.2100067138672,146.0,148.77000427246094,1594500,0.0,0.0
2022-10-20 00:00:00-04:00,149.27999877929688,154.8800048828125,148.8489990234375,150.22999572753906,1709500,0.0,0.0
2022-10-21 00:00:00-04:00,148.97999572753906,150.9199981689453,142.7100067138672,150.47999572753906,2140900,0.0,0.0
2022-10-24 00:00:00-04:00,151.36000061035156,151.4600067138672,144.3000030517578,148.6699981689453,1375200,0.0,0.0
2022-10-25 00:00:00-04:00,150.6199951171875,157.5800018310547,150.6199951171875,157.08999633789062,1928300,0.0,0.0
2022-10-26 00:00:00-04:00,151.4499969482422,158.6790008544922,149.2100067138672,151.02999877929688,1865900,0.0,0.0
2022-10-27 00:00:00-04:00,153.2899932861328,156.90499877929688,151.16000366210938,153.77000427246094,1447800,0.0,0.0
2022-10-28 00:00:00-04:00,152.85000610351562,155.0,148.27999877929688,153.9600067138672,1230000,0.0,0.0
2022-10-31 00:00:00-04:00,152.72999572753906,156.58999633789062,151.35000610351562,154.10000610351562,1125300,0.0,0.0
2022-11-01 00:00:00-04:00,159.0,159.5500030517578,149.11000061035156,150.38999938964844,1935900,0.0,0.0
2022-11-02 00:00:00-04:00,149.99000549316406,150.03500366210938,137.85000610351562,138.08999633789062,2763200,0.0,0.0
2022-11-03 00:00:00-04:00,135.3800048828125,135.60000610351562,129.3699951171875,131.07000732421875,3009800,0.0,0.0
2022-11-04 00:00:00-04:00,132.0,132.63999938964844,117.41000366210938,121.0,4324200,0.0,0.0
2022-11-07 00:00:00-05:00,121.58999633789062,122.62000274658203,115.61000061035156,117.36000061035156,3390600,0.0,0.0
2022-11-08 00:00:00-05:00,119.70999908447266,123.18599700927734,114.7699966430664,119.93000030517578,2239500,0.0,0.0
2022-11-09 00:00:00-05:00,117.55000305175781,118.51599884033203,114.20999908447266,116.25,2388200,0.0,0.0
2022-11-10 00:00:00-05:00,126.5999984741211,133.30999755859375,125.5999984741211,133.1199951171875,3476900,0.0,0.0
2022-11-11 00:00:00-05:00,134.7899932861328,143.3800048828125,132.13999938964844,142.19000244140625,2900100,0.0,0.0
2022-11-14 00:00:00-05:00,140.49000549316406,141.94000244140625,132.5,136.85000610351562,2066400,0.0,0.0
2022-11-15 00:00:00-05:00,143.75,151.72999572753906,143.4199981689453,147.25999450683594,3075400,0.0,0.0
2022-11-16 00:00:00-05:00,144.66000366210938,146.13999938964844,139.375,140.35000610351562,1545200,0.0,0.0
2022-11-17 00:00:00-05:00,134.6300048828125,139.47000122070312,133.6300048828125,136.75,1751500,0.0,0.0
2022-11-18 00:00:00-05:00,142.99000549316406,142.99000549316406,137.02000427246094,138.72999572753906,1736500,0.0,0.0
2022-11-21 00:00:00-05:00,136.8800048828125,139.39999389648438,134.89500427246094,135.9199981689453,1242000,0.0,0.0
2022-11-22 00:00:00-05:00,134.67999267578125,137.3300018310547,131.60000610351562,136.75999450683594,1203000,0.0,0.0
2022-11-23 00:00:00-05:00,137.39999389648438,141.10000610351562,133.7899932861328,140.0800018310547,1349400,0.0,0.0
2022-11-25 00:00:00-05:00,138.42999267578125,139.46299743652344,136.36000061035156,138.75,603300,0.0,0.0
2022-11-28 00:00:00-05:00,137.6199951171875,139.38999938964844,135.4199981689453,136.72000122070312,1515000,0.0,0.0
2022-11-29 00:00:00-05:00,136.64999389648438,137.55999755859375,133.61000061035156,134.85000610351562,1906300,0.0,0.0
2022-11-30 00:00:00-05:00,126.98999786376953,133.52999877929688,122.12999725341797,133.4499969482422,5204100,0.0,0.0
2022-12-01 00:00:00-05:00,135.63999938964844,144.8699951171875,134.50999450683594,144.5,7077700,0.0,0.0
2022-12-02 00:00:00-05:00,127.29000091552734,132.6199951171875,126.4000015258789,128.99000549316406,9665100,0.0,0.0
2022-12-05 00:00:00-05:00,128.69000244140625,130.97999572753906,119.0,120.79000091552734,4946600,0.0,0.0
2022-12-06 00:00:00-05:00,121.5,121.95999908447266,115.3499984741211,115.97000122070312,3230700,0.0,0.0
2022-12-07 00:00:00-05:00,115.97000122070312,117.0,111.4749984741211,114.23999786376953,3162600,0.0,0.0
2022-12-08 00:00:00-05:00,114.30999755859375,119.61000061035156,112.22000122070312,119.52999877929688,2577300,0.0,0.0
2022-12-09 00:00:00-05:00,118.27999877929688,120.37999725341797,116.80000305175781,117.20999908447266,1678800,0.0,0.0
2022-12-12 00:00:00-05:00,117.62000274658203,122.25,117.62000274658203,121.23999786376953,1957000,0.0,0.0
2022-12-13 00:00:00-05:00,128.4199981689453,129.8699951171875,120.8499984741211,123.76000213623047,2602300,0.0,0.0
2022-12-14 00:00:00-05:00,123.29000091552734,126.91000366210938,121.3949966430664,123.13999938964844,1959300,0.0,0.0
2022-12-15 00:00:00-05:00,120.0,124.4800033569336,117.12000274658203,117.16999816894531,2578400,0.0,0.0
2022-12-16 00:00:00-05:00,115.51000213623047,117.16000366210938,112.55000305175781,114.20999908447266,3000200,0.0,0.0
2022-12-19 00:00:00-05:00,113.41000366210938,113.95999908447266,110.45999908447266,112.2699966430664,2202900,0.0,0.0
2022-12-20 00:00:00-05:00,110.81999969482422,113.97000122070312,109.4000015258789,113.54000091552734,1692700,0.0,0.0
2022-12-21 00:00:00-05:00,112.9000015258789,114.47000122070312,108.58999633789062,112.7699966430664,2337300,0.0,0.0
2022-12-22 00:00:00-05:00,110.0,110.94999694824219,107.11000061035156,109.36000061035156,1859400,0.0,0.0
2022-12-23 00:00:00-05:00,108.05000305175781,109.11000061035156,106.23999786376953,108.77999877929688,1467700,0.0,0.0
2022-12-27 00:00:00-05:00,107.33999633789062,109.33999633789062,105.9000015258789,107.56999969482422,1689200,0.0,0.0
2022-12-28 00:00:00-05:00,107.8499984741211,109.83000183105469,105.73999786376953,107.86000061035156,1749200,0.0,0.0
2022-12-29 00:00:00-05:00,109.3499984741211,112.80999755859375,108.0,111.87000274658203,1773600,0.0,0.0
2022-12-30 00:00:00-05:00,109.83000183105469,112.19000244140625,109.4000015258789,111.9000015258789,1556400,0.0,0.0
2023-01-03 00:00:00-05:00,114.72000122070312,116.66999816894531,108.18000030517578,110.19000244140625,2510900,0.0,0.0
2023-01-04 00:00:00-05:00,111.93000030517578,114.08000183105469,108.93000030517578,111.58999633789062,1617000,0.0,0.0
2023-01-05 00:00:00-05:00,109.41999816894531,109.96499633789062,104.0,104.38999938964844,3931100,0.0,0.0
2023-01-06 00:00:00-05:00,105.22000122070312,105.36499786376953,100.95999908447266,103.95999908447266,2613100,0.0,0.0
2023-01-09 00:00:00-05:00,106.11000061035156,109.68599700927734,104.5,104.75,2961300,0.0,0.0
2023-01-10 00:00:00-05:00,102.47000122070312,105.58000183105469,101.0999984741211,104.97000122070312,2912500,0.0,0.0
2023-01-11 00:00:00-05:00,105.55999755859375,108.30000305175781,103.4000015258789,108.05000305175781,2376800,0.0,0.0
2023-01-12 00:00:00-05:00,103.7300033569336,105.08000183105469,99.63999938964844,104.66000366210938,5220700,0.0,0.0
2023-01-13 00:00:00-05:00,102.61000061035156,107.58999633789062,102.61000061035156,107.30000305175781,3053700,0.0,0.0
2023-01-17 00:00:00-05:00,105.19000244140625,115.01000213623047,104.33999633789062,113.51000213623047,4049800,0.0,0.0
2023-01-18 00:00:00-05:00,115.41000366210938,118.88999938964844,112.6449966430664,113.02999877929688,3122800,0.0,0.0
2023-01-19 00:00:00-05:00,111.20999908447266,112.98999786376953,108.69999694824219,110.37000274658203,1896900,0.0,0.0
2023-01-20 00:00:00-05:00,111.25,117.26000213623047,110.4000015258789,117.12000274658203,2579400,0.0,0.0
2023-01-23 00:00:00-05:00,117.70999908447266,124.44000244140625,117.27999877929688,123.76000213623047,2922900,0.0,0.0
2023-01-24 00:00:00-05:00,122.0199966430664,126.42500305175781,121.80000305175781,122.6500015258789,1382500,0.0,0.0
2023-01-25 00:00:00-05:00,119.66000366210938,120.12000274658203,114.37000274658203,119.91000366210938,2570200,0.0,0.0
2023-01-26 00:00:00-05:00,122.91000366210938,125.27999877929688,120.63999938964844,125.19000244140625,2301100,0.0,0.0
2023-01-27 00:00:00-05:00,123.87000274658203,128.9250030517578,123.06999969482422,127.5199966430664,2962800,0.0,0.0
2023-01-30 00:00:00-05:00,125.12999725341797,126.06999969482422,122.4000015258789,122.5999984741211,2607900,0.0,0.0
2023-01-31 00:00:00-05:00,122.7300033569336,124.91999816894531,121.47000122070312,124.16000366210938,2087800,0.0,0.0
2023-02-01 00:00:00-05:00,125.05000305175781,131.91000366210938,123.91000366210938,131.52000427246094,2453400,0.0,0.0
2023-02-02 00:00:00-05:00,136.2100067138672,142.41000366210938,135.85000610351562,141.35000610351562,3471700,0.0,0.0
2023-02-03 00:00:00-05:00,135.8000030517578,138.80999755859375,133.13999938964844,134.99000549316406,3066900,0.0,0.0
2023-02-06 00:00:00-05:00,133.11199951171875,137.10000610351562,132.38999938964844,133.0500030517578,2014400,0.0,0.0
2023-02-07 00:00:00-05:00,132.80999755859375,138.5030059814453,130.36000061035156,138.05999755859375,1935800,0.0,0.0
2023-02-08 00:00:00-05:00,142.57000732421875,143.6300048828125,137.4600067138672,137.6300048828125,1695100,0.0,0.0
2023-02-09 00:00:00-05:00,140.10000610351562,143.35000610351562,139.00999450683594,139.05999755859375,2238400,0.0,0.0
2023-02-10 00:00:00-05:00,136.55999755859375,137.4149932861328,131.92999267578125,133.8699951171875,1862000,0.0,0.0
2023-02-13 00:00:00-05:00,134.6699981689453,135.41000366210938,131.07000732421875,133.8699951171875,1349600,0.0,0.0
2023-02-14 00:00:00-05:00,132.22999572753906,138.5,131.07000732421875,136.19000244140625,1563300,0.0,0.0
2023-02-15 00:00:00-05:00,136.57000732421875,143.02000427246094,136.25,142.77000427246094,1770200,0.0,0.0
2023-02-16 00:00:00-05:00,138.10000610351562,138.5050048828125,132.89999389648438,132.92999267578125,3620400,0.0,0.0
2023-02-17 00:00:00-05:00,132.0399932861328,132.5,127.9000015258789,132.35000610351562,2066200,0.0,0.0
2023-02-21 00:00:00-05:00,130.2100067138672,131.35000610351562,127.34200286865234,127.83999633789062,1502200,0.0,0.0
2023-02-22 00:00:00-05:00,131.10000610351562,133.4499969482422,129.60000610351562,132.16000366210938,1886000,0.0,0.0
2023-02-23 00:00:00-05:00,134.0,134.4250030517578,130.7100067138672,133.5,1437000,0.0,0.0
2023-02-24 00:00:00-05:00,130.0800018310547,132.49000549316406,129.55999755859375,130.8800048828125,1659300,0.0,0.0
2023-02-27 00:00:00-05:00,133.1199951171875,135.16000366210938,131.47999572753906,131.83999633789062,1294700,0.0,0.0
2023-02-28 00:00:00-05:00,131.16000366210938,133.16000366210938,130.0,131.14999389648438,2240300,0.0,0.0
2023-03-01 00:00:00-05:00,131.14999389648438,131.6999969482422,126.5,128.44000244140625,1756400,0.0,0.0
2023-03-02 00:00:00-05:00,129.92999267578125,134.74000549316406,128.9199981689453,134.1300048828125,5529000,0.0,0.0
2023-03-03 00:00:00-05:00,119.5,122.47000122070312,116.5999984741211,119.23999786376953,12153800,0.0,0.0
2023-03-06 00:00:00-05:00,120.69000244140625,125.75,119.51000213623047,119.80999755859375,5783600,0.0,0.0
2023-03-07 00:00:00-05:00,119.69999694824219,122.16999816894531,117.37999725341797,117.87999725341797,3749300,0.0,0.0
2023-03-08 00:00:00-05:00,117.02999877929688,118.69000244140625,113.86000061035156,114.94999694824219,3398100,0.0,0.0
2023-03-09 00:00:00-05:00,114.29000091552734,117.18000030517578,110.22000122070312,110.44999694824219,3317900,0.0,0.0
2023-03-10 00:00:00-05:00,110.0,110.8499984741211,104.36000061035156,105.44999694824219,3647900,0.0,0.0
2023-03-13 00:00:00-04:00,105.55000305175781,111.51000213623047,103.54000091552734,109.86000061035156,3334400,0.0,0.0
2023-03-14 00:00:00-04:00,111.5199966430664,111.75,107.0,107.97000122070312,2693300,0.0,0.0
2023-03-15 00:00:00-04:00,107.22000122070312,108.25,105.13999938964844,107.66999816894531,2287700,0.0,0.0
2023-03-16 00:00:00-04:00,106.3499984741211,108.58999633789062,105.33000183105469,108.12999725341797,2997100,0.0,0.0
2023-03-17 00:00:00-04:00,107.7699966430664,108.27999877929688,104.24199676513672,105.48999786376953,2705600,0.0,0.0
2023-03-20 00:00:00-04:00,104.62000274658203,105.86000061035156,102.62000274658203,105.45999908447266,2194700,0.0,0.0
2023-03-21 00:00:00-04:00,105.94999694824219,114.19000244140625,105.94999694824219,113.0199966430664,3787900,0.0,0.0
2023-03-22 00:00:00-04:00,113.0199966430664,113.76000213623047,108.80000305175781,108.86000061035156,2009200,0.0,0.0
2023-03-23 00:00:00-04:00,111.0999984741211,113.73999786376953,110.28299713134766,112.55999755859375,1836100,0.0,0.0
2023-03-24 00:00:00-04:00,112.16999816894531,113.05999755859375,110.52999877929688,111.93000030517578,1788200,0.0,0.0
2023-03-27 00:00:00-04:00,113.16000366210938,115.0,111.5999984741211,111.87000274658203,1715000,0.0,0.0
2023-03-28 00:00:00-04:00,111.76000213623047,112.71499633789062,109.38999938964844,110.25,1327700,0.0,0.0
2023-03-29 00:00:00-04:00,111.80999755859375,112.0199966430664,108.75,110.69999694824219,1923800,0.0,0.0
2023-03-30 00:00:00-04:00,112.9000015258789,113.81999969482422,110.81999969482422,112.22000122070312,1282800,0.0,0.0
2023-03-31 00:00:00-04:00,112.9000015258789,117.77999877929688,112.4800033569336,116.83000183105469,1896300,0.0,0.0
2023-04-03 00:00:00-04:00,115.61000061035156,116.13999938964844,112.08000183105469,112.9000015258789,1865600,0.0,0.0
2023-04-04 00:00:00-04:00,113.12999725341797,113.30999755859375,109.95999908447266,110.51000213623047,2289700,0.0,0.0
2023-04-05 00:00:00-04:00,108.5,108.5,99.91000366210938,101.30000305175781,5590200,0.0,0.0
2023-04-06 00:00:00-04:00,100.66000366210938,103.91999816894531,98.70999908447266,103.73999786376953,2865900,0.0,0.0
2023-04-10 00:00:00-04:00,102.45999908447266,106.70800018310547,100.08100128173828,104.94999694824219,2559200,0.0,0.0
2023-04-11 00:00:00-04:00,104.33000183105469,106.03500366210938,103.77899932861328,105.95999908447266,2153300,0.0,0.0
2023-04-12 00:00:00-04:00,108.20999908447266,108.76000213623047,104.79000091552734,105.87000274658203,2993100,0.0,0.0
2023-04-13 00:00:00-04:00,107.01000213623047,109.9000015258789,107.01000213623047,107.38999938964844,2108100,0.0,0.0
2023-04-14 00:00:00-04:00,106.0999984741211,107.0,103.677001953125,105.44999694824219,2260200,0.0,0.0
2023-04-17 00:00:00-04:00,105.48999786376953,105.80000305175781,103.16000366210938,105.58999633789062,1653700,0.0,0.0
2023-04-18 00:00:00-04:00,107.12000274658203,107.37000274658203,103.44000244140625,103.55999755859375,2108100,0.0,0.0
2023-04-19 00:00:00-04:00,102.0,103.83000183105469,101.55999755859375,102.95999908447266,1694200,0.0,0.0
2023-04-20 00:00:00-04:00,101.33999633789062,101.9000015258789,99.75,100.48999786376953,2630400,0.0,0.0
2023-04-21 00:00:00-04:00,100.6500015258789,102.25,99.52100372314453,101.70999908447266,1977100,0.0,0.0
2023-04-24 00:00:00-04:00,101.81999969482422,102.76499938964844,99.29000091552734,100.66000366210938,1691600,0.0,0.0
2023-04-25 00:00:00-04:00,98.0999984741211,98.23999786376953,92.2699966430664,92.31999969482422,4814500,0.0,0.0
2023-04-26 00:00:00-04:00,93.7300033569336,94.94999694824219,92.58000183105469,93.06999969482422,2294000,0.0,0.0
2023-04-27 00:00:00-04:00,94.19999694824219,94.66999816894531,92.36000061035156,93.41999816894531,2011400,0.0,0.0
2023-04-28 00:00:00-04:00,91.16999816894531,92.37000274658203,87.77999877929688,90.0999984741211,4304300,0.0,0.0
2023-05-01 00:00:00-04:00,89.4800033569336,89.4800033569336,87.3499984741211,88.73999786376953,3218400,0.0,0.0
2023-05-02 00:00:00-04:00,86.5999984741211,88.37999725341797,84.93000030517578,87.0,5006600,0.0,0.0
2023-05-03 00:00:00-04:00,86.52999877929688,88.5,85.69999694824219,87.37000274658203,2743400,0.0,0.0
2023-05-04 00:00:00-04:00,88.0999984741211,89.20999908447266,86.92500305175781,87.73999786376953,2006500,0.0,0.0
2023-05-05 00:00:00-04:00,89.0199966430664,91.61000061035156,89.0,89.45999908447266,3333800,0.0,0.0
2023-05-08 00:00:00-04:00,107.48999786376953,109.9000015258789,103.62000274658203,107.91999816894531,14225300,0.0,0.0
2023-05-09 00:00:00-04:00,108.79000091552734,114.44999694824219,108.31999969482422,110.04499816894531,6070300,0.0,0.0
2023-05-10 00:00:00-04:00,111.55999755859375,119.70999908447266,111.2699966430664,116.79000091552734,6938600,0.0,0.0
2023-05-11 00:00:00-04:00,117.54000091552734,118.83999633789062,114.25,115.41999816894531,3060400,0.0,0.0
2023-05-12 00:00:00-04:00,114.91999816894531,116.8499984741211,113.16000366210938,114.33000183105469,2430100,0.0,0.0
2023-05-15 00:00:00-04:00,114.5999984741211,121.79000091552734,114.5,120.80999755859375,3947600,0.0,0.0
2023-05-16 00:00:00-04:00,119.77999877929688,120.62999725341797,118.30999755859375,118.3499984741211,2030400,0.0,0.0
2023-05-17 00:00:00-04:00,119.06999969482422,119.18499755859375,116.875,118.7699966430664,2315600,0.0,0.0
2023-05-18 00:00:00-04:00,118.91000366210938,124.1500015258789,118.16200256347656,123.95999908447266,2447300,0.0,0.0
2023-05-19 00:00:00-04:00,123.94000244140625,126.66999816894531,123.5,125.2699966430664,2475500,0.0,0.0
2023-05-22 00:00:00-04:00,125.55000305175781,130.8699951171875,125.13999938964844,128.86000061035156,2513900,0.0,0.0
2023-05-23 00:00:00-04:00,127.5,130.0,124.38999938964844,124.47000122070312,2988200,0.0,0.0
2023-05-24 00:00:00-04:00,124.0999984741211,128.18499755859375,123.20999908447266,126.52999877929688,2704500,0.0,0.0
2023-05-25 00:00:00-04:00,128.00999450683594,128.55999755859375,125.24500274658203,126.69000244140625,1899600,0.0,0.0
2023-05-26 00:00:00-04:00,126.76000213623047,134.82000732421875,126.01000213623047,130.6199951171875,2740100,0.0,0.0
2023-05-30 00:00:00-04:00,134.55999755859375,137.64999389648438,133.52000427246094,134.72000122070312,2669700,0.0,0.0
2023-05-31 00:00:00-04:00,133.72999572753906,136.00999450683594,131.57000732421875,135.47999572753906,4069900,0.0,0.0
2023-06-01 00:00:00-04:00,131.9199981689453,137.5,128.1199951171875,135.08999633789062,4506800,0.0,0.0
2023-06-02 00:00:00-04:00,141.8000030517578,147.5800018310547,140.16200256347656,142.38999938964844,8015400,0.0,0.0
2023-06-05 00:00:00-04:00,142.27499389648438,149.5800018310547,140.5500030517578,148.0500030517578,3836000,0.0,0.0
2023-06-06 00:00:00-04:00,147.92999267578125,153.5500030517578,147.08299255371094,152.99000549316406,3536800,0.0,0.0
2023-06-07 00:00:00-04:00,154.91000366210938,155.3300018310547,143.35000610351562,144.9199981689453,3660600,0.0,0.0
2023-06-08 00:00:00-04:00,146.41000366210938,151.5,146.1699981689453,148.82000732421875,2849300,0.0,0.0
2023-06-09 00:00:00-04:00,150.80999755859375,153.89999389648438,149.23500061035156,150.83999633789062,2720600,0.0,0.0
2023-06-12 00:00:00-04:00,152.1199951171875,156.02499389648438,150.47000122070312,155.97999572753906,2220000,0.0,0.0
2023-06-13 00:00:00-04:00,158.7899932861328,159.86000061035156,154.39999389648438,157.58999633789062,2545900,0.0,0.0
2023-06-14 00:00:00-04:00,157.0,159.25,154.75999450683594,157.5500030517578,1932400,0.0,0.0
2023-06-15 00:00:00-04:00,155.08999633789062,160.02000427246094,154.56500244140625,158.33999633789062,2174000,0.0,0.0
2023-06-16 00:00:00-04:00,160.22999572753906,162.6699981689453,153.66000366210938,154.00999450683594,3207500,0.0,0.0
2023-06-20 00:00:00-04:00,152.11000061035156,155.0,147.0850067138672,148.66000366210938,2575400,0.0,0.0
2023-06-21 00:00:00-04:00,148.66000366210938,148.91000366210938,143.3699951171875,144.85000610351562,2386400,0.0,0.0
2023-06-22 00:00:00-04:00,144.3000030517578,146.44000244140625,142.7899932861328,144.83999633789062,1425700,0.0,0.0
2023-06-23 00:00:00-04:00,142.5500030517578,143.89999389648438,141.82000732421875,142.6999969482422,1498100,0.0,0.0
2023-06-26 00:00:00-04:00,142.0,145.3699951171875,140.3489990234375,141.7100067138672,1197200,0.0,0.0
2023-06-27 00:00:00-04:00,142.69000244140625,145.71099853515625,140.58999633789062,144.66000366210938,1641300,0.0,0.0
2023-06-28 00:00:00-04:00,143.9600067138672,148.1999969482422,142.72000122070312,144.11000061035156,1841100,0.0,0.0
2023-06-29 00:00:00-04:00,144.82000732421875,145.44000244140625,142.5919952392578,144.83999633789062,1212500,0.0,0.0
2023-06-30 00:00:00-04:00,146.4600067138672,150.1020050048828,146.17999267578125,146.3000030517578,1373700,0.0,0.0
2023-07-03 00:00:00-04:00,146.42999267578125,147.61000061035156,145.19500732421875,146.58999633789062,720500,0.0,0.0
2023-07-05 00:00:00-04:00,145.94000244140625,148.0500030517578,144.3300018310547,146.97000122070312,920300,0.0,0.0
2023-07-06 00:00:00-04:00,143.77000427246094,143.77000427246094,138.60000610351562,141.74000549316406,2491000,0.0,0.0
2023-07-07 00:00:00-04:00,142.3699951171875,144.00999450683594,141.4199981689453,143.17999267578125,1718800,0.0,0.0
2023-07-10 00:00:00-04:00,143.27000427246094,154.33999633789062,143.17999267578125,154.27000427246094,4102800,0.0,0.0
2023-07-11 00:00:00-04:00,155.0,156.2050018310547,147.35000610351562,147.38999938964844,4015800,0.0,0.0
2023-07-12 00:00:00-04:00,151.36000061035156,151.6999969482422,136.44000244140625,137.67999267578125,7991700,0.0,0.0
2023-07-13 00:00:00-04:00,139.1300048828125,145.89999389648438,139.08999633789062,145.13999938964844,4037700,0.0,0.0
2023-07-14 00:00:00-04:00,145.08999633789062,148.8699951171875,144.3800048828125,145.42999267578125,2495900,0.0,0.0
2023-07-17 00:00:00-04:00,145.42999267578125,153.0,145.375,151.82000732421875,2328000,0.0,0.0
2023-07-18 00:00:00-04:00,151.75,156.67999267578125,150.44000244140625,154.80999755859375,2188000,0.0,0.0
2023-07-19 00:00:00-04:00,156.44000244140625,163.13499450683594,155.92999267578125,161.0399932861328,3362700,0.0,0.0
2023-07-20 00:00:00-04:00,158.22000122070312,158.82000732421875,146.64999389648438,147.89999389648438,4150500,0.0,0.0
2023-07-21 00:00:00-04:00,149.7899932861328,152.07000732421875,146.2570037841797,149.00999450683594,4005900,0.0,0.0
2023-07-24 00:00:00-04:00,149.24000549316406,149.94000244140625,144.35000610351562,148.3300018310547,1567100,0.0,0.0
2023-07-25 00:00:00-04:00,153.8300018310547,156.375,151.10000610351562,155.2100067138672,2895500,0.0,0.0
2023-07-26 00:00:00-04:00,153.67999267578125,158.64999389648438,153.10000610351562,156.6199951171875,1848100,0.0,0.0
2023-07-27 00:00:00-04:00,159.53500366210938,160.82000732421875,154.55999755859375,155.25,1862500,0.0,0.0
2023-07-28 00:00:00-04:00,157.83999633789062,159.82000732421875,156.1300048828125,157.49000549316406,1215900,0.0,0.0
2023-07-31 00:00:00-04:00,158.22999572753906,162.50999450683594,158.22999572753906,160.3800048828125,1502200,0.0,0.0
2023-08-01 00:00:00-04:00,159.0,164.2899932861328,156.35000610351562,162.8000030517578,1796600,0.0,0.0
2023-08-02 00:00:00-04:00,159.0,159.00999450683594,148.3300018310547,150.5399932861328,3135900,0.0,0.0
2023-08-03 00:00:00-04:00,150.0,152.40499877929688,149.08999633789062,150.77000427246094,1500400,0.0,0.0
2023-08-04 00:00:00-04:00,147.72000122070312,149.0,142.30999755859375,146.16000366210938,3200100,0.0,0.0
2023-08-07 00:00:00-04:00,146.0,146.2899932861328,142.05499267578125,145.33999633789062,1810700,0.0,0.0
2023-08-08 00:00:00-04:00,141.66000366210938,141.66000366210938,137.02499389648438,138.69000244140625,2532100,0.0,0.0
2023-08-09 00:00:00-04:00,138.50999450683594,141.75,136.8209991455078,140.3000030517578,1619000,0.0,0.0
2023-08-10 00:00:00-04:00,143.02999877929688,146.8800048828125,142.24000549316406,144.3000030517578,1886400,0.0,0.0
2023-08-11 00:00:00-04:00,142.66000366210938,146.0,142.50999450683594,142.9499969482422,1101000,0.0,0.0
2023-08-14 00:00:00-04:00,142.3699951171875,145.27000427246094,141.58999633789062,144.91000366210938,1075600,0.0,0.0
2023-08-15 00:00:00-04:00,144.2100067138672,144.22000122070312,140.94000244140625,142.7100067138672,1147700,0.0,0.0
2023-08-16 00:00:00-04:00,142.0,142.4499969482422,139.4199981689453,140.1300048828125,898700,0.0,0.0
2023-08-17 00:00:00-04:00,140.0,140.3300018310547,134.7689971923828,135.64999389648438,1594800,0.0,0.0
2023-08-18 00:00:00-04:00,132.58999633789062,136.65499877929688,131.58999633789062,136.2100067138672,1703500,0.0,0.0
2023-08-21 00:00:00-04:00,141.22999572753906,146.69000244140625,140.6699981689453,142.77999877929688,2411300,0.0,0.0
2023-08-22 00:00:00-04:00,144.0,144.6999969482422,141.10000610351562,141.89999389648438,1098400,0.0,0.0
2023-08-23 00:00:00-04:00,142.35000610351562,146.35000610351562,140.5,145.47000122070312,1093300,0.0,0.0
2023-08-24 00:00:00-04:00,147.64999389648438,147.86000061035156,139.6649932861328,139.74000549316406,1138200,0.0,0.0
2023-08-25 00:00:00-04:00,139.61000061035156,143.35000610351562,139.1999969482422,142.75999450683594,1038000,0.0,0.0
2023-08-28 00:00:00-04:00,145.32000732421875,145.8699951171875,140.58999633789062,141.33999633789062,1171400,0.0,0.0
2023-08-29 00:00:00-04:00,140.6999969482422,145.64999389648438,139.50999450683594,144.38999938964844,1015800,0.0,0.0
2023-08-30 00:00:00-04:00,144.89999389648438,147.3300018310547,143.36000061035156,147.27999877929688,1081400,0.0,0.0
2023-08-31 00:00:00-04:00,149.0800018310547,156.77999877929688,148.97000122070312,156.0500030517578,2408300,0.0,0.0
2023-09-01 00:00:00-04:00,158.22500610351562,159.1540069580078,155.8000030517578,158.3800048828125,1903300,0.0,0.0
2023-09-05 00:00:00-04:00,159.05999755859375,163.47999572753906,158.0500030517578,162.74000549316406,6451600,0.0,0.0
2023-09-06 00:00:00-04:00,159.16000366210938,165.3699951171875,153.57000732421875,158.35000610351562,6287300,0.0,0.0
2023-09-07 00:00:00-04:00,156.47000122070312,162.67999267578125,155.39999389648438,161.02000427246094,2859100,0.0,0.0
2023-09-08 00:00:00-04:00,160.50999450683594,163.47000122070312,160.33999633789062,160.77000427246094,1647200,0.0,0.0
2023-09-11 00:00:00-04:00,162.27000427246094,167.5,162.0399932861328,165.0500030517578,2097800,0.0,0.0
2023-09-12 00:00:00-04:00,163.3000030517578,164.77000427246094,159.50999450683594,160.22000122070312,1323700,0.0,0.0
2023-09-13 00:00:00-04:00,160.22000122070312,160.89700317382812,158.25999450683594,158.39999389648438,907100,0.0,0.0
2023-09-14 00:00:00-04:00,159.74000549316406,159.74000549316406,156.6999969482422,159.22999572753906,1152400,0.0,0.0
2023-09-15 00:00:00-04:00,158.3300018310547,158.72000122070312,154.60000610351562,156.10000610351562,1603400,0.0,0.0
2023-09-18 00:00:00-04:00,154.72999572753906,156.0800018310547,153.00999450683594,154.72000122070312,1448800,0.0,0.0
2023-09-19 00:00:00-04:00,153.89999389648438,156.0399932861328,151.75999450683594,155.0500030517578,1858100,0.0,0.0
2023-09-20 00:00:00-04:00,155.2899932861328,158.1999969482422,154.22000122070312,154.22999572753906,878500,0.0,0.0
2023-09-21 00:00:00-04:00,151.72999572753906,153.47000122070312,147.6199951171875,148.7899932861328,1682400,0.0,0.0
2023-09-22 00:00:00-04:00,149.0399932861328,154.5500030517578,148.1699981689453,151.7100067138672,1644000,0.0,0.0
2023-09-25 00:00:00-04:00,151.0,151.01499938964844,147.1300048828125,148.97000122070312,1076300,0.0,0.0
2023-09-26 00:00:00-04:00,147.63999938964844,150.85000610351562,146.58999633789062,148.02999877929688,1077100,0.0,0.0
2023-09-27 00:00:00-04:00,149.6199951171875,150.8000030517578,146.63999938964844,148.8699951171875,953400,0.0,0.0
2023-09-28 00:00:00-04:00,148.42999267578125,152.4499969482422,146.7100067138672,150.9199981689453,1017000,0.0,0.0
2023-09-29 00:00:00-04:00,153.8699951171875,159.38999938964844,153.5500030517578,155.58999633789062,2298300,0.0,0.0
2023-10-02 00:00:00-04:00,159.0500030517578,163.0500030517578,158.35000610351562,160.88999938964844,2284900,0.0,0.0
2023-10-03 00:00:00-04:00,158.55999755859375,159.77000427246094,150.1999969482422,151.4600067138672,2377000,0.0,0.0
2023-10-04 00:00:00-04:00,152.74000549316406,155.39999389648438,151.8000030517578,155.1199951171875,1366700,0.0,0.0
2023-10-05 00:00:00-04:00,154.92999267578125,155.24000549316406,149.625,153.3000030517578,1057800,0.0,0.0
2023-10-06 00:00:00-04:00,150.6999969482422,163.60000610351562,150.6999969482422,163.58999633789062,2548600,0.0,0.0
2023-10-09 00:00:00-04:00,165.69000244140625,172.24000549316406,165.5,168.86000061035156,3370900,0.0,0.0
2023-10-10 00:00:00-04:00,169.02000427246094,173.9499969482422,167.8699951171875,171.8800048828125,1927700,0.0,0.0
2023-10-11 00:00:00-04:00,173.10000610351562,175.19000244140625,171.36000061035156,173.0500030517578,1797500,0.0,0.0
2023-10-12 00:00:00-04:00,174.0399932861328,176.30999755859375,170.00999450683594,170.64999389648438,1870400,0.0,0.0
2023-10-13 00:00:00-04:00,170.77999877929688,172.3800048828125,167.2100067138672,168.52000427246094,1379200,0.0,0.0
2023-10-16 00:00:00-04:00,169.30999755859375,173.4199981689453,168.4499969482422,172.2100067138672,1349800,0.0,0.0
2023-10-17 00:00:00-04:00,170.2100067138672,175.36000061035156,169.8000030517578,172.2899932861328,1536400,0.0,0.0
2023-10-18 00:00:00-04:00,171.3800048828125,174.44000244140625,170.16000366210938,170.39999389648438,1205000,0.0,0.0
2023-10-19 00:00:00-04:00,175.00999450683594,177.69000244140625,168.49000549316406,169.07000732421875,1903800,0.0,0.0
2023-10-20 00:00:00-04:00,168.57000732421875,168.57000732421875,159.08200073242188,162.19000244140625,2664300,0.0,0.0
2023-10-23 00:00:00-04:00,160.10000610351562,165.14999389648438,158.08999633789062,162.47999572753906,1281500,0.0,0.0
2023-10-24 00:00:00-04:00,164.47000122070312,167.5,163.10000610351562,164.7899932861328,1087300,0.0,0.0
2023-10-25 00:00:00-04:00,162.8800048828125,163.99000549316406,157.52999877929688,157.61000061035156,1389900,0.0,0.0
2023-10-26 00:00:00-04:00,159.02999877929688,161.10000610351562,153.0800018310547,154.61000061035156,1397100,0.0,0.0
2023-10-27 00:00:00-04:00,156.24000549316406,157.08599853515625,153.88499450683594,154.3699951171875,1089700,0.0,0.0
2023-10-30 00:00:00-04:00,156.05999755859375,158.38999938964844,155.0800018310547,156.80999755859375,1215600,0.0,0.0
2023-10-31 00:00:00-04:00,157.38999938964844,159.22500610351562,155.3699951171875,158.69000244140625,769600,0.0,0.0
2023-11-01 00:00:00-04:00,159.60000610351562,159.89999389648438,152.60000610351562,156.64999389648438,1522300,0.0,0.0
2023-11-02 00:00:00-04:00,160.0,161.8470001220703,157.52999877929688,159.19000244140625,1426700,0.0,0.0
2023-11-03 00:00:00-04:00,158.44000244140625,166.08999633789062,155.50999450683594,164.3699951171875,2640100,0.0,0.0
2023-11-06 00:00:00-05:00,166.60000610351562,167.05999755859375,159.8000030517578,163.47000122070312,1481200,0.0,0.0
2023-11-07 00:00:00-05:00,166.67999267578125,172.8000030517578,164.4600067138672,171.38999938964844,1969900,0.0,0.0
2023-11-08 00:00:00-05:00,172.0,176.4600067138672,171.8800048828125,173.9600067138672,1690900,0.0,0.0
2023-11-09 00:00:00-05:00,174.77000427246094,176.16000366210938,170.40499877929688,170.6999969482422,1431900,0.0,0.0
2023-11-10 00:00:00-05:00,170.64999389648438,175.0800018310547,168.39999389648438,175.0399932861328,1910300,0.0,0.0
2023-11-13 00:00:00-05:00,175.6300048828125,178.94000244140625,175.0500030517578,178.1699981689453,1467500,0.0,0.0
2023-11-14 00:00:00-05:00,181.75,188.50999450683594,181.6199951171875,187.08999633789062,2469700,0.0,0.0
2023-11-15 00:00:00-05:00,188.0,189.53900146484375,183.46499633789062,184.55999755859375,1954000,0.0,0.0
2023-11-16 00:00:00-05:00,183.72000122070312,189.3000030517578,183.13999938964844,186.17999267578125,1701300,0.0,0.0
2023-11-17 00:00:00-05:00,186.02999877929688,189.7100067138672,185.52000427246094,187.47000122070312,1293800,0.0,0.0
2023-11-20 00:00:00-05:00,188.8699951171875,193.49000549316406,188.8699951171875,191.9600067138672,1569100,0.0,0.0
2023-11-21 00:00:00-05:00,190.1699981689453,191.89999389648438,188.8800048828125,191.36000061035156,1323800,0.0,0.0
2023-11-22 00:00:00-05:00,193.02999877929688,193.07000732421875,189.17999267578125,190.63999938964844,1410900,0.0,0.0
2023-11-24 00:00:00-05:00,189.88999938964844,194.25,188.55999755859375,193.08999633789062,975400,0.0,0.0
2023-11-27 00:00:00-05:00,191.99000549316406,195.07000732421875,190.42999267578125,191.91000366210938,6317800,0.0,0.0
2023-11-28 00:00:00-05:00,183.75,194.11000061035156,182.60000610351562,193.85000610351562,11013400,0.0,0.0
2023-11-29 00:00:00-05:00,197.27000427246094,207.781005859375,196.8000030517578,199.83999633789062,6120300,0.0,0.0
2023-11-30 00:00:00-05:00,200.6300048828125,205.68899536132812,195.7100067138672,197.52999877929688,3350400,0.0,0.0
2023-12-01 00:00:00-05:00,197.88999938964844,198.99000549316406,194.75,198.02999877929688,2474300,0.0,0.0
2023-12-04 00:00:00-05:00,196.9600067138672,198.9600067138672,193.19000244140625,198.25999450683594,1599800,0.0,0.0
2023-12-05 00:00:00-05:00,196.1699981689453,199.2100067138672,194.28700256347656,198.91000366210938,1526100,0.0,0.0
2023-12-06 00:00:00-05:00,200.0,203.88999938964844,197.47999572753906,197.91000366210938,2149200,0.0,0.0
2023-12-07 00:00:00-05:00,197.91000366210938,200.55999755859375,195.7030029296875,200.0500030517578,1313300,0.0,0.0
2023-12-08 00:00:00-05:00,198.0,202.72999572753906,197.58999633789062,198.8000030517578,2034000,0.0,0.0
2023-12-11 00:00:00-05:00,200.3800048828125,207.50999450683594,200.06500244140625,205.47000122070312,2314300,0.0,0.0
2023-12-12 00:00:00-05:00,207.0,211.58999633789062,205.10000610351562,210.75999450683594,2304500,0.0,0.0
2023-12-13 00:00:00-05:00,212.33999633789062,216.03500366210938,210.0500030517578,215.4499969482422,2375400,0.0,0.0
2023-12-14 00:00:00-05:00,218.75,221.1300048828125,213.39999389648438,216.39999389648438,3111900,0.0,0.0
2023-12-15 00:00:00-05:00,219.41000366210938,223.52999877929688,218.44000244140625,221.66000366210938,3350400,0.0,0.0
2023-12-18 00:00:00-05:00,221.66000366210938,224.08999633789062,219.60000610351562,222.5500030517578,2488000,0.0,0.0
2023-12-19 00:00:00-05:00,221.49000549316406,224.9499969482422,221.00999450683594,224.0399932861328,1544300,0.0,0.0
2023-12-20 00:00:00-05:00,222.5500030517578,224.61900329589844,217.74000549316406,218.72999572753906,1582700,0.0,0.0
2023-12-21 00:00:00-05:00,221.67999267578125,221.8800048828125,218.04200744628906,221.3300018310547,1250500,0.0,0.0
2023-12-22 00:00:00-05:00,221.6699981689453,222.07000732421875,219.36900329589844,221.67999267578125,912600,0.0,0.0
2023-12-26 00:00:00-05:00,222.22500610351562,224.69000244140625,221.4600067138672,224.58999633789062,770000,0.0,0.0
2023-12-27 00:00:00-05:00,225.16000366210938,227.2899932861328,224.0,225.02000427246094,840800,0.0,0.0
2023-12-28 00:00:00-05:00,225.02000427246094,225.27000427246094,222.91000366210938,224.44000244140625,575300,0.0,0.0
2023-12-29 00:00:00-05:00,224.02999877929688,225.91000366210938,220.8699951171875,221.55999755859375,804800,0.0,0.0
2024-01-02 00:00:00-05:00,218.10000610351562,218.1699981689453,210.61500549316406,212.3699951171875,2083500,0.0,0.0
2024-01-03 00:00:00-05:00,208.52999877929688,215.7050018310547,206.6699981689453,210.24000549316406,2095500,0.0,0.0
2024-01-04 00:00:00-05:00,210.3300018310547,212.4499969482422,209.00999450683594,210.3300018310547,1096400,0.0,0.0
2024-01-05 00:00:00-05:00,209.94000244140625,212.1999969482422,209.05299377441406,209.80999755859375,1125300,0.0,0.0
2024-01-08 00:00:00-05:00,213.27999877929688,219.35000610351562,212.50999450683594,218.10000610351562,1633200,0.0,0.0
2024-01-09 00:00:00-05:00,215.9600067138672,228.14999389648438,215.9600067138672,226.25999450683594,2445800,0.0,0.0
2024-01-10 00:00:00-05:00,228.30999755859375,230.23399353027344,224.66000366210938,225.39999389648438,1880200,0.0,0.0
2024-01-11 00:00:00-05:00,226.0,229.91000366210938,224.0,228.52000427246094,1397100,0.0,0.0
2024-01-12 00:00:00-05:00,230.97999572753906,233.8090057373047,229.6300048828125,230.77000427246094,1563600,0.0,0.0
2024-01-16 00:00:00-05:00,230.0,233.27999877929688,228.77999877929688,232.17999267578125,1517400,0.0,0.0
2024-01-17 00:00:00-05:00,228.89999389648438,230.3300018310547,221.5,225.3300018310547,2349600,0.0,0.0
2024-01-18 00:00:00-05:00,230.30999755859375,231.3699951171875,224.92999267578125,227.91000366210938,1909800,0.0,0.0
2024-01-19 00:00:00-05:00,229.0,231.36000061035156,226.83799743652344,231.2899932861328,1543900,0.0,0.0
2024-01-22 00:00:00-05:00,239.67999267578125,241.77000427246094,235.0800018310547,240.85000610351562,2513500,0.0,0.0
2024-01-23 00:00:00-05:00,242.52000427246094,244.9949951171875,238.9499969482422,242.58999633789062,1974400,0.0,0.0
2024-01-24 00:00:00-05:00,245.0,246.3800048828125,240.6699981689453,241.3800048828125,1554100,0.0,0.0
2024-01-25 00:00:00-05:00,244.6999969482422,245.0,236.83999633789062,238.3000030517578,1477900,0.0,0.0
2024-01-26 00:00:00-05:00,236.8800048828125,239.83999633789062,234.2899932861328,236.8300018310547,1204700,0.0,0.0
2024-01-29 00:00:00-05:00,238.69000244140625,245.11000061035156,238.02000427246094,245.0500030517578,1377900,0.0,0.0
2024-01-30 00:00:00-05:00,243.41000366210938,245.82000732421875,240.89999389648438,241.1199951171875,2037800,0.0,0.0
2024-01-31 00:00:00-05:00,238.0,239.5850067138672,232.30999755859375,235.6699981689453,1568800,0.0,0.0
2024-02-01 00:00:00-05:00,236.61000061035156,240.36000061035156,235.4199981689453,238.05999755859375,1033500,0.0,0.0
2024-02-02 00:00:00-05:00,239.6199951171875,245.11000061035156,237.06300354003906,244.0,1358100,0.0,0.0
2024-02-05 00:00:00-05:00,233.4499969482422,239.4499969482422,226.19000244140625,232.0500030517578,4761900,0.0,0.0
2024-02-06 00:00:00-05:00,235.25,236.32000732421875,228.52000427246094,234.72999572753906,1660800,0.0,0.0
2024-02-07 00:00:00-05:00,241.6300048828125,245.55999755859375,237.08999633789062,244.66000366210938,2234500,0.0,0.0
2024-02-08 00:00:00-05:00,244.63999938964844,251.32000732421875,243.77000427246094,249.41000366210938,1669700,0.0,0.0
2024-02-09 00:00:00-05:00,253.83999633789062,259.6099853515625,252.39999389648438,254.92999267578125,2505500,0.0,0.0
2024-02-12 00:00:00-05:00,253.6999969482422,256.4200134277344,251.27999877929688,253.86000061035156,1511900,0.0,0.0
2024-02-13 00:00:00-05:00,242.3300018310547,247.6699981689453,237.57000732421875,242.8000030517578,3434400,0.0,0.0
2024-02-14 00:00:00-05:00,247.66000366210938,253.5399932861328,246.10000610351562,253.27000427246094,1586600,0.0,0.0
2024-02-15 00:00:00-05:00,255.0,255.0,247.0,253.16000366210938,1185300,0.0,0.0
2024-02-16 00:00:00-05:00,253.41000366210938,254.67999267578125,248.61000061035156,252.75,1257900,0.0,0.0
2024-02-20 00:00:00-05:00,251.94000244140625,251.94000244140625,240.9600067138672,249.0399932861328,2061300,0.0,0.0
2024-02-21 00:00:00-05:00,213.0,216.5050048828125,202.44000244140625,213.9199981689453,7815800,0.0,0.0
2024-02-22 00:00:00-05:00,224.50999450683594,229.33999633789062,218.91000366210938,226.14999389648438,3659900,0.0,0.0
2024-02-23 00:00:00-05:00,229.8800048828125,240.6999969482422,228.32000732421875,235.22999572753906,3217300,0.0,0.0
2024-02-26 00:00:00-05:00,239.99000549316406,246.0,236.9149932861328,241.6999969482422,2728800,0.0,0.0
2024-02-27 00:00:00-05:00,244.0,251.5500030517578,242.02000427246094,242.49000549316406,2401800,0.0,0.0
2024-02-28 00:00:00-05:00,240.10000610351562,242.47000122070312,236.5,237.2899932861328,2010400,0.0,0.0
2024-02-29 00:00:00-05:00,240.5,243.94000244140625,235.84100341796875,241.97000122070312,6757300,0.0,0.0
2024-03-01 00:00:00-05:00,227.0,227.3000030517578,215.0,219.22999572753906,11811500,0.0,0.0
2024-03-04 00:00:00-05:00,220.1199951171875,221.6199951171875,212.6300048828125,214.22000122070312,4141500,0.0,0.0
2024-03-05 00:00:00-05:00,209.94000244140625,210.05499267578125,199.2899932861328,206.36000061035156,5002100,0.0,0.0
2024-03-06 00:00:00-05:00,214.6199951171875,217.1699981689453,200.80999755859375,202.4199981689453,4348100,0.0,0.0
2024-03-07 00:00:00-05:00,202.5800018310547,202.88999938964844,197.02000427246094,201.27000427246094,3349400,0.0,0.0
2024-03-08 00:00:00-05:00,201.13999938964844,204.5500030517578,197.8800048828125,198.69000244140625,2840700,0.0,0.0
2024-03-11 00:00:00-04:00,196.6999969482422,201.85000610351562,195.66099548339844,200.74000549316406,1825900,0.0,0.0
2024-03-12 00:00:00-04:00,203.1999969482422,205.33999633789062,199.0,201.24000549316406,2305000,0.0,0.0
2024-03-13 00:00:00-04:00,200.1699981689453,204.42999267578125,199.11000061035156,201.42999267578125,1753200,0.0,0.0
2024-03-14 00:00:00-04:00,201.42999267578125,202.1300048828125,197.16000366210938,198.8300018310547,1220700,0.0,0.0
2024-03-15 00:00:00-04:00,198.7899932861328,199.72999572753906,193.47000122070312,194.02999877929688,2664700,0.0,0.0
2024-03-18 00:00:00-04:00,194.0,197.35299682617188,191.25,195.94000244140625,2591000,0.0,0.0
2024-03-19 00:00:00-04:00,193.44000244140625,196.0,190.35000610351562,195.24000549316406,2085200,0.0,0.0
2024-03-20 00:00:00-04:00,196.25999450683594,197.88499450683594,193.85000610351562,197.3000030517578,1696800,0.0,0.0
2024-03-21 00:00:00-04:00,199.5500030517578,202.61000061035156,196.42999267578125,198.07000732421875,1701900,0.0,0.0
2024-03-22 00:00:00-04:00,197.5,199.0,193.27000427246094,194.9499969482422,1632900,0.0,0.0
2024-03-25 00:00:00-04:00,194.83999633789062,195.77000427246094,192.66000366210938,194.07000732421875,1214000,0.0,0.0
2024-03-26 00:00:00-04:00,195.83999633789062,196.00999450683594,192.50999450683594,195.6300048828125,1483300,0.0,0.0
2024-03-27 00:00:00-04:00,197.38999938964844,197.77000427246094,192.5500030517578,193.47999572753906,1319800,0.0,0.0
2024-03-28 00:00:00-04:00,191.2899932861328,194.17999267578125,190.75,192.6300048828125,1628200,0.0,0.0
2024-04-01 00:00:00-04:00,192.5,193.77999877929688,189.59100341796875,192.1300048828125,1336400,0.0,0.0
2024-04-02 00:00:00-04:00,186.80999755859375,190.02000427246094,185.6699981689453,188.74000549316406,1661900,0.0,0.0
2024-04-03 00:00:00-04:00,187.33999633789062,189.0800018310547,185.83999633789062,186.30999755859375,1614800,0.0,0.0
2024-04-04 00:00:00-04:00,188.0500030517578,188.67999267578125,181.125,182.00999450683594,2496800,0.0,0.0
2024-04-05 00:00:00-04:00,182.17999267578125,185.25,181.3699951171875,183.33999633789062,1808400,0.0,0.0
2024-04-08 00:00:00-04:00,183.32000732421875,184.36000061035156,181.24000549316406,183.7100067138672,1081000,0.0,0.0
2024-04-09 00:00:00-04:00,185.50999450683594,188.6199951171875,184.8300018310547,188.5,1783800,0.0,0.0
2024-04-10 00:00:00-04:00,184.0,185.36000061035156,181.7100067138672,183.9499969482422,1555100,0.0,0.0
2024-04-11 00:00:00-04:00,185.3699951171875,185.72000122070312,182.8800048828125,184.77999877929688,1123300,0.0,0.0
2024-04-12 00:00:00-04:00,182.49000549316406,183.8699951171875,180.4199981689453,181.41000366210938,1203900,0.0,0.0
2024-04-15 00:00:00-04:00,181.72999572753906,181.75,173.74000549316406,174.85000610351562,2267700,0.0,0.0
2024-04-16 00:00:00-04:00,174.07000732421875,176.2100067138672,173.0,174.32000732421875,1499200,0.0,0.0
2024-04-17 00:00:00-04:00,175.3699951171875,176.1699981689453,172.72000122070312,172.9600067138672,1298400,0.0,0.0
2024-04-18 00:00:00-04:00,178.36000061035156,178.36000061035156,172.7100067138672,172.97000122070312,1660500,0.0,0.0
2024-04-19 00:00:00-04:00,172.0,172.18499755859375,167.17999267578125,169.2100067138672,2272100,0.0,0.0
2024-04-22 00:00:00-04:00,170.0,172.16000366210938,166.75999450683594,170.97000122070312,1307900,0.0,0.0
2024-04-23 00:00:00-04:00,171.2100067138672,178.25,171.2100067138672,176.9199981689453,2180100,0.0,0.0
2024-04-24 00:00:00-04:00,179.13999938964844,181.8000030517578,176.0399932861328,177.4600067138672,1372100,0.0,0.0
2024-04-25 00:00:00-04:00,173.67999267578125,176.4199981689453,172.25,174.80999755859375,1078700,0.0,0.0
2024-04-26 00:00:00-04:00,176.50999450683594,179.89999389648438,175.08399963378906,177.0500030517578,1341800,0.0,0.0
2024-04-29 00:00:00-04:00,177.83999633789062,179.97000122070312,177.10000610351562,179.0399932861328,1296200,0.0,0.0
2024-04-30 00:00:00-04:00,177.9199981689453,178.52999877929688,172.0050048828125,172.94000244140625,1653800,0.0,0.0
2024-05-01 00:00:00-04:00,173.0,177.01499938964844,170.95599365234375,172.30999755859375,1132700,0.0,0.0
2024-05-02 00:00:00-04:00,175.19000244140625,176.39999389648438,171.3800048828125,176.3699951171875,1013500,0.0,0.0
2024-05-03 00:00:00-04:00,177.77000427246094,178.63999938964844,171.5,177.11000061035156,2492900,0.0,0.0
2024-05-06 00:00:00-04:00,178.0,178.86000061035156,175.8800048828125,178.13999938964844,1303800,0.0,0.0
2024-05-07 00:00:00-04:00,176.8800048828125,178.88999938964844,173.5399932861328,176.88999938964844,1352300,0.0,0.0
2024-05-08 00:00:00-04:00,175.4600067138672,175.47999572753906,164.41000366210938,171.0,3862000,0.0,0.0
2024-05-09 00:00:00-04:00,171.83999633789062,174.13999938964844,169.57000732421875,171.9600067138672,2012500,0.0,0.0
2024-05-10 00:00:00-04:00,173.0,175.16600036621094,171.75,174.6199951171875,1405600,0.0,0.0
2024-05-13 00:00:00-04:00,176.25999450683594,176.9499969482422,173.66000366210938,175.0,966900,0.0,0.0
2024-05-14 00:00:00-04:00,175.8699951171875,178.22999572753906,175.30999755859375,176.82000732421875,1228900,0.0,0.0
2024-05-15 00:00:00-04:00,180.0,183.27499389648438,178.4250030517578,181.1300048828125,1506400,0.0,0.0
2024-05-16 00:00:00-04:00,179.77000427246094,181.99000549316406,178.89999389648438,179.30999755859375,1736300,0.0,0.0
2024-05-17 00:00:00-04:00,179.92999267578125,180.52000427246094,177.85499572753906,178.86000061035156,1466400,0.0,0.0
2024-05-20 00:00:00-04:00,178.86000061035156,181.10000610351562,178.0399932861328,180.60000610351562,1242500,0.0,0.0
2024-05-21 00:00:00-04:00,178.0500030517578,178.99000549316406,174.35000610351562,176.97999572753906,1788200,0.0,0.0
2024-05-22 00:00:00-04:00,176.3699951171875,176.85000610351562,172.75,174.16000366210938,1630000,0.0,0.0
2024-05-23 00:00:00-04:00,176.0,176.0,170.8300018310547,171.91000366210938,1300700,0.0,0.0
2024-05-24 00:00:00-04:00,171.0,173.77000427246094,170.82000732421875,171.63999938964844,1290500,0.0,0.0
2024-05-28 00:00:00-04:00,170.4550018310547,172.69000244140625,161.2899932861328,164.16000366210938,4265100,0.0,0.0
2024-05-29 00:00:00-04:00,160.88999938964844,166.60000610351562,160.77000427246094,164.3699951171875,2026300,0.0,0.0
2024-05-30 00:00:00-04:00,162.5,163.0,155.25,156.64999389648438,5161700,0.0,0.0
2024-05-31 00:00:00-04:00,183.0,183.6999969482422,163.44000244140625,169.9600067138672,10109800,0.0,0.0
2024-06-03 00:00:00-04:00,170.35000610351562,172.08999633789062,166.1699981689453,169.02000427246094,3573800,0.0,0.0
2024-06-04 00:00:00-04:00,168.75,170.80999755859375,166.1199951171875,169.13999938964844,2314400,0.0,0.0
2024-06-05 00:00:00-04:00,172.10000610351562,176.8000030517578,170.88999938964844,174.57000732421875,2857500,0.0,0.0
2024-06-06 00:00:00-04:00,174.38999938964844,180.17999267578125,173.6300048828125,178.92999267578125,2741700,0.0,0.0
2024-06-07 00:00:00-04:00,178.5,181.81399536132812,176.5,180.99000549316406,2128200,0.0,0.0
2024-06-10 00:00:00-04:00,181.0500030517578,188.2449951171875,181.00999450683594,183.91000366210938,2980800,0.0,0.0
2024-06-11 00:00:00-04:00,184.5,189.13999938964844,184.3350067138672,187.64999389648438,2385000,0.0,0.0
2024-06-12 00:00:00-04:00,190.2899932861328,193.27000427246094,187.10000610351562,188.8300018310547,2785200,0.0,0.0
2024-06-13 00:00:00-04:00,189.14999389648438,189.16000366210938,179.77000427246094,181.0500030517578,2705600,0.0,0.0
2024-06-14 00:00:00-04:00,185.00999450683594,186.0,182.16000366210938,184.22000122070312,2529300,0.0,0.0
2024-06-17 00:00:00-04:00,183.0,185.5800018310547,180.75999450683594,184.3800048828125,1790400,0.0,0.0
2024-06-18 00:00:00-04:00,183.50999450683594,183.50999450683594,178.88999938964844,179.41000366210938,2294300,0.0,0.0
2024-06-20 00:00:00-04:00,179.61000061035156,179.90699768066406,175.0500030517578,178.5800018310547,2021000,0.0,0.0
2024-06-21 00:00:00-04:00,179.0,180.24000549316406,176.24099731445312,179.5500030517578,3430300,0.0,0.0
2024-06-24 00:00:00-04:00,177.9199981689453,181.4199981689453,177.02000427246094,181.05999755859375,1647500,0.0,0.0
2024-06-25 00:00:00-04:00,181.14999389648438,183.55999755859375,179.80999755859375,182.52000427246094,1491200,0.0,0.0
2024-06-26 00:00:00-04:00,182.00999450683594,182.00999450683594,177.72000122070312,178.9199981689453,2047100,0.0,0.0
2024-06-27 00:00:00-04:00,179.83999633789062,191.97000122070312,179.7100067138672,189.1999969482422,3186300,0.0,0.0
2024-06-28 00:00:00-04:00,189.8800048828125,193.9600067138672,189.0,192.19000244140625,3002600,0.0,0.0
2024-07-01 00:00:00-04:00,193.0,199.2100067138672,191.7899932861328,198.6199951171875,3074200,0.0,0.0
2024-07-02 00:00:00-04:00,197.60000610351562,199.375,194.70799255371094,196.66000366210938,1725000,0.0,0.0
2024-07-03 00:00:00-04:00,196.99000549316406,200.36000061035156,196.99000549316406,198.39999389648438,855400,0.0,0.0
2024-07-05 00:00:00-04:00,198.0,203.75,197.50999450683594,201.64999389648438,1693400,0.0,0.0
2024-07-08 00:00:00-04:00,200.77000427246094,201.9199981689453,195.4600067138672,201.6300048828125,1912100,0.0,0.0
2024-07-09 00:00:00-04:00,201.32000732421875,202.88699340820312,194.58999633789062,197.36000061035156,1559300,0.0,0.0
2024-07-10 00:00:00-04:00,197.75,197.9499969482422,191.16000366210938,197.3699951171875,1909200,0.0,0.0
2024-07-11 00:00:00-04:00,198.3000030517578,203.4199981689453,194.3800048828125,195.9199981689453,1472400,0.0,0.0
2024-07-12 00:00:00-04:00,196.16000366210938,202.99000549316406,195.8000030517578,201.89999389648438,2406200,0.0,0.0
2024-07-15 00:00:00-04:00,202.64999389648438,208.13999938964844,200.02000427246094,204.47000122070312,2555300,0.0,0.0
2024-07-16 00:00:00-04:00,201.94000244140625,205.47999572753906,197.3300018310547,203.1199951171875,2058900,0.0,0.0
2024-07-17 00:00:00-04:00,199.08999633789062,199.82000732421875,193.0800018310547,194.92999267578125,2055000,0.0,0.0
2024-07-18 00:00:00-04:00,194.9600067138672,196.7100067138672,188.3000030517578,190.3699951171875,1757400,0.0,0.0
2024-07-19 00:00:00-04:00,188.9600067138672,191.97000122070312,186.5,188.5399932861328,1624900,0.0,0.0
2024-07-22 00:00:00-04:00,191.05999755859375,194.82000732421875,186.27000427246094,188.41000366210938,1615400,0.0,0.0
2024-07-23 00:00:00-04:00,188.27000427246094,192.6300048828125,188.0850067138672,191.07000732421875,1293900,0.0,0.0
2024-07-24 00:00:00-04:00,189.6999969482422,190.3179931640625,181.36000061035156,181.82000732421875,1611100,0.0,0.0
2024-07-25 00:00:00-04:00,182.11000061035156,187.10000610351562,178.2899932861328,182.0,1776900,0.0,0.0
2024-07-26 00:00:00-04:00,184.77999877929688,184.77999877929688,179.60499572753906,181.36000061035156,1026900,0.0,0.0
2024-07-29 00:00:00-04:00,182.50999450683594,183.74000549316406,180.6699981689453,181.14999389648438,927100,0.0,0.0
2024-07-30 00:00:00-04:00,182.24000549316406,183.0330047607422,173.64999389648438,176.75,1152500,0.0,0.0
2024-07-31 00:00:00-04:00,180.14999389648438,181.66000366210938,177.6199951171875,179.35000610351562,1137500,0.0,0.0
2024-08-01 00:00:00-04:00,178.6199951171875,180.3800048828125,172.80999755859375,174.44000244140625,1187000,0.0,0.0
2024-08-02 00:00:00-04:00,168.25999450683594,169.74000549316406,164.47000122070312,169.52000427246094,2166300,0.0,0.0
2024-08-05 00:00:00-04:00,156.50999450683594,168.6199951171875,155.97000122070312,165.22999572753906,2147800,0.0,0.0
2024-08-06 00:00:00-04:00,168.6199951171875,168.6199951171875,164.16000366210938,165.75,1328800,0.0,0.0
2024-08-07 00:00:00-04:00,171.13999938964844,174.77000427246094,166.05999755859375,166.1999969482422,1362100,0.0,0.0
2024-08-08 00:00:00-04:00,168.42999267578125,173.5,168.02999877929688,171.7100067138672,1305500,0.0,0.0
2024-08-09 00:00:00-04:00,171.7100067138672,174.97999572753906,171.11000061035156,174.36000061035156,895900,0.0,0.0
2024-08-12 00:00:00-04:00,175.0,175.82000732421875,171.8000030517578,172.5500030517578,787500,0.0,0.0
2024-08-13 00:00:00-04:00,174.33999633789062,180.27000427246094,173.0919952392578,178.49000549316406,1572600,0.0,0.0
2024-08-14 00:00:00-04:00,179.4499969482422,184.1999969482422,179.0,183.97999572753906,1514300,0.0,0.0
2024-08-15 00:00:00-04:00,186.80999755859375,191.6199951171875,184.97999572753906,190.33999633789062,1583700,0.0,0.0
2024-08-16 00:00:00-04:00,189.8000030517578,193.156005859375,188.3800048828125,192.89999389648438,1699700,0.0,0.0
2024-08-19 00:00:00-04:00,193.1999969482422,196.60000610351562,192.61000061035156,195.5,1462100,0.0,0.0
2024-08-20 00:00:00-04:00,196.3800048828125,199.552001953125,195.0800018310547,197.14999389648438,1429100,0.0,0.0
2024-08-21 00:00:00-04:00,197.27000427246094,200.60000610351562,195.8000030517578,200.47000122070312,1133600,0.0,0.0
2024-08-22 00:00:00-04:00,200.5,202.63999938964844,197.42999267578125,197.77999877929688,1175500,0.0,0.0
2024-08-23 00:00:00-04:00,199.5500030517578,199.97999572753906,196.27999877929688,199.42999267578125,937200,0.0,0.0
2024-08-26 00:00:00-04:00,200.10000610351562,201.9499969482422,197.55999755859375,197.82000732421875,1173000,0.0,0.0
2024-08-27 00:00:00-04:00,196.0,198.40499877929688,195.00999450683594,197.22000122070312,678200,0.0,0.0
2024-08-28 00:00:00-04:00,196.44000244140625,197.5399932861328,193.22000122070312,193.97000122070312,905000,0.0,0.0
2024-08-29 00:00:00-04:00,195.94000244140625,200.9250030517578,195.8000030517578,197.25,1182700,0.0,0.0
2024-08-30 00:00:00-04:00,198.5,200.41000366210938,197.57000732421875,199.97999572753906,1435000,0.0,0.0
2024-09-03 00:00:00-04:00,199.99000549316406,200.75,190.47000122070312,193.19000244140625,4816300,0.0,0.0
2024-09-04 00:00:00-04:00,158.74000549316406,163.47999572753906,156.0,157.1300048828125,10904800,0.0,0.0
2024-09-05 00:00:00-04:00,156.74000549316406,163.49000549316406,155.8800048828125,162.25,4742700,0.0,0.0
2024-09-06 00:00:00-04:00,163.27000427246094,164.8800048828125,155.27999877929688,156.77999877929688,3611300,0.0,0.0
2024-09-09 00:00:00-04:00,158.0,161.1999969482422,157.2050018310547,159.16000366210938,2381400,0.0,0.0
2024-09-10 00:00:00-04:00,160.0,160.19000244140625,153.4499969482422,155.89999389648438,2478900,0.0,0.0
2024-09-11 00:00:00-04:00,155.7100067138672,162.22999572753906,154.6649932861328,161.7100067138672,2635600,0.0,0.0
2024-09-12 00:00:00-04:00,162.97999572753906,168.72000122070312,162.0,166.7100067138672,2852700,0.0,0.0
2024-09-13 00:00:00-04:00,167.22000122070312,171.77999877929688,166.97999572753906,170.05999755859375,1992200,0.0,0.0
2024-09-16 00:00:00-04:00,170.0,172.38999938964844,168.74000549316406,171.77999877929688,1297300,0.0,0.0
2024-09-17 00:00:00-04:00,172.41000366210938,173.47000122070312,169.5500030517578,170.32000732421875,1692400,0.0,0.0
2024-09-18 00:00:00-04:00,170.0,171.22000122070312,166.13999938964844,168.52000427246094,1473400,0.0,0.0
2024-09-19 00:00:00-04:00,172.77999877929688,174.77499389648438,169.3800048828125,172.5800018310547,1632100,0.0,0.0
2024-09-20 00:00:00-04:00,171.5399932861328,173.6300048828125,169.72000122070312,172.7100067138672,2181600,0.0,0.0
2024-09-23 00:00:00-04:00,173.0,174.89999389648438,171.64500427246094,174.7899932861328,1536400,0.0,0.0
2024-09-24 00:00:00-04:00,175.0,175.69000244140625,171.97000122070312,174.14999389648438,696400,0.0,0.0
2024-09-25 00:00:00-04:00,173.88999938964844,174.08999633789062,171.3000030517578,171.75,1341100,0.0,0.0
2024-09-26 00:00:00-04:00,174.5399932861328,174.5399932861328,169.33999633789062,170.92999267578125,1401500,0.0,0.0
2024-09-27 00:00:00-04:00,171.3300018310547,173.8300018310547,171.3000030517578,171.77000427246094,953300,0.0,0.0
2024-09-30 00:00:00-04:00,170.0,172.7100067138672,169.30999755859375,170.94000244140625,1181400,0.0,0.0
2024-10-01 00:00:00-04:00,170.64999389648438,171.39999389648438,165.4199981689453,166.99000549316406,1393300,0.0,0.0
2024-10-02 00:00:00-04:00,166.77999877929688,170.1300048828125,165.9199981689453,169.69000244140625,1257600,0.0,0.0
2024-10-03 00:00:00-04:00,167.58999633789062,170.91000366210938,167.00100708007812,169.6300048828125,1491500,0.0,0.0
2024-10-04 00:00:00-04:00,174.8800048828125,176.55999755859375,171.66000366210938,173.92999267578125,1747900,0.0,0.0
2024-10-07 00:00:00-04:00,173.38999938964844,173.82000732421875,169.94000244140625,172.1300048828125,2047000,0.0,0.0
2024-10-08 00:00:00-04:00,172.97000122070312,177.39999389648438,172.81300354003906,176.92999267578125,1765900,0.0,0.0
2024-10-09 00:00:00-04:00,177.3800048828125,186.4199981689453,177.03900146484375,185.97000122070312,2669600,0.0,0.0
2024-10-10 00:00:00-04:00,185.57000732421875,196.19000244140625,185.0989990234375,195.5,3374400,0.0,0.0
2024-10-11 00:00:00-04:00,195.3300018310547,203.02999877929688,195.3000030517578,198.25999450683594,2827700,0.0,0.0
2024-10-14 00:00:00-04:00,199.2899932861328,199.406005859375,195.08999633789062,196.74000549316406,1245100,0.0,0.0
2024-10-15 00:00:00-04:00,196.3800048828125,198.5850067138672,194.27000427246094,195.16000366210938,1389300,0.0,0.0
2024-10-16 00:00:00-04:00,195.1999969482422,195.75,190.41000366210938,191.5500030517578,1397000,0.0,0.0
2024-10-17 00:00:00-04:00,192.94000244140625,193.22000122070312,188.6699981689453,188.75999450683594,1128200,0.0,0.0
2024-10-18 00:00:00-04:00,189.2899932861328,191.61000061035156,187.5399932861328,190.00999450683594,1131100,0.0,0.0
2024-10-21 00:00:00-04:00,188.55999755859375,192.25,186.83999633789062,187.9600067138672,1562100,0.0,0.0
2024-10-22 00:00:00-04:00,186.3300018310547,188.30999755859375,185.42999267578125,186.16000366210938,907800,0.0,0.0
2024-10-23 00:00:00-04:00,185.5,186.6199951171875,180.77999877929688,181.00999450683594,1079300,0.0,0.0
2024-10-24 00:00:00-04:00,182.50999450683594,185.4600067138672,182.0,183.92999267578125,1085300,0.0,0.0
2024-10-25 00:00:00-04:00,185.3800048828125,188.6300048828125,183.86000061035156,184.9600067138672,926800,0.0,0.0
2024-10-28 00:00:00-04:00,186.64999389648438,188.55999755859375,185.5,187.0,905100,0.0,0.0
2024-10-29 00:00:00-04:00,186.97999572753906,190.44000244140625,185.02999877929688,189.85000610351562,1294600,0.0,0.0
2024-10-30 00:00:00-04:00,189.32000732421875,192.10000610351562,186.22000122070312,186.77999877929688,708500,0.0,0.0
2024-10-31 00:00:00-04:00,186.5,187.0,180.64999389648438,180.7899932861328,1786600,0.0,0.0
2024-11-01 00:00:00-04:00,181.14999389648438,183.93800354003906,179.6300048828125,182.58999633789062,1239000,0.0,0.0
2024-11-04 00:00:00-05:00,181.94000244140625,186.1999969482422,180.4199981689453,184.89999389648438,832900,0.0,0.0
2024-11-05 00:00:00-05:00,185.85000610351562,188.02999877929688,183.69000244140625,186.91000366210938,992100,0.0,0.0
2024-11-06 00:00:00-05:00,192.3300018310547,196.1529998779297,190.85000610351562,193.02999877929688,1745600,0.0,0.0
2024-11-07 00:00:00-05:00,193.58999633789062,197.7100067138672,192.89999389648438,196.7100067138672,1876000,0.0,0.0
2024-11-08 00:00:00-05:00,196.64999389648438,197.10000610351562,192.5,195.72999572753906,1062300,0.0,0.0
2024-11-11 00:00:00-05:00,196.75,200.42999267578125,195.0500030517578,199.5399932861328,1712100,0.0,0.0
2024-11-12 00:00:00-05:00,200.0,209.30999755859375,199.5399932861328,209.0399932861328,2260900,0.0,0.0
2024-11-13 00:00:00-05:00,210.0,217.83999633789062,208.5399932861328,209.85000610351562,2711200,0.0,0.0
2024-11-14 00:00:00-05:00,209.85000610351562,210.4600067138672,205.6699981689453,208.5,1165200,0.0,0.0
2024-11-15 00:00:00-05:00,204.6699981689453,205.53500366210938,198.3300018310547,201.47000122070312,1347400,0.0,0.0
2024-11-18 00:00:00-05:00,203.27000427246094,204.6300048828125,200.6699981689453,202.85000610351562,1131300,0.0,0.0
2024-11-19 00:00:00-05:00,199.6300048828125,204.97000122070312,198.67999267578125,204.36000061035156,1096200,0.0,0.0
2024-11-20 00:00:00-05:00,204.0,205.99000549316406,198.83999633789062,200.94000244140625,1212300,0.0,0.0
2024-11-21 00:00:00-05:00,202.42999267578125,210.7100067138672,202.35000610351562,207.3000030517578,1836300,0.0,0.0
2024-11-22 00:00:00-05:00,210.0,212.97999572753906,207.5399932861328,210.9600067138672,2035700,0.0,0.0
2024-11-25 00:00:00-05:00,214.16000366210938,216.3000030517578,208.75,210.4199981689453,1758200,0.0,0.0
2024-11-26 00:00:00-05:00,210.69000244140625,211.99000549316406,207.81500244140625,210.3000030517578,1277400,0.0,0.0
2024-11-27 00:00:00-05:00,209.55999755859375,209.55999755859375,202.25,204.9600067138672,1559100,0.0,0.0
2024-11-29 00:00:00-05:00,206.0,207.85000610351562,204.47500610351562,206.58999633789062,943500,0.0,0.0
2024-12-02 00:00:00-05:00,207.5500030517578,212.34500122070312,206.1699981689453,208.50999450683594,5485600,0.0,0.0
2024-12-03 00:00:00-05:00,195.89999389648438,202.73399353027344,194.63999938964844,198.63999938964844,7979700,0.0,0.0
2024-12-04 00:00:00-05:00,201.0,208.68499755859375,196.3000030517578,206.36000061035156,3586100,0.0,0.0
2024-12-05 00:00:00-05:00,205.6300048828125,212.0,202.5500030517578,205.61000061035156,2577500,0.0,0.0
2024-12-06 00:00:00-05:00,207.47999572753906,215.14100646972656,206.27000427246094,211.99000549316406,2458500,0.0,0.0
2024-12-09 00:00:00-05:00,213.66000366210938,216.6999969482422,204.74000549316406,206.1300048828125,2027000,0.0,0.0
2024-12-10 00:00:00-05:00,205.27999877929688,207.0500030517578,200.14999389648438,201.38999938964844,1806500,0.0,0.0
2024-12-11 00:00:00-05:00,204.5500030517578,209.3699951171875,204.0,207.9199981689453,1543400,0.0,0.0
2024-12-12 00:00:00-05:00,207.6199951171875,209.38999938964844,205.11000061035156,206.36000061035156,937500,0.0,0.0
2024-12-13 00:00:00-05:00,206.36000061035156,206.77999877929688,197.4600067138672,198.5399932861328,1888000,0.0,0.0
2024-12-16 00:00:00-05:00,200.0,204.64999389648438,197.86000061035156,204.41000366210938,1484700,0.0,0.0
2024-12-17 00:00:00-05:00,201.75999450683594,202.5,198.0,200.4499969482422,2355800,0.0,0.0
2024-12-18 00:00:00-05:00,200.0,200.8000030517578,185.5,185.69000244140625,4302200,0.0,0.0
2024-12-19 00:00:00-05:00,190.11000061035156,190.8000030517578,182.55999755859375,183.2100067138672,2708300,0.0,0.0
2024-12-20 00:00:00-05:00,180.83999633789062,188.6699981689453,179.11000061035156,187.3800048828125,3264800,0.0,0.0
2024-12-23 00:00:00-05:00,187.82000732421875,188.05999755859375,184.31500244140625,185.94000244140625,1265600,0.0,0.0
2024-12-24 00:00:00-05:00,185.97999572753906,187.58999633789062,184.67999267578125,187.25999450683594,654200,0.0,0.0
2024-12-26 00:00:00-05:00,186.0,188.5,185.8699951171875,187.6300048828125,806500,0.0,0.0
2024-12-27 00:00:00-05:00,185.25999450683594,185.92999267578125,181.25999450683594,184.55999755859375,1256100,0.0,0.0
2024-12-30 00:00:00-05:00,181.52999877929688,184.40499877929688,180.10000610351562,183.1300048828125,1032400,0.0,0.0
2024-12-31 00:00:00-05:00,184.11500549316406,184.1999969482422,179.72300720214844,180.41000366210938,920800,0.0,0.0
2025-01-02 00:00:00-05:00,184.0500030517578,184.47999572753906,180.17999267578125,181.66000366210938,855100,0.0,0.0
2025-01-03 00:00:00-05:00,182.6199951171875,186.57000732421875,182.6199951171875,185.83999633789062,1051900,0.0,0.0
2025-01-06 00:00:00-05:00,187.0,190.25,185.15499877929688,188.7100067138672,1155800,0.0,0.0
2025-01-07 00:00:00-05:00,188.89999389648438,190.5749969482422,182.02000427246094,183.89999389648438,2198600,0.0,0.0
2025-01-08 00:00:00-05:00,181.8800048828125,190.0,181.8800048828125,187.27999877929688,1686800,0.0,0.0
2025-01-10 00:00:00-05:00,183.77999877929688,192.61500549316406,183.36000061035156,189.97999572753906,2212000,0.0,0.0
2025-01-13 00:00:00-05:00,187.8699951171875,189.19000244140625,185.30999755859375,186.49000549316406,1357000,0.0,0.0
2025-01-14 00:00:00-05:00,187.8000030517578,189.10000610351562,183.33299255371094,184.69000244140625,1121200,0.0,0.0
2025-01-15 00:00:00-05:00,187.22999572753906,191.13999938964844,186.1999969482422,189.99000549316406,1710800,0.0,0.0
2025-01-16 00:00:00-05:00,190.8699951171875,193.13499450683594,187.50999450683594,187.5500030517578,1962100,0.0,0.0
2025-01-17 00:00:00-05:00,192.80999755859375,192.80999755859375,187.0500030517578,187.5800018310547,1304400,0.0,0.0
2025-01-21 00:00:00-05:00,190.02000427246094,192.22999572753906,188.39999389648438,191.80999755859375,1203600,0.0,0.0
2025-01-22 00:00:00-05:00,193.32000732421875,194.1300048828125,190.6999969482422,192.92999267578125,1194300,0.0,0.0
2025-01-23 00:00:00-05:00,191.2100067138672,193.11000061035156,188.97999572753906,192.6999969482422,1049200,0.0,0.0
2025-01-24 00:00:00-05:00,193.6199951171875,196.9499969482422,193.3249969482422,193.47000122070312,1183700,0.0,0.0
2025-01-27 00:00:00-05:00,188.2899932861328,198.0,188.17999267578125,191.24000549316406,1725400,0.0,0.0
2025-01-28 00:00:00-05:00,191.74000549316406,205.57000732421875,189.1999969482422,204.67999267578125,2830700,0.0,0.0
2025-01-29 00:00:00-05:00,203.8699951171875,204.0,199.9199981689453,201.6300048828125,1758700,0.0,0.0
2025-01-30 00:00:00-05:00,200.0,205.0,199.5749969482422,202.8300018310547,804500,0.0,0.0
2025-01-31 00:00:00-05:00,204.86000061035156,208.1300048828125,200.75399780273438,202.58999633789062,1105500,0.0,0.0
2025-02-03 00:00:00-05:00,198.8800048828125,202.3699951171875,196.9600067138672,200.0,1149300,0.0,0.0
2025-02-04 00:00:00-05:00,199.05999755859375,203.86000061035156,198.1999969482422,203.72999572753906,1073900,0.0,0.0
2025-02-05 00:00:00-05:00,203.16000366210938,205.31500244140625,201.16000366210938,204.99000549316406,1244200,0.0,0.0
2025-02-06 00:00:00-05:00,204.97999572753906,205.6199951171875,201.72999572753906,204.22999572753906,1268200,0.0,0.0
2025-02-07 00:00:00-05:00,207.02000427246094,210.22999572753906,204.4199981689453,205.52999877929688,1479900,0.0,0.0
2025-02-10 00:00:00-05:00,209.2899932861328,212.69000244140625,207.47999572753906,212.52999877929688,1356400,0.0,0.0
2025-02-11 00:00:00-05:00,210.0,211.30099487304688,207.05999755859375,209.24000549316406,1682400,0.0,0.0
2025-02-12 00:00:00-05:00,206.77000427246094,211.3699951171875,204.63999938964844,211.13999938964844,1368100,0.0,0.0
2025-02-13 00:00:00-05:00,212.58999633789062,215.0,207.6300048828125,214.83999633789062,2100700,0.0,0.0
2025-02-14 00:00:00-05:00,214.5,215.0,210.27000427246094,212.6999969482422,1761900,0.0,0.0
2025-02-18 00:00:00-05:00,213.25999450683594,217.10000610351562,210.72000122070312,216.8699951171875,1924500,0.0,0.0
2025-02-19 00:00:00-05:00,214.77000427246094,215.88999938964844,210.31500244140625,214.6699981689453,1613900,0.0,0.0
2025-02-20 00:00:00-05:00,212.6999969482422,212.97000122070312,201.33700561523438,206.97000122070312,2558500,0.0,0.0
2025-02-21 00:00:00-05:00,207.3000030517578,207.3000030517578,196.9499969482422,198.55999755859375,1989600,0.0,0.0
2025-02-24 00:00:00-05:00,200.08999633789062,200.97999572753906,190.7550048828125,197.0500030517578,1312000,0.0,0.0
2025-02-25 00:00:00-05:00,194.5399932861328,195.61000061035156,189.02000427246094,193.0399932861328,1491400,0.0,0.0
2025-02-26 00:00:00-05:00,194.8000030517578,198.1999969482422,194.3350067138672,195.82000732421875,1018600,0.0,0.0
2025-02-27 00:00:00-05:00,197.8000030517578,199.99000549316406,191.6699981689453,192.02999877929688,1188200,0.0,0.0
2025-02-28 00:00:00-05:00,191.72999572753906,196.50900268554688,191.0,196.22999572753906,2542800,0.0,0.0
2025-03-03 00:00:00-05:00,198.39999389648438,199.6999969482422,187.39999389648438,188.7899932861328,1812800,0.0,0.0
2025-03-04 00:00:00-05:00,187.14999389648438,196.75399780273438,183.8350067138672,193.82000732421875,2558600,0.0,0.0
2025-03-05 00:00:00-05:00,191.4199981689453,197.30999755859375,189.55999755859375,196.4499969482422,3504700,0.0,0.0
2025-03-06 00:00:00-05:00,200.7100067138672,211.22000122070312,199.1199951171875,202.16000366210938,6523500,0.0,0.0
2025-03-07 00:00:00-05:00,204.9250030517578,209.13999938964844,198.0,208.75999450683594,4346500,0.0,0.0
2025-03-10 00:00:00-04:00,203.47000122070312,204.60000610351562,192.74000549316406,194.69000244140625,3057300,0.0,0.0
2025-03-11 00:00:00-04:00,196.40499877929688,204.4149932861328,195.1999969482422,199.36000061035156,2431700,0.0,0.0
2025-03-12 00:00:00-04:00,202.94000244140625,203.97000122070312,195.16000366210938,197.7899932861328,2217000,0.0,0.0
2025-03-13 00:00:00-04:00,196.17999267578125,196.4949951171875,186.6699981689453,189.5800018310547,2491900,0.0,0.0
2025-03-14 00:00:00-04:00,192.77000427246094,198.0,192.0,197.80999755859375,1581000,0.0,0.0
2025-03-17 00:00:00-04:00,197.7100067138672,204.4600067138672,196.66000366210938,202.64999389648438,1850800,0.0,0.0
2025-03-18 00:00:00-04:00,199.6999969482422,202.927001953125,196.75,201.58999633789062,1611400,0.0,0.0
2025-03-19 00:00:00-04:00,199.5659942626953,206.6699981689453,199.5659942626953,203.9499969482422,1925100,0.0,0.0
2025-03-20 00:00:00-04:00,202.61000061035156,205.38999938964844,200.89999389648438,203.5500030517578,952300,0.0,0.0
2025-03-21 00:00:00-04:00,200.52999877929688,206.5,197.22999572753906,205.1999969482422,1826400,0.0,0.0
2025-03-24 00:00:00-04:00,208.0,210.17999267578125,206.60000610351562,209.8699951171875,1573800,0.0,0.0
2025-03-25 00:00:00-04:00,211.67999267578125,216.38999938964844,211.1999969482422,215.72999572753906,2311600,0.0,0.0
2025-03-26 00:00:00-04:00,215.25,216.0,209.6300048828125,211.5500030517578,1675700,0.0,0.0
2025-03-27 00:00:00-04:00,210.35000610351562,212.0,205.1199951171875,209.4499969482422,1624800,0.0,0.0
2025-03-28 00:00:00-04:00,208.52000427246094,209.88299560546875,203.50399780273438,207.13999938964844,2428400,0.0,0.0
2025-03-31 00:00:00-04:00,202.32000732421875,203.4949951171875,192.20599365234375,198.4199981689453,3491000,0.0,0.0
2025-04-01 00:00:00-04:00,200.0,201.6699981689453,195.7169952392578,201.07000732421875,1911000,0.0,0.0
2025-04-02 00:00:00-04:00,198.0399932861328,208.16000366210938,198.0,207.0399932861328,1717400,0.0,0.0
2025-04-03 00:00:00-04:00,202.82000732421875,202.82000732421875,188.66000366210938,192.2100067138672,3898100,0.0,0.0
2025-04-04 00:00:00-04:00,184.57000732421875,186.33999633789062,172.85000610351562,174.6699981689453,5710500,0.0,0.0
2025-04-07 00:00:00-04:00,166.8800048828125,186.23500061035156,164.77999877929688,180.05499267578125,5738300,0.0,0.0
2025-04-08 00:00:00-04:00,186.5800018310547,189.21499633789062,174.7899932861328,177.0399932861328,2975300,0.0,0.0
2025-04-09 00:00:00-04:00,177.75,203.16000366210938,177.27499389648438,202.1199951171875,4509500,0.0,0.0
2025-04-10 00:00:00-04:00,195.6300048828125,198.8300018310547,189.26800537109375,195.36000061035156,3911100,0.0,0.0
2025-04-11 00:00:00-04:00,195.1750030517578,199.13999938964844,190.75999450683594,198.0800018310547,2313800,0.0,0.0
2025-04-14 00:00:00-04:00,202.0,202.47500610351562,196.2899932861328,199.44000244140625,1745900,0.0,0.0
2025-04-15 00:00:00-04:00,199.67999267578125,205.0,199.27499389648438,204.63999938964844,1771200,0.0,0.0
2025-04-16 00:00:00-04:00,203.1199951171875,206.7949981689453,199.39999389648438,202.8699951171875,1664800,0.0,0.0
2025-04-17 00:00:00-04:00,202.8699951171875,203.0,199.10000610351562,201.08999633789062,1785100,0.0,0.0
2025-04-21 00:00:00-04:00,198.8800048828125,199.2899932861328,191.4600067138672,193.6999969482422,1581700,0.0,0.0
2025-04-22 00:00:00-04:00,196.9499969482422,198.6929931640625,194.35000610351562,196.52000427246094,1445700,0.0,0.0
2025-04-23 00:00:00-04:00,202.0,207.22999572753906,199.52999877929688,200.58999633789062,2186000,0.0,0.0
2025-04-24 00:00:00-04:00,202.24000549316406,212.35499572753906,201.69700622558594,210.13999938964844,2642900,0.0,0.0
2025-04-25 00:00:00-04:00,209.89999389648438,217.14999389648438,209.375,215.5800018310547,2885000,0.0,0.0
2025-04-28 00:00:00-04:00,219.33999633789062,221.5,216.42999267578125,219.86000061035156,2910800,0.0,0.0
2025-04-29 00:00:00-04:00,220.74000549316406,224.6999969482422,219.8800048828125,223.85000610351562,2386600,0.0,0.0
2025-04-30 00:00:00-04:00,218.9199981689453,226.60000610351562,217.75999450683594,226.1699981689453,2247000,0.0,0.0
2025-05-01 00:00:00-04:00,228.5,230.7899932861328,226.5449981689453,227.05999755859375,3165000,0.0,0.0
2025-05-02 00:00:00-04:00,230.9199981689453,231.92999267578125,228.8300018310547,230.47000122070312,1748100,0.0,0.0
2025-05-05 00:00:00-04:00,228.66000366210938,235.6699981689453,227.94000244140625,232.97999572753906,2214500,0.0,0.0
2025-05-06 00:00:00-04:00,229.60000610351562,235.0,228.67999267578125,233.10000610351562,1992700,0.0,0.0
2025-05-07 00:00:00-04:00,232.5,235.0,230.0500030517578,233.5399932861328,1657500,0.0,0.0
2025-05-08 00:00:00-04:00,233.94000244140625,234.5399932861328,230.64500427246094,233.14999389648438,2185300,0.0,0.0
2025-05-09 00:00:00-04:00,233.33999633789062,235.0,227.69000244140625,233.05999755859375,2579600,0.0,0.0
2025-05-12 00:00:00-04:00,237.25999450683594,241.74000549316406,236.6199951171875,241.47999572753906,2553400,0.0,0.0
2025-05-13 00:00:00-04:00,240.02000427246094,247.27999877929688,240.02000427246094,245.0,2870700,0.0,0.0
2025-05-14 00:00:00-04:00,244.22000122070312,247.0,243.47000122070312,244.4499969482422,2692900,0.0,0.0
2025-05-15 00:00:00-04:00,243.42999267578125,246.5,241.5800018310547,245.9199981689453,3097700,0.0,0.0
2025-05-16 00:00:00-04:00,247.77000427246094,253.58999633789062,246.67999267578125,251.5,3083700,0.0,0.0
2025-05-19 00:00:00-04:00,248.47999572753906,253.72000122070312,247.3000030517578,252.57000732421875,2046900,0.0,0.0
2025-05-20 00:00:00-04:00,250.7899932861328,252.27999877929688,248.9499969482422,251.9499969482422,1985100,0.0,0.0
2025-05-21 00:00:00-04:00,249.60499572753906,253.94000244140625,247.7100067138672,248.72000122070312,2566700,0.0,0.0
2025-05-22 00:00:00-04:00,249.10000610351562,254.58999633789062,247.6999969482422,252.82000732421875,2172700,0.0,0.0
2025-05-23 00:00:00-04:00,248.80499267578125,255.86729431152344,248.61000061035156,255.33999633789062,1260884,0.0,0.0
